[2026-06-05 13:59:44] local.ERROR: Target class [files] does not exist. {"exception":"[object] (Illuminate\\Contracts\\Container\\BindingResolutionException(code: 0): Target class [files] does not exist. at C:/Users/ASUS/Downloads/docker-setup/wms-project/backend/vendor/laravel/framework/src/Illuminate/Container/Container.php:961)
[stacktrace]
#0 C:/Users/ASUS/Downloads/docker-setup/wms-project/backend/vendor/laravel/framework/src/Illuminate/Container/Container.php(832): Illuminate/Container/Container->build('files')
#1 C:/Users/ASUS/Downloads/docker-setup/wms-project/backend/vendor/laravel/framework/src/Illuminate/Foundation/Application.php(1078): Illuminate/Container/Container->resolve('files', Array, true)
#2 C:/Users/ASUS/Downloads/docker-setup/wms-project/backend/vendor/laravel/framework/src/Illuminate/Container/Container.php(763): Illuminate/Foundation/Application->resolve('files', Array)
#3 C:/Users/ASUS/Downloads/docker-setup/wms-project/backend/vendor/laravel/framework/src/Illuminate/Foundation/Application.php(1058): Illuminate/Container/Container->make('files', Array)
#4 C:/Users/ASUS/Downloads/docker-setup/wms-project/backend/vendor/laravel/framework/src/Illuminate/Container/Container.php(1580): Illuminate/Foundation/Application->make('files')
#5 C:/Users/ASUS/Downloads/docker-setup/wms-project/backend/vendor/laravel/framework/src/Illuminate/Foundation/Application.php(1325): Illuminate/Container/Container->offsetGet('files')
#6 C:/Users/ASUS/Downloads/docker-setup/wms-project/backend/vendor/laravel/sanctum/src/SanctumServiceProvider.php(68): Illuminate/Foundation/Application->routesAreCached()
#7 C:/Users/ASUS/Downloads/docker-setup/wms-project/backend/vendor/laravel/sanctum/src/SanctumServiceProvider.php(56): Laravel/Sanctum/SanctumServiceProvider->defineRoutes()
#8 C:/Users/ASUS/Downloads/docker-setup/wms-project/backend/vendor/laravel/framework/src/Illuminate/Container/BoundMethod.php(36): Laravel/Sanctum/SanctumServiceProvider->boot()
#9 C:/Users/ASUS/Downloads/docker-setup/wms-project/backend/vendor/laravel/framework/src/Illuminate/Container/Util.php(43): Illuminate/Container/BoundMethod::Illuminate/Container/{closure}()
#10 C:/Users/ASUS/Downloads/docker-setup/wms-project/backend/vendor/laravel/framework/src/Illuminate/Container/BoundMethod.php(95): Illuminate/Container/Util::unwrapIfClosure(Object(Closure))
#11 C:/Users/ASUS/Downloads/docker-setup/wms-project/backend/vendor/laravel/framework/src/Illuminate/Container/BoundMethod.php(35): Illuminate/Container/BoundMethod::callBoundMethod(Object(Illuminate/Foundation/Application), Array, Object(Closure))
#12 C:/Users/ASUS/Downloads/docker-setup/wms-project/backend/vendor/laravel/framework/src/Illuminate/Container/Container.php(696): Illuminate/Container/BoundMethod::call(Object(Illuminate/Foundation/Application), Array, Array, NULL)
#13 C:/Users/ASUS/Downloads/docker-setup/wms-project/backend/vendor/laravel/framework/src/Illuminate/Foundation/Application.php(1151): Illuminate/Container/Container->call(Array)
#14 C:/Users/ASUS/Downloads/docker-setup/wms-project/backend/vendor/laravel/framework/src/Illuminate/Foundation/Application.php(1132): Illuminate/Foundation/Application->bootProvider(Object(Laravel/Sanctum/SanctumServiceProvider))
#15 [internal function]: Illuminate/Foundation/Application->Illuminate/Foundation/{closure}(Object(Laravel/Sanctum/SanctumServiceProvider), 'Laravel//Sanctum...')
#16 C:/Users/ASUS/Downloads/docker-setup/wms-project/backend/vendor/laravel/framework/src/Illuminate/Foundation/Application.php(1131): array_walk(Array, Object(Closure))
#17 C:/Users/ASUS/Downloads/docker-setup/wms-project/backend/vendor/laravel/framework/src/Illuminate/Foundation/Bootstrap/BootProviders.php(17): Illuminate/Foundation/Application->boot()
#18 C:/Users/ASUS/Downloads/docker-setup/wms-project/backend/vendor/laravel/framework/src/Illuminate/Foundation/Application.php(342): Illuminate/Foundation/Bootstrap/BootProviders->bootstrap(Object(Illuminate/Foundation/Application))
#19 C:/Users/ASUS/Downloads/docker-setup/wms-project/backend/vendor/laravel/framework/src/Illuminate/Foundation/Console/Kernel.php(474): Illuminate/Foundation/Application->bootstrapWith(Array)
#20 C:/Users/ASUS/Downloads/docker-setup/wms-project/backend/vendor/laravel/framework/src/Illuminate/Foundation/Console/Kernel.php(196): Illuminate/Foundation/Console/Kernel->bootstrap()
#21 C:/Users/ASUS/Downloads/docker-setup/wms-project/backend/artisan(12): Illuminate/Foundation/Console/Kernel->handle(Object(Symfony/Component/Console/Input/ArgvInput), Object(Symfony/Component/Console/Output/ConsoleOutput))
#22 {main}

[previous exception] [object] (ReflectionException(code: -1): Class \"files\" does not exist at C:/Users/ASUS/Downloads/docker-setup/wms-project/backend/vendor/laravel/framework/src/Illuminate/Container/Container.php:959)
[stacktrace]
#0 C:/Users/ASUS/Downloads/docker-setup/wms-project/backend/vendor/laravel/framework/src/Illuminate/Container/Container.php(959): ReflectionClass->__construct('files')
#1 C:/Users/ASUS/Downloads/docker-setup/wms-project/backend/vendor/laravel/framework/src/Illuminate/Container/Container.php(832): Illuminate/Container/Container->build('files')
#2 C:/Users/ASUS/Downloads/docker-setup/wms-project/backend/vendor/laravel/framework/src/Illuminate/Foundation/Application.php(1078): Illuminate/Container/Container->resolve('files', Array, true)
#3 C:/Users/ASUS/Downloads/docker-setup/wms-project/backend/vendor/laravel/framework/src/Illuminate/Container/Container.php(763): Illuminate/Foundation/Application->resolve('files', Array)
#4 C:/Users/ASUS/Downloads/docker-setup/wms-project/backend/vendor/laravel/framework/src/Illuminate/Foundation/Application.php(1058): Illuminate/Container/Container->make('files', Array)
#5 C:/Users/ASUS/Downloads/docker-setup/wms-project/backend/vendor/laravel/framework/src/Illuminate/Container/Container.php(1580): Illuminate/Foundation/Application->make('files')
#6 C:/Users/ASUS/Downloads/docker-setup/wms-project/backend/vendor/laravel/framework/src/Illuminate/Foundation/Application.php(1325): Illuminate/Container/Container->offsetGet('files')
#7 C:/Users/ASUS/Downloads/docker-setup/wms-project/backend/vendor/laravel/sanctum/src/SanctumServiceProvider.php(68): Illuminate/Foundation/Application->routesAreCached()
#8 C:/Users/ASUS/Downloads/docker-setup/wms-project/backend/vendor/laravel/sanctum/src/SanctumServiceProvider.php(56): Laravel/Sanctum/SanctumServiceProvider->defineRoutes()
#9 C:/Users/ASUS/Downloads/docker-setup/wms-project/backend/vendor/laravel/framework/src/Illuminate/Container/BoundMethod.php(36): Laravel/Sanctum/SanctumServiceProvider->boot()
#10 C:/Users/ASUS/Downloads/docker-setup/wms-project/backend/vendor/laravel/framework/src/Illuminate/Container/Util.php(43): Illuminate/Container/BoundMethod::Illuminate/Container/{closure}()
#11 C:/Users/ASUS/Downloads/docker-setup/wms-project/backend/vendor/laravel/framework/src/Illuminate/Container/BoundMethod.php(95): Illuminate/Container/Util::unwrapIfClosure(Object(Closure))
#12 C:/Users/ASUS/Downloads/docker-setup/wms-project/backend/vendor/laravel/framework/src/Illuminate/Container/BoundMethod.php(35): Illuminate/Container/BoundMethod::callBoundMethod(Object(Illuminate/Foundation/Application), Array, Object(Closure))
#13 C:/Users/ASUS/Downloads/docker-setup/wms-project/backend/vendor/laravel/framework/src/Illuminate/Container/Container.php(696): Illuminate/Container/BoundMethod::call(Object(Illuminate/Foundation/Application), Array, Array, NULL)
#14 C:/Users/ASUS/Downloads/docker-setup/wms-project/backend/vendor/laravel/framework/src/Illuminate/Foundation/Application.php(1151): Illuminate/Container/Container->call(Array)
#15 C:/Users/ASUS/Downloads/docker-setup/wms-project/backend/vendor/laravel/framework/src/Illuminate/Foundation/Application.php(1132): Illuminate/Foundation/Application->bootProvider(Object(Laravel/Sanctum/SanctumServiceProvider))
#16 [internal function]: Illuminate/Foundation/Application->Illuminate/Foundation/{closure}(Object(Laravel/Sanctum/SanctumServiceProvider), 'Laravel//Sanctum...')
#17 C:/Users/ASUS/Downloads/docker-setup/wms-project/backend/vendor/laravel/framework/src/Illuminate/Foundation/Application.php(1131): array_walk(Array, Object(Closure))
#18 C:/Users/ASUS/Downloads/docker-setup/wms-project/backend/vendor/laravel/framework/src/Illuminate/Foundation/Bootstrap/BootProviders.php(17): Illuminate/Foundation/Application->boot()
#19 C:/Users/ASUS/Downloads/docker-setup/wms-project/backend/vendor/laravel/framework/src/Illuminate/Foundation/Application.php(342): Illuminate/Foundation/Bootstrap/BootProviders->bootstrap(Object(Illuminate/Foundation/Application))
#20 C:/Users/ASUS/Downloads/docker-setup/wms-project/backend/vendor/laravel/framework/src/Illuminate/Foundation/Console/Kernel.php(474): Illuminate/Foundation/Application->bootstrapWith(Array)
#21 C:/Users/ASUS/Downloads/docker-setup/wms-project/backend/vendor/laravel/framework/src/Illuminate/Foundation/Console/Kernel.php(196): Illuminate/Foundation/Console/Kernel->bootstrap()
#22 C:/Users/ASUS/Downloads/docker-setup/wms-project/backend/artisan(12): Illuminate/Foundation/Console/Kernel->handle(Object(Symfony/Component/Console/Input/ArgvInput), Object(Symfony/Component/Console/Output/ConsoleOutput))
#23 {main}
"} 
[2026-06-05 14:00:33] local.ERROR: Target class [files] does not exist. {"exception":"[object] (Illuminate\\Contracts\\Container\\BindingResolutionException(code: 0): Target class [files] does not exist. at C:/Users/ASUS/Downloads/docker-setup/wms-project/backend/vendor/laravel/framework/src/Illuminate/Container/Container.php:961)
[stacktrace]
#0 C:/Users/ASUS/Downloads/docker-setup/wms-project/backend/vendor/laravel/framework/src/Illuminate/Container/Container.php(832): Illuminate/Container/Container->build('files')
#1 C:/Users/ASUS/Downloads/docker-setup/wms-project/backend/vendor/laravel/framework/src/Illuminate/Foundation/Application.php(1078): Illuminate/Container/Container->resolve('files', Array, true)
#2 C:/Users/ASUS/Downloads/docker-setup/wms-project/backend/vendor/laravel/framework/src/Illuminate/Container/Container.php(763): Illuminate/Foundation/Application->resolve('files', Array)
#3 C:/Users/ASUS/Downloads/docker-setup/wms-project/backend/vendor/laravel/framework/src/Illuminate/Foundation/Application.php(1058): Illuminate/Container/Container->make('files', Array)
#4 C:/Users/ASUS/Downloads/docker-setup/wms-project/backend/vendor/laravel/framework/src/Illuminate/Container/Container.php(1580): Illuminate/Foundation/Application->make('files')
#5 C:/Users/ASUS/Downloads/docker-setup/wms-project/backend/vendor/laravel/framework/src/Illuminate/Foundation/Application.php(1325): Illuminate/Container/Container->offsetGet('files')
#6 C:/Users/ASUS/Downloads/docker-setup/wms-project/backend/vendor/laravel/sanctum/src/SanctumServiceProvider.php(68): Illuminate/Foundation/Application->routesAreCached()
#7 C:/Users/ASUS/Downloads/docker-setup/wms-project/backend/vendor/laravel/sanctum/src/SanctumServiceProvider.php(56): Laravel/Sanctum/SanctumServiceProvider->defineRoutes()
#8 C:/Users/ASUS/Downloads/docker-setup/wms-project/backend/vendor/laravel/framework/src/Illuminate/Container/BoundMethod.php(36): Laravel/Sanctum/SanctumServiceProvider->boot()
#9 C:/Users/ASUS/Downloads/docker-setup/wms-project/backend/vendor/laravel/framework/src/Illuminate/Container/Util.php(43): Illuminate/Container/BoundMethod::Illuminate/Container/{closure}()
#10 C:/Users/ASUS/Downloads/docker-setup/wms-project/backend/vendor/laravel/framework/src/Illuminate/Container/BoundMethod.php(95): Illuminate/Container/Util::unwrapIfClosure(Object(Closure))
#11 C:/Users/ASUS/Downloads/docker-setup/wms-project/backend/vendor/laravel/framework/src/Illuminate/Container/BoundMethod.php(35): Illuminate/Container/BoundMethod::callBoundMethod(Object(Illuminate/Foundation/Application), Array, Object(Closure))
#12 C:/Users/ASUS/Downloads/docker-setup/wms-project/backend/vendor/laravel/framework/src/Illuminate/Container/Container.php(696): Illuminate/Container/BoundMethod::call(Object(Illuminate/Foundation/Application), Array, Array, NULL)
#13 C:/Users/ASUS/Downloads/docker-setup/wms-project/backend/vendor/laravel/framework/src/Illuminate/Foundation/Application.php(1151): Illuminate/Container/Container->call(Array)
#14 C:/Users/ASUS/Downloads/docker-setup/wms-project/backend/vendor/laravel/framework/src/Illuminate/Foundation/Application.php(1132): Illuminate/Foundation/Application->bootProvider(Object(Laravel/Sanctum/SanctumServiceProvider))
#15 [internal function]: Illuminate/Foundation/Application->Illuminate/Foundation/{closure}(Object(Laravel/Sanctum/SanctumServiceProvider), 'Laravel//Sanctum...')
#16 C:/Users/ASUS/Downloads/docker-setup/wms-project/backend/vendor/laravel/framework/src/Illuminate/Foundation/Application.php(1131): array_walk(Array, Object(Closure))
#17 C:/Users/ASUS/Downloads/docker-setup/wms-project/backend/vendor/laravel/framework/src/Illuminate/Foundation/Bootstrap/BootProviders.php(17): Illuminate/Foundation/Application->boot()
#18 C:/Users/ASUS/Downloads/docker-setup/wms-project/backend/vendor/laravel/framework/src/Illuminate/Foundation/Application.php(342): Illuminate/Foundation/Bootstrap/BootProviders->bootstrap(Object(Illuminate/Foundation/Application))
#19 C:/Users/ASUS/Downloads/docker-setup/wms-project/backend/vendor/laravel/framework/src/Illuminate/Foundation/Console/Kernel.php(474): Illuminate/Foundation/Application->bootstrapWith(Array)
#20 C:/Users/ASUS/Downloads/docker-setup/wms-project/backend/vendor/laravel/framework/src/Illuminate/Foundation/Console/Kernel.php(196): Illuminate/Foundation/Console/Kernel->bootstrap()
#21 C:/Users/ASUS/Downloads/docker-setup/wms-project/backend/artisan(12): Illuminate/Foundation/Console/Kernel->handle(Object(Symfony/Component/Console/Input/ArgvInput), Object(Symfony/Component/Console/Output/ConsoleOutput))
#22 {main}

[previous exception] [object] (ReflectionException(code: -1): Class \"files\" does not exist at C:/Users/ASUS/Downloads/docker-setup/wms-project/backend/vendor/laravel/framework/src/Illuminate/Container/Container.php:959)
[stacktrace]
#0 C:/Users/ASUS/Downloads/docker-setup/wms-project/backend/vendor/laravel/framework/src/Illuminate/Container/Container.php(959): ReflectionClass->__construct('files')
#1 C:/Users/ASUS/Downloads/docker-setup/wms-project/backend/vendor/laravel/framework/src/Illuminate/Container/Container.php(832): Illuminate/Container/Container->build('files')
#2 C:/Users/ASUS/Downloads/docker-setup/wms-project/backend/vendor/laravel/framework/src/Illuminate/Foundation/Application.php(1078): Illuminate/Container/Container->resolve('files', Array, true)
#3 C:/Users/ASUS/Downloads/docker-setup/wms-project/backend/vendor/laravel/framework/src/Illuminate/Container/Container.php(763): Illuminate/Foundation/Application->resolve('files', Array)
#4 C:/Users/ASUS/Downloads/docker-setup/wms-project/backend/vendor/laravel/framework/src/Illuminate/Foundation/Application.php(1058): Illuminate/Container/Container->make('files', Array)
#5 C:/Users/ASUS/Downloads/docker-setup/wms-project/backend/vendor/laravel/framework/src/Illuminate/Container/Container.php(1580): Illuminate/Foundation/Application->make('files')
#6 C:/Users/ASUS/Downloads/docker-setup/wms-project/backend/vendor/laravel/framework/src/Illuminate/Foundation/Application.php(1325): Illuminate/Container/Container->offsetGet('files')
#7 C:/Users/ASUS/Downloads/docker-setup/wms-project/backend/vendor/laravel/sanctum/src/SanctumServiceProvider.php(68): Illuminate/Foundation/Application->routesAreCached()
#8 C:/Users/ASUS/Downloads/docker-setup/wms-project/backend/vendor/laravel/sanctum/src/SanctumServiceProvider.php(56): Laravel/Sanctum/SanctumServiceProvider->defineRoutes()
#9 C:/Users/ASUS/Downloads/docker-setup/wms-project/backend/vendor/laravel/framework/src/Illuminate/Container/BoundMethod.php(36): Laravel/Sanctum/SanctumServiceProvider->boot()
#10 C:/Users/ASUS/Downloads/docker-setup/wms-project/backend/vendor/laravel/framework/src/Illuminate/Container/Util.php(43): Illuminate/Container/BoundMethod::Illuminate/Container/{closure}()
#11 C:/Users/ASUS/Downloads/docker-setup/wms-project/backend/vendor/laravel/framework/src/Illuminate/Container/BoundMethod.php(95): Illuminate/Container/Util::unwrapIfClosure(Object(Closure))
#12 C:/Users/ASUS/Downloads/docker-setup/wms-project/backend/vendor/laravel/framework/src/Illuminate/Container/BoundMethod.php(35): Illuminate/Container/BoundMethod::callBoundMethod(Object(Illuminate/Foundation/Application), Array, Object(Closure))
#13 C:/Users/ASUS/Downloads/docker-setup/wms-project/backend/vendor/laravel/framework/src/Illuminate/Container/Container.php(696): Illuminate/Container/BoundMethod::call(Object(Illuminate/Foundation/Application), Array, Array, NULL)
#14 C:/Users/ASUS/Downloads/docker-setup/wms-project/backend/vendor/laravel/framework/src/Illuminate/Foundation/Application.php(1151): Illuminate/Container/Container->call(Array)
#15 C:/Users/ASUS/Downloads/docker-setup/wms-project/backend/vendor/laravel/framework/src/Illuminate/Foundation/Application.php(1132): Illuminate/Foundation/Application->bootProvider(Object(Laravel/Sanctum/SanctumServiceProvider))
#16 [internal function]: Illuminate/Foundation/Application->Illuminate/Foundation/{closure}(Object(Laravel/Sanctum/SanctumServiceProvider), 'Laravel//Sanctum...')
#17 C:/Users/ASUS/Downloads/docker-setup/wms-project/backend/vendor/laravel/framework/src/Illuminate/Foundation/Application.php(1131): array_walk(Array, Object(Closure))
#18 C:/Users/ASUS/Downloads/docker-setup/wms-project/backend/vendor/laravel/framework/src/Illuminate/Foundation/Bootstrap/BootProviders.php(17): Illuminate/Foundation/Application->boot()
#19 C:/Users/ASUS/Downloads/docker-setup/wms-project/backend/vendor/laravel/framework/src/Illuminate/Foundation/Application.php(342): Illuminate/Foundation/Bootstrap/BootProviders->bootstrap(Object(Illuminate/Foundation/Application))
#20 C:/Users/ASUS/Downloads/docker-setup/wms-project/backend/vendor/laravel/framework/src/Illuminate/Foundation/Console/Kernel.php(474): Illuminate/Foundation/Application->bootstrapWith(Array)
#21 C:/Users/ASUS/Downloads/docker-setup/wms-project/backend/vendor/laravel/framework/src/Illuminate/Foundation/Console/Kernel.php(196): Illuminate/Foundation/Console/Kernel->bootstrap()
#22 C:/Users/ASUS/Downloads/docker-setup/wms-project/backend/artisan(12): Illuminate/Foundation/Console/Kernel->handle(Object(Symfony/Component/Console/Input/ArgvInput), Object(Symfony/Component/Console/Output/ConsoleOutput))
#23 {main}
"} 
[2026-06-05 14:02:35] local.ERROR: There are no commands defined in the "package" namespace. {"exception":"[object] (Symfony\\Component\\Console\\Exception\\NamespaceNotFoundException(code: 0): There are no commands defined in the \"package\" namespace. at C:/Users/ASUS/Downloads/docker-setup/wms-project/backend/vendor/symfony/console/Application.php:694)
[stacktrace]
#0 C:/Users/ASUS/Downloads/docker-setup/wms-project/backend/vendor/symfony/console/Application.php(743): Symfony/Component/Console/Application->findNamespace('package')
#1 C:/Users/ASUS/Downloads/docker-setup/wms-project/backend/vendor/symfony/console/Application.php(298): Symfony/Component/Console/Application->find('package:discove...')
#2 C:/Users/ASUS/Downloads/docker-setup/wms-project/backend/vendor/symfony/console/Application.php(195): Symfony/Component/Console/Application->doRun(Object(Symfony/Component/Console/Input/ArgvInput), Object(Symfony/Component/Console/Output/ConsoleOutput))
#3 C:/Users/ASUS/Downloads/docker-setup/wms-project/backend/vendor/laravel/framework/src/Illuminate/Foundation/Console/Kernel.php(198): Symfony/Component/Console/Application->run(Object(Symfony/Component/Console/Input/ArgvInput), Object(Symfony/Component/Console/Output/ConsoleOutput))
#4 C:/Users/ASUS/Downloads/docker-setup/wms-project/backend/artisan(12): Illuminate/Foundation/Console/Kernel->handle(Object(Symfony/Component/Console/Input/ArgvInput), Object(Symfony/Component/Console/Output/ConsoleOutput))
#5 {main}
"} 
[2026-06-06 00:56:55] local.ERROR: There are no commands defined in the "package" namespace. {"exception":"[object] (Symfony\\Component\\Console\\Exception\\NamespaceNotFoundException(code: 0): There are no commands defined in the \"package\" namespace. at C:/Users/ASUS/Downloads/docker-setup/wms-project/backend/vendor/symfony/console/Application.php:694)
[stacktrace]
#0 C:/Users/ASUS/Downloads/docker-setup/wms-project/backend/vendor/symfony/console/Application.php(743): Symfony/Component/Console/Application->findNamespace('package')
#1 C:/Users/ASUS/Downloads/docker-setup/wms-project/backend/vendor/symfony/console/Application.php(298): Symfony/Component/Console/Application->find('package:discove...')
#2 C:/Users/ASUS/Downloads/docker-setup/wms-project/backend/vendor/symfony/console/Application.php(195): Symfony/Component/Console/Application->doRun(Object(Symfony/Component/Console/Input/ArgvInput), Object(Symfony/Component/Console/Output/ConsoleOutput))
#3 C:/Users/ASUS/Downloads/docker-setup/wms-project/backend/vendor/laravel/framework/src/Illuminate/Foundation/Console/Kernel.php(198): Symfony/Component/Console/Application->run(Object(Symfony/Component/Console/Input/ArgvInput), Object(Symfony/Component/Console/Output/ConsoleOutput))
#4 C:/Users/ASUS/Downloads/docker-setup/wms-project/backend/artisan(12): Illuminate/Foundation/Console/Kernel->handle(Object(Symfony/Component/Console/Input/ArgvInput), Object(Symfony/Component/Console/Output/ConsoleOutput))
#5 {main}
"} 
[2026-06-06 00:58:16] local.ERROR: There are no commands defined in the "package" namespace. {"exception":"[object] (Symfony\\Component\\Console\\Exception\\NamespaceNotFoundException(code: 0): There are no commands defined in the \"package\" namespace. at C:/Users/ASUS/Downloads/docker-setup/wms-project/backend/vendor/symfony/console/Application.php:694)
[stacktrace]
#0 C:/Users/ASUS/Downloads/docker-setup/wms-project/backend/vendor/symfony/console/Application.php(743): Symfony/Component/Console/Application->findNamespace('package')
#1 C:/Users/ASUS/Downloads/docker-setup/wms-project/backend/vendor/symfony/console/Application.php(298): Symfony/Component/Console/Application->find('package:discove...')
#2 C:/Users/ASUS/Downloads/docker-setup/wms-project/backend/vendor/symfony/console/Application.php(195): Symfony/Component/Console/Application->doRun(Object(Symfony/Component/Console/Input/ArgvInput), Object(Symfony/Component/Console/Output/ConsoleOutput))
#3 C:/Users/ASUS/Downloads/docker-setup/wms-project/backend/vendor/laravel/framework/src/Illuminate/Foundation/Console/Kernel.php(198): Symfony/Component/Console/Application->run(Object(Symfony/Component/Console/Input/ArgvInput), Object(Symfony/Component/Console/Output/ConsoleOutput))
#4 C:/Users/ASUS/Downloads/docker-setup/wms-project/backend/artisan(12): Illuminate/Foundation/Console/Kernel->handle(Object(Symfony/Component/Console/Input/ArgvInput), Object(Symfony/Component/Console/Output/ConsoleOutput))
#5 {main}
"} 
[2026-06-06 01:14:01] local.ERROR: Unable to detect application namespace. {"exception":"[object] (RuntimeException(code: 0): Unable to detect application namespace. at /var/www/vendor/laravel/framework/src/Illuminate/Foundation/Application.php:1717)
[stacktrace]
#0 /var/www/vendor/laravel/framework/src/Illuminate/Foundation/Console/Kernel.php(368): Illuminate\\Foundation\\Application->getNamespace()
#1 /var/www/vendor/laravel/framework/src/Illuminate/Foundation/Console/Kernel.php(498): Illuminate\\Foundation\\Console\\Kernel->load(Array)
#2 /var/www/vendor/laravel/framework/src/Illuminate/Foundation/Console/Kernel.php(483): Illuminate\\Foundation\\Console\\Kernel->discoverCommands()
#3 /var/www/vendor/laravel/framework/src/Illuminate/Foundation/Console/Kernel.php(196): Illuminate\\Foundation\\Console\\Kernel->bootstrap()
#4 /var/www/vendor/laravel/framework/src/Illuminate/Foundation/Application.php(1235): Illuminate\\Foundation\\Console\\Kernel->handle(Object(Symfony\\Component\\Console\\Input\\ArgvInput), Object(Symfony\\Component\\Console\\Output\\ConsoleOutput))
#5 /var/www/artisan(13): Illuminate\\Foundation\\Application->handleCommand(Object(Symfony\\Component\\Console\\Input\\ArgvInput))
#6 {main}
"} 
[2026-06-06 01:14:07] local.ERROR: Unable to detect application namespace. {"exception":"[object] (RuntimeException(code: 0): Unable to detect application namespace. at /var/www/vendor/laravel/framework/src/Illuminate/Foundation/Application.php:1717)
[stacktrace]
#0 /var/www/vendor/laravel/framework/src/Illuminate/Foundation/Console/Kernel.php(368): Illuminate\\Foundation\\Application->getNamespace()
#1 /var/www/vendor/laravel/framework/src/Illuminate/Foundation/Console/Kernel.php(498): Illuminate\\Foundation\\Console\\Kernel->load(Array)
#2 /var/www/vendor/laravel/framework/src/Illuminate/Foundation/Console/Kernel.php(483): Illuminate\\Foundation\\Console\\Kernel->discoverCommands()
#3 /var/www/vendor/laravel/framework/src/Illuminate/Foundation/Console/Kernel.php(196): Illuminate\\Foundation\\Console\\Kernel->bootstrap()
#4 /var/www/vendor/laravel/framework/src/Illuminate/Foundation/Application.php(1235): Illuminate\\Foundation\\Console\\Kernel->handle(Object(Symfony\\Component\\Console\\Input\\ArgvInput), Object(Symfony\\Component\\Console\\Output\\ConsoleOutput))
#5 /var/www/artisan(13): Illuminate\\Foundation\\Application->handleCommand(Object(Symfony\\Component\\Console\\Input\\ArgvInput))
#6 {main}
"} 
[2026-06-06 01:14:13] local.ERROR: Unable to detect application namespace. {"exception":"[object] (RuntimeException(code: 0): Unable to detect application namespace. at /var/www/vendor/laravel/framework/src/Illuminate/Foundation/Application.php:1717)
[stacktrace]
#0 /var/www/vendor/laravel/framework/src/Illuminate/Foundation/Console/Kernel.php(368): Illuminate\\Foundation\\Application->getNamespace()
#1 /var/www/vendor/laravel/framework/src/Illuminate/Foundation/Console/Kernel.php(498): Illuminate\\Foundation\\Console\\Kernel->load(Array)
#2 /var/www/vendor/laravel/framework/src/Illuminate/Foundation/Console/Kernel.php(483): Illuminate\\Foundation\\Console\\Kernel->discoverCommands()
#3 /var/www/vendor/laravel/framework/src/Illuminate/Foundation/Console/Kernel.php(196): Illuminate\\Foundation\\Console\\Kernel->bootstrap()
#4 /var/www/vendor/laravel/framework/src/Illuminate/Foundation/Application.php(1235): Illuminate\\Foundation\\Console\\Kernel->handle(Object(Symfony\\Component\\Console\\Input\\ArgvInput), Object(Symfony\\Component\\Console\\Output\\ConsoleOutput))
#5 /var/www/artisan(13): Illuminate\\Foundation\\Application->handleCommand(Object(Symfony\\Component\\Console\\Input\\ArgvInput))
#6 {main}
"} 
[2026-06-06 01:14:18] local.ERROR: Unable to detect application namespace. {"exception":"[object] (RuntimeException(code: 0): Unable to detect application namespace. at /var/www/vendor/laravel/framework/src/Illuminate/Foundation/Application.php:1717)
[stacktrace]
#0 /var/www/vendor/laravel/framework/src/Illuminate/Foundation/Console/Kernel.php(368): Illuminate\\Foundation\\Application->getNamespace()
#1 /var/www/vendor/laravel/framework/src/Illuminate/Foundation/Console/Kernel.php(498): Illuminate\\Foundation\\Console\\Kernel->load(Array)
#2 /var/www/vendor/laravel/framework/src/Illuminate/Foundation/Console/Kernel.php(483): Illuminate\\Foundation\\Console\\Kernel->discoverCommands()
#3 /var/www/vendor/laravel/framework/src/Illuminate/Foundation/Console/Kernel.php(196): Illuminate\\Foundation\\Console\\Kernel->bootstrap()
#4 /var/www/vendor/laravel/framework/src/Illuminate/Foundation/Application.php(1235): Illuminate\\Foundation\\Console\\Kernel->handle(Object(Symfony\\Component\\Console\\Input\\ArgvInput), Object(Symfony\\Component\\Console\\Output\\ConsoleOutput))
#5 /var/www/artisan(13): Illuminate\\Foundation\\Application->handleCommand(Object(Symfony\\Component\\Console\\Input\\ArgvInput))
#6 {main}
"} 
[2026-06-06 01:14:24] local.ERROR: Unable to detect application namespace. {"exception":"[object] (RuntimeException(code: 0): Unable to detect application namespace. at /var/www/vendor/laravel/framework/src/Illuminate/Foundation/Application.php:1717)
[stacktrace]
#0 /var/www/vendor/laravel/framework/src/Illuminate/Foundation/Console/Kernel.php(368): Illuminate\\Foundation\\Application->getNamespace()
#1 /var/www/vendor/laravel/framework/src/Illuminate/Foundation/Console/Kernel.php(498): Illuminate\\Foundation\\Console\\Kernel->load(Array)
#2 /var/www/vendor/laravel/framework/src/Illuminate/Foundation/Console/Kernel.php(483): Illuminate\\Foundation\\Console\\Kernel->discoverCommands()
#3 /var/www/vendor/laravel/framework/src/Illuminate/Foundation/Console/Kernel.php(196): Illuminate\\Foundation\\Console\\Kernel->bootstrap()
#4 /var/www/vendor/laravel/framework/src/Illuminate/Foundation/Application.php(1235): Illuminate\\Foundation\\Console\\Kernel->handle(Object(Symfony\\Component\\Console\\Input\\ArgvInput), Object(Symfony\\Component\\Console\\Output\\ConsoleOutput))
#5 /var/www/artisan(13): Illuminate\\Foundation\\Application->handleCommand(Object(Symfony\\Component\\Console\\Input\\ArgvInput))
#6 {main}
"} 
[2026-06-06 01:14:33] local.ERROR: Unable to detect application namespace. {"exception":"[object] (RuntimeException(code: 0): Unable to detect application namespace. at /var/www/vendor/laravel/framework/src/Illuminate/Foundation/Application.php:1717)
[stacktrace]
#0 /var/www/vendor/laravel/framework/src/Illuminate/Foundation/Console/Kernel.php(368): Illuminate\\Foundation\\Application->getNamespace()
#1 /var/www/vendor/laravel/framework/src/Illuminate/Foundation/Console/Kernel.php(498): Illuminate\\Foundation\\Console\\Kernel->load(Array)
#2 /var/www/vendor/laravel/framework/src/Illuminate/Foundation/Console/Kernel.php(483): Illuminate\\Foundation\\Console\\Kernel->discoverCommands()
#3 /var/www/vendor/laravel/framework/src/Illuminate/Foundation/Console/Kernel.php(196): Illuminate\\Foundation\\Console\\Kernel->bootstrap()
#4 /var/www/vendor/laravel/framework/src/Illuminate/Foundation/Application.php(1235): Illuminate\\Foundation\\Console\\Kernel->handle(Object(Symfony\\Component\\Console\\Input\\ArgvInput), Object(Symfony\\Component\\Console\\Output\\ConsoleOutput))
#5 /var/www/artisan(13): Illuminate\\Foundation\\Application->handleCommand(Object(Symfony\\Component\\Console\\Input\\ArgvInput))
#6 {main}
"} 
[2026-06-06 01:14:44] local.ERROR: Unable to detect application namespace. {"exception":"[object] (RuntimeException(code: 0): Unable to detect application namespace. at /var/www/vendor/laravel/framework/src/Illuminate/Foundation/Application.php:1717)
[stacktrace]
#0 /var/www/vendor/laravel/framework/src/Illuminate/Foundation/Console/Kernel.php(368): Illuminate\\Foundation\\Application->getNamespace()
#1 /var/www/vendor/laravel/framework/src/Illuminate/Foundation/Console/Kernel.php(498): Illuminate\\Foundation\\Console\\Kernel->load(Array)
#2 /var/www/vendor/laravel/framework/src/Illuminate/Foundation/Console/Kernel.php(483): Illuminate\\Foundation\\Console\\Kernel->discoverCommands()
#3 /var/www/vendor/laravel/framework/src/Illuminate/Foundation/Console/Kernel.php(196): Illuminate\\Foundation\\Console\\Kernel->bootstrap()
#4 /var/www/vendor/laravel/framework/src/Illuminate/Foundation/Application.php(1235): Illuminate\\Foundation\\Console\\Kernel->handle(Object(Symfony\\Component\\Console\\Input\\ArgvInput), Object(Symfony\\Component\\Console\\Output\\ConsoleOutput))
#5 /var/www/artisan(13): Illuminate\\Foundation\\Application->handleCommand(Object(Symfony\\Component\\Console\\Input\\ArgvInput))
#6 {main}
"} 
[2026-06-06 01:14:57] local.ERROR: Unable to detect application namespace. {"exception":"[object] (RuntimeException(code: 0): Unable to detect application namespace. at /var/www/vendor/laravel/framework/src/Illuminate/Foundation/Application.php:1717)
[stacktrace]
#0 /var/www/vendor/laravel/framework/src/Illuminate/Foundation/Console/Kernel.php(368): Illuminate\\Foundation\\Application->getNamespace()
#1 /var/www/vendor/laravel/framework/src/Illuminate/Foundation/Console/Kernel.php(498): Illuminate\\Foundation\\Console\\Kernel->load(Array)
#2 /var/www/vendor/laravel/framework/src/Illuminate/Foundation/Console/Kernel.php(483): Illuminate\\Foundation\\Console\\Kernel->discoverCommands()
#3 /var/www/vendor/laravel/framework/src/Illuminate/Foundation/Console/Kernel.php(196): Illuminate\\Foundation\\Console\\Kernel->bootstrap()
#4 /var/www/vendor/laravel/framework/src/Illuminate/Foundation/Application.php(1235): Illuminate\\Foundation\\Console\\Kernel->handle(Object(Symfony\\Component\\Console\\Input\\ArgvInput), Object(Symfony\\Component\\Console\\Output\\ConsoleOutput))
#5 /var/www/artisan(13): Illuminate\\Foundation\\Application->handleCommand(Object(Symfony\\Component\\Console\\Input\\ArgvInput))
#6 {main}
"} 
[2026-06-06 01:15:16] local.ERROR: Unable to detect application namespace. {"exception":"[object] (RuntimeException(code: 0): Unable to detect application namespace. at /var/www/vendor/laravel/framework/src/Illuminate/Foundation/Application.php:1717)
[stacktrace]
#0 /var/www/vendor/laravel/framework/src/Illuminate/Foundation/Console/Kernel.php(368): Illuminate\\Foundation\\Application->getNamespace()
#1 /var/www/vendor/laravel/framework/src/Illuminate/Foundation/Console/Kernel.php(498): Illuminate\\Foundation\\Console\\Kernel->load(Array)
#2 /var/www/vendor/laravel/framework/src/Illuminate/Foundation/Console/Kernel.php(483): Illuminate\\Foundation\\Console\\Kernel->discoverCommands()
#3 /var/www/vendor/laravel/framework/src/Illuminate/Foundation/Console/Kernel.php(196): Illuminate\\Foundation\\Console\\Kernel->bootstrap()
#4 /var/www/vendor/laravel/framework/src/Illuminate/Foundation/Application.php(1235): Illuminate\\Foundation\\Console\\Kernel->handle(Object(Symfony\\Component\\Console\\Input\\ArgvInput), Object(Symfony\\Component\\Console\\Output\\ConsoleOutput))
#5 /var/www/artisan(13): Illuminate\\Foundation\\Application->handleCommand(Object(Symfony\\Component\\Console\\Input\\ArgvInput))
#6 {main}
"} 
[2026-06-06 01:15:48] local.ERROR: Unable to detect application namespace. {"exception":"[object] (RuntimeException(code: 0): Unable to detect application namespace. at /var/www/vendor/laravel/framework/src/Illuminate/Foundation/Application.php:1717)
[stacktrace]
#0 /var/www/vendor/laravel/framework/src/Illuminate/Foundation/Console/Kernel.php(368): Illuminate\\Foundation\\Application->getNamespace()
#1 /var/www/vendor/laravel/framework/src/Illuminate/Foundation/Console/Kernel.php(498): Illuminate\\Foundation\\Console\\Kernel->load(Array)
#2 /var/www/vendor/laravel/framework/src/Illuminate/Foundation/Console/Kernel.php(483): Illuminate\\Foundation\\Console\\Kernel->discoverCommands()
#3 /var/www/vendor/laravel/framework/src/Illuminate/Foundation/Console/Kernel.php(196): Illuminate\\Foundation\\Console\\Kernel->bootstrap()
#4 /var/www/vendor/laravel/framework/src/Illuminate/Foundation/Application.php(1235): Illuminate\\Foundation\\Console\\Kernel->handle(Object(Symfony\\Component\\Console\\Input\\ArgvInput), Object(Symfony\\Component\\Console\\Output\\ConsoleOutput))
#5 /var/www/artisan(13): Illuminate\\Foundation\\Application->handleCommand(Object(Symfony\\Component\\Console\\Input\\ArgvInput))
#6 {main}
"} 
[2026-06-06 01:16:48] local.ERROR: Unable to detect application namespace. {"exception":"[object] (RuntimeException(code: 0): Unable to detect application namespace. at /var/www/vendor/laravel/framework/src/Illuminate/Foundation/Application.php:1717)
[stacktrace]
#0 /var/www/vendor/laravel/framework/src/Illuminate/Foundation/Console/Kernel.php(368): Illuminate\\Foundation\\Application->getNamespace()
#1 /var/www/vendor/laravel/framework/src/Illuminate/Foundation/Console/Kernel.php(498): Illuminate\\Foundation\\Console\\Kernel->load(Array)
#2 /var/www/vendor/laravel/framework/src/Illuminate/Foundation/Console/Kernel.php(483): Illuminate\\Foundation\\Console\\Kernel->discoverCommands()
#3 /var/www/vendor/laravel/framework/src/Illuminate/Foundation/Console/Kernel.php(196): Illuminate\\Foundation\\Console\\Kernel->bootstrap()
#4 /var/www/vendor/laravel/framework/src/Illuminate/Foundation/Application.php(1235): Illuminate\\Foundation\\Console\\Kernel->handle(Object(Symfony\\Component\\Console\\Input\\ArgvInput), Object(Symfony\\Component\\Console\\Output\\ConsoleOutput))
#5 /var/www/artisan(13): Illuminate\\Foundation\\Application->handleCommand(Object(Symfony\\Component\\Console\\Input\\ArgvInput))
#6 {main}
"} 
[2026-06-06 01:17:55] local.ERROR: Unable to detect application namespace. {"exception":"[object] (RuntimeException(code: 0): Unable to detect application namespace. at /var/www/vendor/laravel/framework/src/Illuminate/Foundation/Application.php:1717)
[stacktrace]
#0 /var/www/vendor/laravel/framework/src/Illuminate/Foundation/Console/Kernel.php(368): Illuminate\\Foundation\\Application->getNamespace()
#1 /var/www/vendor/laravel/framework/src/Illuminate/Foundation/Console/Kernel.php(498): Illuminate\\Foundation\\Console\\Kernel->load(Array)
#2 /var/www/vendor/laravel/framework/src/Illuminate/Foundation/Console/Kernel.php(483): Illuminate\\Foundation\\Console\\Kernel->discoverCommands()
#3 /var/www/vendor/laravel/framework/src/Illuminate/Foundation/Console/Kernel.php(196): Illuminate\\Foundation\\Console\\Kernel->bootstrap()
#4 /var/www/vendor/laravel/framework/src/Illuminate/Foundation/Application.php(1235): Illuminate\\Foundation\\Console\\Kernel->handle(Object(Symfony\\Component\\Console\\Input\\ArgvInput), Object(Symfony\\Component\\Console\\Output\\ConsoleOutput))
#5 /var/www/artisan(13): Illuminate\\Foundation\\Application->handleCommand(Object(Symfony\\Component\\Console\\Input\\ArgvInput))
#6 {main}
"} 
[2026-06-06 01:19:01] local.ERROR: Unable to detect application namespace. {"exception":"[object] (RuntimeException(code: 0): Unable to detect application namespace. at /var/www/vendor/laravel/framework/src/Illuminate/Foundation/Application.php:1717)
[stacktrace]
#0 /var/www/vendor/laravel/framework/src/Illuminate/Foundation/Console/Kernel.php(368): Illuminate\\Foundation\\Application->getNamespace()
#1 /var/www/vendor/laravel/framework/src/Illuminate/Foundation/Console/Kernel.php(498): Illuminate\\Foundation\\Console\\Kernel->load(Array)
#2 /var/www/vendor/laravel/framework/src/Illuminate/Foundation/Console/Kernel.php(483): Illuminate\\Foundation\\Console\\Kernel->discoverCommands()
#3 /var/www/vendor/laravel/framework/src/Illuminate/Foundation/Console/Kernel.php(196): Illuminate\\Foundation\\Console\\Kernel->bootstrap()
#4 /var/www/vendor/laravel/framework/src/Illuminate/Foundation/Application.php(1235): Illuminate\\Foundation\\Console\\Kernel->handle(Object(Symfony\\Component\\Console\\Input\\ArgvInput), Object(Symfony\\Component\\Console\\Output\\ConsoleOutput))
#5 /var/www/artisan(13): Illuminate\\Foundation\\Application->handleCommand(Object(Symfony\\Component\\Console\\Input\\ArgvInput))
#6 {main}
"} 
[2026-06-06 01:20:07] local.ERROR: Unable to detect application namespace. {"exception":"[object] (RuntimeException(code: 0): Unable to detect application namespace. at /var/www/vendor/laravel/framework/src/Illuminate/Foundation/Application.php:1717)
[stacktrace]
#0 /var/www/vendor/laravel/framework/src/Illuminate/Foundation/Console/Kernel.php(368): Illuminate\\Foundation\\Application->getNamespace()
#1 /var/www/vendor/laravel/framework/src/Illuminate/Foundation/Console/Kernel.php(498): Illuminate\\Foundation\\Console\\Kernel->load(Array)
#2 /var/www/vendor/laravel/framework/src/Illuminate/Foundation/Console/Kernel.php(483): Illuminate\\Foundation\\Console\\Kernel->discoverCommands()
#3 /var/www/vendor/laravel/framework/src/Illuminate/Foundation/Console/Kernel.php(196): Illuminate\\Foundation\\Console\\Kernel->bootstrap()
#4 /var/www/vendor/laravel/framework/src/Illuminate/Foundation/Application.php(1235): Illuminate\\Foundation\\Console\\Kernel->handle(Object(Symfony\\Component\\Console\\Input\\ArgvInput), Object(Symfony\\Component\\Console\\Output\\ConsoleOutput))
#5 /var/www/artisan(13): Illuminate\\Foundation\\Application->handleCommand(Object(Symfony\\Component\\Console\\Input\\ArgvInput))
#6 {main}
"} 
[2026-06-06 01:21:13] local.ERROR: Unable to detect application namespace. {"exception":"[object] (RuntimeException(code: 0): Unable to detect application namespace. at /var/www/vendor/laravel/framework/src/Illuminate/Foundation/Application.php:1717)
[stacktrace]
#0 /var/www/vendor/laravel/framework/src/Illuminate/Foundation/Console/Kernel.php(368): Illuminate\\Foundation\\Application->getNamespace()
#1 /var/www/vendor/laravel/framework/src/Illuminate/Foundation/Console/Kernel.php(498): Illuminate\\Foundation\\Console\\Kernel->load(Array)
#2 /var/www/vendor/laravel/framework/src/Illuminate/Foundation/Console/Kernel.php(483): Illuminate\\Foundation\\Console\\Kernel->discoverCommands()
#3 /var/www/vendor/laravel/framework/src/Illuminate/Foundation/Console/Kernel.php(196): Illuminate\\Foundation\\Console\\Kernel->bootstrap()
#4 /var/www/vendor/laravel/framework/src/Illuminate/Foundation/Application.php(1235): Illuminate\\Foundation\\Console\\Kernel->handle(Object(Symfony\\Component\\Console\\Input\\ArgvInput), Object(Symfony\\Component\\Console\\Output\\ConsoleOutput))
#5 /var/www/artisan(13): Illuminate\\Foundation\\Application->handleCommand(Object(Symfony\\Component\\Console\\Input\\ArgvInput))
#6 {main}
"} 
[2026-06-06 01:22:19] local.ERROR: Unable to detect application namespace. {"exception":"[object] (RuntimeException(code: 0): Unable to detect application namespace. at /var/www/vendor/laravel/framework/src/Illuminate/Foundation/Application.php:1717)
[stacktrace]
#0 /var/www/vendor/laravel/framework/src/Illuminate/Foundation/Console/Kernel.php(368): Illuminate\\Foundation\\Application->getNamespace()
#1 /var/www/vendor/laravel/framework/src/Illuminate/Foundation/Console/Kernel.php(498): Illuminate\\Foundation\\Console\\Kernel->load(Array)
#2 /var/www/vendor/laravel/framework/src/Illuminate/Foundation/Console/Kernel.php(483): Illuminate\\Foundation\\Console\\Kernel->discoverCommands()
#3 /var/www/vendor/laravel/framework/src/Illuminate/Foundation/Console/Kernel.php(196): Illuminate\\Foundation\\Console\\Kernel->bootstrap()
#4 /var/www/vendor/laravel/framework/src/Illuminate/Foundation/Application.php(1235): Illuminate\\Foundation\\Console\\Kernel->handle(Object(Symfony\\Component\\Console\\Input\\ArgvInput), Object(Symfony\\Component\\Console\\Output\\ConsoleOutput))
#5 /var/www/artisan(13): Illuminate\\Foundation\\Application->handleCommand(Object(Symfony\\Component\\Console\\Input\\ArgvInput))
#6 {main}
"} 
[2026-06-06 01:23:25] local.ERROR: Unable to detect application namespace. {"exception":"[object] (RuntimeException(code: 0): Unable to detect application namespace. at /var/www/vendor/laravel/framework/src/Illuminate/Foundation/Application.php:1717)
[stacktrace]
#0 /var/www/vendor/laravel/framework/src/Illuminate/Foundation/Console/Kernel.php(368): Illuminate\\Foundation\\Application->getNamespace()
#1 /var/www/vendor/laravel/framework/src/Illuminate/Foundation/Console/Kernel.php(498): Illuminate\\Foundation\\Console\\Kernel->load(Array)
#2 /var/www/vendor/laravel/framework/src/Illuminate/Foundation/Console/Kernel.php(483): Illuminate\\Foundation\\Console\\Kernel->discoverCommands()
#3 /var/www/vendor/laravel/framework/src/Illuminate/Foundation/Console/Kernel.php(196): Illuminate\\Foundation\\Console\\Kernel->bootstrap()
#4 /var/www/vendor/laravel/framework/src/Illuminate/Foundation/Application.php(1235): Illuminate\\Foundation\\Console\\Kernel->handle(Object(Symfony\\Component\\Console\\Input\\ArgvInput), Object(Symfony\\Component\\Console\\Output\\ConsoleOutput))
#5 /var/www/artisan(13): Illuminate\\Foundation\\Application->handleCommand(Object(Symfony\\Component\\Console\\Input\\ArgvInput))
#6 {main}
"} 
[2026-06-06 01:24:30] local.ERROR: Unable to detect application namespace. {"exception":"[object] (RuntimeException(code: 0): Unable to detect application namespace. at /var/www/vendor/laravel/framework/src/Illuminate/Foundation/Application.php:1717)
[stacktrace]
#0 /var/www/vendor/laravel/framework/src/Illuminate/Foundation/Console/Kernel.php(368): Illuminate\\Foundation\\Application->getNamespace()
#1 /var/www/vendor/laravel/framework/src/Illuminate/Foundation/Console/Kernel.php(498): Illuminate\\Foundation\\Console\\Kernel->load(Array)
#2 /var/www/vendor/laravel/framework/src/Illuminate/Foundation/Console/Kernel.php(483): Illuminate\\Foundation\\Console\\Kernel->discoverCommands()
#3 /var/www/vendor/laravel/framework/src/Illuminate/Foundation/Console/Kernel.php(196): Illuminate\\Foundation\\Console\\Kernel->bootstrap()
#4 /var/www/vendor/laravel/framework/src/Illuminate/Foundation/Application.php(1235): Illuminate\\Foundation\\Console\\Kernel->handle(Object(Symfony\\Component\\Console\\Input\\ArgvInput), Object(Symfony\\Component\\Console\\Output\\ConsoleOutput))
#5 /var/www/artisan(13): Illuminate\\Foundation\\Application->handleCommand(Object(Symfony\\Component\\Console\\Input\\ArgvInput))
#6 {main}
"} 
[2026-06-06 01:25:36] local.ERROR: Unable to detect application namespace. {"exception":"[object] (RuntimeException(code: 0): Unable to detect application namespace. at /var/www/vendor/laravel/framework/src/Illuminate/Foundation/Application.php:1717)
[stacktrace]
#0 /var/www/vendor/laravel/framework/src/Illuminate/Foundation/Console/Kernel.php(368): Illuminate\\Foundation\\Application->getNamespace()
#1 /var/www/vendor/laravel/framework/src/Illuminate/Foundation/Console/Kernel.php(498): Illuminate\\Foundation\\Console\\Kernel->load(Array)
#2 /var/www/vendor/laravel/framework/src/Illuminate/Foundation/Console/Kernel.php(483): Illuminate\\Foundation\\Console\\Kernel->discoverCommands()
#3 /var/www/vendor/laravel/framework/src/Illuminate/Foundation/Console/Kernel.php(196): Illuminate\\Foundation\\Console\\Kernel->bootstrap()
#4 /var/www/vendor/laravel/framework/src/Illuminate/Foundation/Application.php(1235): Illuminate\\Foundation\\Console\\Kernel->handle(Object(Symfony\\Component\\Console\\Input\\ArgvInput), Object(Symfony\\Component\\Console\\Output\\ConsoleOutput))
#5 /var/www/artisan(13): Illuminate\\Foundation\\Application->handleCommand(Object(Symfony\\Component\\Console\\Input\\ArgvInput))
#6 {main}
"} 
[2026-06-06 01:26:41] local.ERROR: Unable to detect application namespace. {"exception":"[object] (RuntimeException(code: 0): Unable to detect application namespace. at /var/www/vendor/laravel/framework/src/Illuminate/Foundation/Application.php:1717)
[stacktrace]
#0 /var/www/vendor/laravel/framework/src/Illuminate/Foundation/Console/Kernel.php(368): Illuminate\\Foundation\\Application->getNamespace()
#1 /var/www/vendor/laravel/framework/src/Illuminate/Foundation/Console/Kernel.php(498): Illuminate\\Foundation\\Console\\Kernel->load(Array)
#2 /var/www/vendor/laravel/framework/src/Illuminate/Foundation/Console/Kernel.php(483): Illuminate\\Foundation\\Console\\Kernel->discoverCommands()
#3 /var/www/vendor/laravel/framework/src/Illuminate/Foundation/Console/Kernel.php(196): Illuminate\\Foundation\\Console\\Kernel->bootstrap()
#4 /var/www/vendor/laravel/framework/src/Illuminate/Foundation/Application.php(1235): Illuminate\\Foundation\\Console\\Kernel->handle(Object(Symfony\\Component\\Console\\Input\\ArgvInput), Object(Symfony\\Component\\Console\\Output\\ConsoleOutput))
#5 /var/www/artisan(13): Illuminate\\Foundation\\Application->handleCommand(Object(Symfony\\Component\\Console\\Input\\ArgvInput))
#6 {main}
"} 
[2026-06-06 01:27:47] local.ERROR: Unable to detect application namespace. {"exception":"[object] (RuntimeException(code: 0): Unable to detect application namespace. at /var/www/vendor/laravel/framework/src/Illuminate/Foundation/Application.php:1717)
[stacktrace]
#0 /var/www/vendor/laravel/framework/src/Illuminate/Foundation/Console/Kernel.php(368): Illuminate\\Foundation\\Application->getNamespace()
#1 /var/www/vendor/laravel/framework/src/Illuminate/Foundation/Console/Kernel.php(498): Illuminate\\Foundation\\Console\\Kernel->load(Array)
#2 /var/www/vendor/laravel/framework/src/Illuminate/Foundation/Console/Kernel.php(483): Illuminate\\Foundation\\Console\\Kernel->discoverCommands()
#3 /var/www/vendor/laravel/framework/src/Illuminate/Foundation/Console/Kernel.php(196): Illuminate\\Foundation\\Console\\Kernel->bootstrap()
#4 /var/www/vendor/laravel/framework/src/Illuminate/Foundation/Application.php(1235): Illuminate\\Foundation\\Console\\Kernel->handle(Object(Symfony\\Component\\Console\\Input\\ArgvInput), Object(Symfony\\Component\\Console\\Output\\ConsoleOutput))
#5 /var/www/artisan(13): Illuminate\\Foundation\\Application->handleCommand(Object(Symfony\\Component\\Console\\Input\\ArgvInput))
#6 {main}
"} 
[2026-06-06 01:28:53] local.ERROR: Unable to detect application namespace. {"exception":"[object] (RuntimeException(code: 0): Unable to detect application namespace. at /var/www/vendor/laravel/framework/src/Illuminate/Foundation/Application.php:1717)
[stacktrace]
#0 /var/www/vendor/laravel/framework/src/Illuminate/Foundation/Console/Kernel.php(368): Illuminate\\Foundation\\Application->getNamespace()
#1 /var/www/vendor/laravel/framework/src/Illuminate/Foundation/Console/Kernel.php(498): Illuminate\\Foundation\\Console\\Kernel->load(Array)
#2 /var/www/vendor/laravel/framework/src/Illuminate/Foundation/Console/Kernel.php(483): Illuminate\\Foundation\\Console\\Kernel->discoverCommands()
#3 /var/www/vendor/laravel/framework/src/Illuminate/Foundation/Console/Kernel.php(196): Illuminate\\Foundation\\Console\\Kernel->bootstrap()
#4 /var/www/vendor/laravel/framework/src/Illuminate/Foundation/Application.php(1235): Illuminate\\Foundation\\Console\\Kernel->handle(Object(Symfony\\Component\\Console\\Input\\ArgvInput), Object(Symfony\\Component\\Console\\Output\\ConsoleOutput))
#5 /var/www/artisan(13): Illuminate\\Foundation\\Application->handleCommand(Object(Symfony\\Component\\Console\\Input\\ArgvInput))
#6 {main}
"} 
[2026-06-06 01:29:58] local.ERROR: Unable to detect application namespace. {"exception":"[object] (RuntimeException(code: 0): Unable to detect application namespace. at /var/www/vendor/laravel/framework/src/Illuminate/Foundation/Application.php:1717)
[stacktrace]
#0 /var/www/vendor/laravel/framework/src/Illuminate/Foundation/Console/Kernel.php(368): Illuminate\\Foundation\\Application->getNamespace()
#1 /var/www/vendor/laravel/framework/src/Illuminate/Foundation/Console/Kernel.php(498): Illuminate\\Foundation\\Console\\Kernel->load(Array)
#2 /var/www/vendor/laravel/framework/src/Illuminate/Foundation/Console/Kernel.php(483): Illuminate\\Foundation\\Console\\Kernel->discoverCommands()
#3 /var/www/vendor/laravel/framework/src/Illuminate/Foundation/Console/Kernel.php(196): Illuminate\\Foundation\\Console\\Kernel->bootstrap()
#4 /var/www/vendor/laravel/framework/src/Illuminate/Foundation/Application.php(1235): Illuminate\\Foundation\\Console\\Kernel->handle(Object(Symfony\\Component\\Console\\Input\\ArgvInput), Object(Symfony\\Component\\Console\\Output\\ConsoleOutput))
#5 /var/www/artisan(13): Illuminate\\Foundation\\Application->handleCommand(Object(Symfony\\Component\\Console\\Input\\ArgvInput))
#6 {main}
"} 
[2026-06-06 01:31:04] local.ERROR: Unable to detect application namespace. {"exception":"[object] (RuntimeException(code: 0): Unable to detect application namespace. at /var/www/vendor/laravel/framework/src/Illuminate/Foundation/Application.php:1717)
[stacktrace]
#0 /var/www/vendor/laravel/framework/src/Illuminate/Foundation/Console/Kernel.php(368): Illuminate\\Foundation\\Application->getNamespace()
#1 /var/www/vendor/laravel/framework/src/Illuminate/Foundation/Console/Kernel.php(498): Illuminate\\Foundation\\Console\\Kernel->load(Array)
#2 /var/www/vendor/laravel/framework/src/Illuminate/Foundation/Console/Kernel.php(483): Illuminate\\Foundation\\Console\\Kernel->discoverCommands()
#3 /var/www/vendor/laravel/framework/src/Illuminate/Foundation/Console/Kernel.php(196): Illuminate\\Foundation\\Console\\Kernel->bootstrap()
#4 /var/www/vendor/laravel/framework/src/Illuminate/Foundation/Application.php(1235): Illuminate\\Foundation\\Console\\Kernel->handle(Object(Symfony\\Component\\Console\\Input\\ArgvInput), Object(Symfony\\Component\\Console\\Output\\ConsoleOutput))
#5 /var/www/artisan(13): Illuminate\\Foundation\\Application->handleCommand(Object(Symfony\\Component\\Console\\Input\\ArgvInput))
#6 {main}
"} 
[2026-06-06 01:32:09] local.ERROR: Unable to detect application namespace. {"exception":"[object] (RuntimeException(code: 0): Unable to detect application namespace. at /var/www/vendor/laravel/framework/src/Illuminate/Foundation/Application.php:1717)
[stacktrace]
#0 /var/www/vendor/laravel/framework/src/Illuminate/Foundation/Console/Kernel.php(368): Illuminate\\Foundation\\Application->getNamespace()
#1 /var/www/vendor/laravel/framework/src/Illuminate/Foundation/Console/Kernel.php(498): Illuminate\\Foundation\\Console\\Kernel->load(Array)
#2 /var/www/vendor/laravel/framework/src/Illuminate/Foundation/Console/Kernel.php(483): Illuminate\\Foundation\\Console\\Kernel->discoverCommands()
#3 /var/www/vendor/laravel/framework/src/Illuminate/Foundation/Console/Kernel.php(196): Illuminate\\Foundation\\Console\\Kernel->bootstrap()
#4 /var/www/vendor/laravel/framework/src/Illuminate/Foundation/Application.php(1235): Illuminate\\Foundation\\Console\\Kernel->handle(Object(Symfony\\Component\\Console\\Input\\ArgvInput), Object(Symfony\\Component\\Console\\Output\\ConsoleOutput))
#5 /var/www/artisan(13): Illuminate\\Foundation\\Application->handleCommand(Object(Symfony\\Component\\Console\\Input\\ArgvInput))
#6 {main}
"} 
[2026-06-06 01:33:15] local.ERROR: Unable to detect application namespace. {"exception":"[object] (RuntimeException(code: 0): Unable to detect application namespace. at /var/www/vendor/laravel/framework/src/Illuminate/Foundation/Application.php:1717)
[stacktrace]
#0 /var/www/vendor/laravel/framework/src/Illuminate/Foundation/Console/Kernel.php(368): Illuminate\\Foundation\\Application->getNamespace()
#1 /var/www/vendor/laravel/framework/src/Illuminate/Foundation/Console/Kernel.php(498): Illuminate\\Foundation\\Console\\Kernel->load(Array)
#2 /var/www/vendor/laravel/framework/src/Illuminate/Foundation/Console/Kernel.php(483): Illuminate\\Foundation\\Console\\Kernel->discoverCommands()
#3 /var/www/vendor/laravel/framework/src/Illuminate/Foundation/Console/Kernel.php(196): Illuminate\\Foundation\\Console\\Kernel->bootstrap()
#4 /var/www/vendor/laravel/framework/src/Illuminate/Foundation/Application.php(1235): Illuminate\\Foundation\\Console\\Kernel->handle(Object(Symfony\\Component\\Console\\Input\\ArgvInput), Object(Symfony\\Component\\Console\\Output\\ConsoleOutput))
#5 /var/www/artisan(13): Illuminate\\Foundation\\Application->handleCommand(Object(Symfony\\Component\\Console\\Input\\ArgvInput))
#6 {main}
"} 
[2026-06-06 01:34:21] local.ERROR: Unable to detect application namespace. {"exception":"[object] (RuntimeException(code: 0): Unable to detect application namespace. at /var/www/vendor/laravel/framework/src/Illuminate/Foundation/Application.php:1717)
[stacktrace]
#0 /var/www/vendor/laravel/framework/src/Illuminate/Foundation/Console/Kernel.php(368): Illuminate\\Foundation\\Application->getNamespace()
#1 /var/www/vendor/laravel/framework/src/Illuminate/Foundation/Console/Kernel.php(498): Illuminate\\Foundation\\Console\\Kernel->load(Array)
#2 /var/www/vendor/laravel/framework/src/Illuminate/Foundation/Console/Kernel.php(483): Illuminate\\Foundation\\Console\\Kernel->discoverCommands()
#3 /var/www/vendor/laravel/framework/src/Illuminate/Foundation/Console/Kernel.php(196): Illuminate\\Foundation\\Console\\Kernel->bootstrap()
#4 /var/www/vendor/laravel/framework/src/Illuminate/Foundation/Application.php(1235): Illuminate\\Foundation\\Console\\Kernel->handle(Object(Symfony\\Component\\Console\\Input\\ArgvInput), Object(Symfony\\Component\\Console\\Output\\ConsoleOutput))
#5 /var/www/artisan(13): Illuminate\\Foundation\\Application->handleCommand(Object(Symfony\\Component\\Console\\Input\\ArgvInput))
#6 {main}
"} 
[2026-06-06 01:35:26] local.ERROR: Unable to detect application namespace. {"exception":"[object] (RuntimeException(code: 0): Unable to detect application namespace. at /var/www/vendor/laravel/framework/src/Illuminate/Foundation/Application.php:1717)
[stacktrace]
#0 /var/www/vendor/laravel/framework/src/Illuminate/Foundation/Console/Kernel.php(368): Illuminate\\Foundation\\Application->getNamespace()
#1 /var/www/vendor/laravel/framework/src/Illuminate/Foundation/Console/Kernel.php(498): Illuminate\\Foundation\\Console\\Kernel->load(Array)
#2 /var/www/vendor/laravel/framework/src/Illuminate/Foundation/Console/Kernel.php(483): Illuminate\\Foundation\\Console\\Kernel->discoverCommands()
#3 /var/www/vendor/laravel/framework/src/Illuminate/Foundation/Console/Kernel.php(196): Illuminate\\Foundation\\Console\\Kernel->bootstrap()
#4 /var/www/vendor/laravel/framework/src/Illuminate/Foundation/Application.php(1235): Illuminate\\Foundation\\Console\\Kernel->handle(Object(Symfony\\Component\\Console\\Input\\ArgvInput), Object(Symfony\\Component\\Console\\Output\\ConsoleOutput))
#5 /var/www/artisan(13): Illuminate\\Foundation\\Application->handleCommand(Object(Symfony\\Component\\Console\\Input\\ArgvInput))
#6 {main}
"} 
[2026-06-06 01:36:32] local.ERROR: Unable to detect application namespace. {"exception":"[object] (RuntimeException(code: 0): Unable to detect application namespace. at /var/www/vendor/laravel/framework/src/Illuminate/Foundation/Application.php:1717)
[stacktrace]
#0 /var/www/vendor/laravel/framework/src/Illuminate/Foundation/Console/Kernel.php(368): Illuminate\\Foundation\\Application->getNamespace()
#1 /var/www/vendor/laravel/framework/src/Illuminate/Foundation/Console/Kernel.php(498): Illuminate\\Foundation\\Console\\Kernel->load(Array)
#2 /var/www/vendor/laravel/framework/src/Illuminate/Foundation/Console/Kernel.php(483): Illuminate\\Foundation\\Console\\Kernel->discoverCommands()
#3 /var/www/vendor/laravel/framework/src/Illuminate/Foundation/Console/Kernel.php(196): Illuminate\\Foundation\\Console\\Kernel->bootstrap()
#4 /var/www/vendor/laravel/framework/src/Illuminate/Foundation/Application.php(1235): Illuminate\\Foundation\\Console\\Kernel->handle(Object(Symfony\\Component\\Console\\Input\\ArgvInput), Object(Symfony\\Component\\Console\\Output\\ConsoleOutput))
#5 /var/www/artisan(13): Illuminate\\Foundation\\Application->handleCommand(Object(Symfony\\Component\\Console\\Input\\ArgvInput))
#6 {main}
"} 
[2026-06-06 01:37:38] local.ERROR: Unable to detect application namespace. {"exception":"[object] (RuntimeException(code: 0): Unable to detect application namespace. at /var/www/vendor/laravel/framework/src/Illuminate/Foundation/Application.php:1717)
[stacktrace]
#0 /var/www/vendor/laravel/framework/src/Illuminate/Foundation/Console/Kernel.php(368): Illuminate\\Foundation\\Application->getNamespace()
#1 /var/www/vendor/laravel/framework/src/Illuminate/Foundation/Console/Kernel.php(498): Illuminate\\Foundation\\Console\\Kernel->load(Array)
#2 /var/www/vendor/laravel/framework/src/Illuminate/Foundation/Console/Kernel.php(483): Illuminate\\Foundation\\Console\\Kernel->discoverCommands()
#3 /var/www/vendor/laravel/framework/src/Illuminate/Foundation/Console/Kernel.php(196): Illuminate\\Foundation\\Console\\Kernel->bootstrap()
#4 /var/www/vendor/laravel/framework/src/Illuminate/Foundation/Application.php(1235): Illuminate\\Foundation\\Console\\Kernel->handle(Object(Symfony\\Component\\Console\\Input\\ArgvInput), Object(Symfony\\Component\\Console\\Output\\ConsoleOutput))
#5 /var/www/artisan(13): Illuminate\\Foundation\\Application->handleCommand(Object(Symfony\\Component\\Console\\Input\\ArgvInput))
#6 {main}
"} 
[2026-06-06 01:38:43] local.ERROR: Unable to detect application namespace. {"exception":"[object] (RuntimeException(code: 0): Unable to detect application namespace. at /var/www/vendor/laravel/framework/src/Illuminate/Foundation/Application.php:1717)
[stacktrace]
#0 /var/www/vendor/laravel/framework/src/Illuminate/Foundation/Console/Kernel.php(368): Illuminate\\Foundation\\Application->getNamespace()
#1 /var/www/vendor/laravel/framework/src/Illuminate/Foundation/Console/Kernel.php(498): Illuminate\\Foundation\\Console\\Kernel->load(Array)
#2 /var/www/vendor/laravel/framework/src/Illuminate/Foundation/Console/Kernel.php(483): Illuminate\\Foundation\\Console\\Kernel->discoverCommands()
#3 /var/www/vendor/laravel/framework/src/Illuminate/Foundation/Console/Kernel.php(196): Illuminate\\Foundation\\Console\\Kernel->bootstrap()
#4 /var/www/vendor/laravel/framework/src/Illuminate/Foundation/Application.php(1235): Illuminate\\Foundation\\Console\\Kernel->handle(Object(Symfony\\Component\\Console\\Input\\ArgvInput), Object(Symfony\\Component\\Console\\Output\\ConsoleOutput))
#5 /var/www/artisan(13): Illuminate\\Foundation\\Application->handleCommand(Object(Symfony\\Component\\Console\\Input\\ArgvInput))
#6 {main}
"} 
[2026-06-06 01:39:48] local.ERROR: Unable to detect application namespace. {"exception":"[object] (RuntimeException(code: 0): Unable to detect application namespace. at /var/www/vendor/laravel/framework/src/Illuminate/Foundation/Application.php:1717)
[stacktrace]
#0 /var/www/vendor/laravel/framework/src/Illuminate/Foundation/Console/Kernel.php(368): Illuminate\\Foundation\\Application->getNamespace()
#1 /var/www/vendor/laravel/framework/src/Illuminate/Foundation/Console/Kernel.php(498): Illuminate\\Foundation\\Console\\Kernel->load(Array)
#2 /var/www/vendor/laravel/framework/src/Illuminate/Foundation/Console/Kernel.php(483): Illuminate\\Foundation\\Console\\Kernel->discoverCommands()
#3 /var/www/vendor/laravel/framework/src/Illuminate/Foundation/Console/Kernel.php(196): Illuminate\\Foundation\\Console\\Kernel->bootstrap()
#4 /var/www/vendor/laravel/framework/src/Illuminate/Foundation/Application.php(1235): Illuminate\\Foundation\\Console\\Kernel->handle(Object(Symfony\\Component\\Console\\Input\\ArgvInput), Object(Symfony\\Component\\Console\\Output\\ConsoleOutput))
#5 /var/www/artisan(13): Illuminate\\Foundation\\Application->handleCommand(Object(Symfony\\Component\\Console\\Input\\ArgvInput))
#6 {main}
"} 
[2026-06-06 01:40:53] local.ERROR: Unable to detect application namespace. {"exception":"[object] (RuntimeException(code: 0): Unable to detect application namespace. at /var/www/vendor/laravel/framework/src/Illuminate/Foundation/Application.php:1717)
[stacktrace]
#0 /var/www/vendor/laravel/framework/src/Illuminate/Foundation/Console/Kernel.php(368): Illuminate\\Foundation\\Application->getNamespace()
#1 /var/www/vendor/laravel/framework/src/Illuminate/Foundation/Console/Kernel.php(498): Illuminate\\Foundation\\Console\\Kernel->load(Array)
#2 /var/www/vendor/laravel/framework/src/Illuminate/Foundation/Console/Kernel.php(483): Illuminate\\Foundation\\Console\\Kernel->discoverCommands()
#3 /var/www/vendor/laravel/framework/src/Illuminate/Foundation/Console/Kernel.php(196): Illuminate\\Foundation\\Console\\Kernel->bootstrap()
#4 /var/www/vendor/laravel/framework/src/Illuminate/Foundation/Application.php(1235): Illuminate\\Foundation\\Console\\Kernel->handle(Object(Symfony\\Component\\Console\\Input\\ArgvInput), Object(Symfony\\Component\\Console\\Output\\ConsoleOutput))
#5 /var/www/artisan(13): Illuminate\\Foundation\\Application->handleCommand(Object(Symfony\\Component\\Console\\Input\\ArgvInput))
#6 {main}
"} 
[2026-06-06 01:41:58] local.ERROR: Unable to detect application namespace. {"exception":"[object] (RuntimeException(code: 0): Unable to detect application namespace. at /var/www/vendor/laravel/framework/src/Illuminate/Foundation/Application.php:1717)
[stacktrace]
#0 /var/www/vendor/laravel/framework/src/Illuminate/Foundation/Console/Kernel.php(368): Illuminate\\Foundation\\Application->getNamespace()
#1 /var/www/vendor/laravel/framework/src/Illuminate/Foundation/Console/Kernel.php(498): Illuminate\\Foundation\\Console\\Kernel->load(Array)
#2 /var/www/vendor/laravel/framework/src/Illuminate/Foundation/Console/Kernel.php(483): Illuminate\\Foundation\\Console\\Kernel->discoverCommands()
#3 /var/www/vendor/laravel/framework/src/Illuminate/Foundation/Console/Kernel.php(196): Illuminate\\Foundation\\Console\\Kernel->bootstrap()
#4 /var/www/vendor/laravel/framework/src/Illuminate/Foundation/Application.php(1235): Illuminate\\Foundation\\Console\\Kernel->handle(Object(Symfony\\Component\\Console\\Input\\ArgvInput), Object(Symfony\\Component\\Console\\Output\\ConsoleOutput))
#5 /var/www/artisan(13): Illuminate\\Foundation\\Application->handleCommand(Object(Symfony\\Component\\Console\\Input\\ArgvInput))
#6 {main}
"} 
[2026-06-06 01:43:02] local.ERROR: Unable to detect application namespace. {"exception":"[object] (RuntimeException(code: 0): Unable to detect application namespace. at /var/www/vendor/laravel/framework/src/Illuminate/Foundation/Application.php:1717)
[stacktrace]
#0 /var/www/vendor/laravel/framework/src/Illuminate/Foundation/Console/Kernel.php(368): Illuminate\\Foundation\\Application->getNamespace()
#1 /var/www/vendor/laravel/framework/src/Illuminate/Foundation/Console/Kernel.php(498): Illuminate\\Foundation\\Console\\Kernel->load(Array)
#2 /var/www/vendor/laravel/framework/src/Illuminate/Foundation/Console/Kernel.php(483): Illuminate\\Foundation\\Console\\Kernel->discoverCommands()
#3 /var/www/vendor/laravel/framework/src/Illuminate/Foundation/Console/Kernel.php(196): Illuminate\\Foundation\\Console\\Kernel->bootstrap()
#4 /var/www/vendor/laravel/framework/src/Illuminate/Foundation/Application.php(1235): Illuminate\\Foundation\\Console\\Kernel->handle(Object(Symfony\\Component\\Console\\Input\\ArgvInput), Object(Symfony\\Component\\Console\\Output\\ConsoleOutput))
#5 /var/www/artisan(13): Illuminate\\Foundation\\Application->handleCommand(Object(Symfony\\Component\\Console\\Input\\ArgvInput))
#6 {main}
"} 
[2026-06-06 01:44:06] local.ERROR: Unable to detect application namespace. {"exception":"[object] (RuntimeException(code: 0): Unable to detect application namespace. at /var/www/vendor/laravel/framework/src/Illuminate/Foundation/Application.php:1717)
[stacktrace]
#0 /var/www/vendor/laravel/framework/src/Illuminate/Foundation/Console/Kernel.php(368): Illuminate\\Foundation\\Application->getNamespace()
#1 /var/www/vendor/laravel/framework/src/Illuminate/Foundation/Console/Kernel.php(498): Illuminate\\Foundation\\Console\\Kernel->load(Array)
#2 /var/www/vendor/laravel/framework/src/Illuminate/Foundation/Console/Kernel.php(483): Illuminate\\Foundation\\Console\\Kernel->discoverCommands()
#3 /var/www/vendor/laravel/framework/src/Illuminate/Foundation/Console/Kernel.php(196): Illuminate\\Foundation\\Console\\Kernel->bootstrap()
#4 /var/www/vendor/laravel/framework/src/Illuminate/Foundation/Application.php(1235): Illuminate\\Foundation\\Console\\Kernel->handle(Object(Symfony\\Component\\Console\\Input\\ArgvInput), Object(Symfony\\Component\\Console\\Output\\ConsoleOutput))
#5 /var/www/artisan(13): Illuminate\\Foundation\\Application->handleCommand(Object(Symfony\\Component\\Console\\Input\\ArgvInput))
#6 {main}
"} 
[2026-06-06 01:45:09] local.ERROR: Unable to detect application namespace. {"exception":"[object] (RuntimeException(code: 0): Unable to detect application namespace. at /var/www/vendor/laravel/framework/src/Illuminate/Foundation/Application.php:1717)
[stacktrace]
#0 /var/www/vendor/laravel/framework/src/Illuminate/Foundation/Console/Kernel.php(368): Illuminate\\Foundation\\Application->getNamespace()
#1 /var/www/vendor/laravel/framework/src/Illuminate/Foundation/Console/Kernel.php(498): Illuminate\\Foundation\\Console\\Kernel->load(Array)
#2 /var/www/vendor/laravel/framework/src/Illuminate/Foundation/Console/Kernel.php(483): Illuminate\\Foundation\\Console\\Kernel->discoverCommands()
#3 /var/www/vendor/laravel/framework/src/Illuminate/Foundation/Console/Kernel.php(196): Illuminate\\Foundation\\Console\\Kernel->bootstrap()
#4 /var/www/vendor/laravel/framework/src/Illuminate/Foundation/Application.php(1235): Illuminate\\Foundation\\Console\\Kernel->handle(Object(Symfony\\Component\\Console\\Input\\ArgvInput), Object(Symfony\\Component\\Console\\Output\\ConsoleOutput))
#5 /var/www/artisan(13): Illuminate\\Foundation\\Application->handleCommand(Object(Symfony\\Component\\Console\\Input\\ArgvInput))
#6 {main}
"} 
[2026-06-06 01:46:12] local.ERROR: Unable to detect application namespace. {"exception":"[object] (RuntimeException(code: 0): Unable to detect application namespace. at /var/www/vendor/laravel/framework/src/Illuminate/Foundation/Application.php:1717)
[stacktrace]
#0 /var/www/vendor/laravel/framework/src/Illuminate/Foundation/Console/Kernel.php(368): Illuminate\\Foundation\\Application->getNamespace()
#1 /var/www/vendor/laravel/framework/src/Illuminate/Foundation/Console/Kernel.php(498): Illuminate\\Foundation\\Console\\Kernel->load(Array)
#2 /var/www/vendor/laravel/framework/src/Illuminate/Foundation/Console/Kernel.php(483): Illuminate\\Foundation\\Console\\Kernel->discoverCommands()
#3 /var/www/vendor/laravel/framework/src/Illuminate/Foundation/Console/Kernel.php(196): Illuminate\\Foundation\\Console\\Kernel->bootstrap()
#4 /var/www/vendor/laravel/framework/src/Illuminate/Foundation/Application.php(1235): Illuminate\\Foundation\\Console\\Kernel->handle(Object(Symfony\\Component\\Console\\Input\\ArgvInput), Object(Symfony\\Component\\Console\\Output\\ConsoleOutput))
#5 /var/www/artisan(13): Illuminate\\Foundation\\Application->handleCommand(Object(Symfony\\Component\\Console\\Input\\ArgvInput))
#6 {main}
"} 
[2026-06-06 01:47:16] local.ERROR: Unable to detect application namespace. {"exception":"[object] (RuntimeException(code: 0): Unable to detect application namespace. at /var/www/vendor/laravel/framework/src/Illuminate/Foundation/Application.php:1717)
[stacktrace]
#0 /var/www/vendor/laravel/framework/src/Illuminate/Foundation/Console/Kernel.php(368): Illuminate\\Foundation\\Application->getNamespace()
#1 /var/www/vendor/laravel/framework/src/Illuminate/Foundation/Console/Kernel.php(498): Illuminate\\Foundation\\Console\\Kernel->load(Array)
#2 /var/www/vendor/laravel/framework/src/Illuminate/Foundation/Console/Kernel.php(483): Illuminate\\Foundation\\Console\\Kernel->discoverCommands()
#3 /var/www/vendor/laravel/framework/src/Illuminate/Foundation/Console/Kernel.php(196): Illuminate\\Foundation\\Console\\Kernel->bootstrap()
#4 /var/www/vendor/laravel/framework/src/Illuminate/Foundation/Application.php(1235): Illuminate\\Foundation\\Console\\Kernel->handle(Object(Symfony\\Component\\Console\\Input\\ArgvInput), Object(Symfony\\Component\\Console\\Output\\ConsoleOutput))
#5 /var/www/artisan(13): Illuminate\\Foundation\\Application->handleCommand(Object(Symfony\\Component\\Console\\Input\\ArgvInput))
#6 {main}
"} 
[2026-06-06 01:48:20] local.ERROR: Unable to detect application namespace. {"exception":"[object] (RuntimeException(code: 0): Unable to detect application namespace. at /var/www/vendor/laravel/framework/src/Illuminate/Foundation/Application.php:1717)
[stacktrace]
#0 /var/www/vendor/laravel/framework/src/Illuminate/Foundation/Console/Kernel.php(368): Illuminate\\Foundation\\Application->getNamespace()
#1 /var/www/vendor/laravel/framework/src/Illuminate/Foundation/Console/Kernel.php(498): Illuminate\\Foundation\\Console\\Kernel->load(Array)
#2 /var/www/vendor/laravel/framework/src/Illuminate/Foundation/Console/Kernel.php(483): Illuminate\\Foundation\\Console\\Kernel->discoverCommands()
#3 /var/www/vendor/laravel/framework/src/Illuminate/Foundation/Console/Kernel.php(196): Illuminate\\Foundation\\Console\\Kernel->bootstrap()
#4 /var/www/vendor/laravel/framework/src/Illuminate/Foundation/Application.php(1235): Illuminate\\Foundation\\Console\\Kernel->handle(Object(Symfony\\Component\\Console\\Input\\ArgvInput), Object(Symfony\\Component\\Console\\Output\\ConsoleOutput))
#5 /var/www/artisan(13): Illuminate\\Foundation\\Application->handleCommand(Object(Symfony\\Component\\Console\\Input\\ArgvInput))
#6 {main}
"} 
[2026-06-06 01:49:23] local.ERROR: Unable to detect application namespace. {"exception":"[object] (RuntimeException(code: 0): Unable to detect application namespace. at /var/www/vendor/laravel/framework/src/Illuminate/Foundation/Application.php:1717)
[stacktrace]
#0 /var/www/vendor/laravel/framework/src/Illuminate/Foundation/Console/Kernel.php(368): Illuminate\\Foundation\\Application->getNamespace()
#1 /var/www/vendor/laravel/framework/src/Illuminate/Foundation/Console/Kernel.php(498): Illuminate\\Foundation\\Console\\Kernel->load(Array)
#2 /var/www/vendor/laravel/framework/src/Illuminate/Foundation/Console/Kernel.php(483): Illuminate\\Foundation\\Console\\Kernel->discoverCommands()
#3 /var/www/vendor/laravel/framework/src/Illuminate/Foundation/Console/Kernel.php(196): Illuminate\\Foundation\\Console\\Kernel->bootstrap()
#4 /var/www/vendor/laravel/framework/src/Illuminate/Foundation/Application.php(1235): Illuminate\\Foundation\\Console\\Kernel->handle(Object(Symfony\\Component\\Console\\Input\\ArgvInput), Object(Symfony\\Component\\Console\\Output\\ConsoleOutput))
#5 /var/www/artisan(13): Illuminate\\Foundation\\Application->handleCommand(Object(Symfony\\Component\\Console\\Input\\ArgvInput))
#6 {main}
"} 
[2026-06-06 01:50:26] local.ERROR: Unable to detect application namespace. {"exception":"[object] (RuntimeException(code: 0): Unable to detect application namespace. at /var/www/vendor/laravel/framework/src/Illuminate/Foundation/Application.php:1717)
[stacktrace]
#0 /var/www/vendor/laravel/framework/src/Illuminate/Foundation/Console/Kernel.php(368): Illuminate\\Foundation\\Application->getNamespace()
#1 /var/www/vendor/laravel/framework/src/Illuminate/Foundation/Console/Kernel.php(498): Illuminate\\Foundation\\Console\\Kernel->load(Array)
#2 /var/www/vendor/laravel/framework/src/Illuminate/Foundation/Console/Kernel.php(483): Illuminate\\Foundation\\Console\\Kernel->discoverCommands()
#3 /var/www/vendor/laravel/framework/src/Illuminate/Foundation/Console/Kernel.php(196): Illuminate\\Foundation\\Console\\Kernel->bootstrap()
#4 /var/www/vendor/laravel/framework/src/Illuminate/Foundation/Application.php(1235): Illuminate\\Foundation\\Console\\Kernel->handle(Object(Symfony\\Component\\Console\\Input\\ArgvInput), Object(Symfony\\Component\\Console\\Output\\ConsoleOutput))
#5 /var/www/artisan(13): Illuminate\\Foundation\\Application->handleCommand(Object(Symfony\\Component\\Console\\Input\\ArgvInput))
#6 {main}
"} 
[2026-06-06 01:51:30] local.ERROR: Unable to detect application namespace. {"exception":"[object] (RuntimeException(code: 0): Unable to detect application namespace. at /var/www/vendor/laravel/framework/src/Illuminate/Foundation/Application.php:1717)
[stacktrace]
#0 /var/www/vendor/laravel/framework/src/Illuminate/Foundation/Console/Kernel.php(368): Illuminate\\Foundation\\Application->getNamespace()
#1 /var/www/vendor/laravel/framework/src/Illuminate/Foundation/Console/Kernel.php(498): Illuminate\\Foundation\\Console\\Kernel->load(Array)
#2 /var/www/vendor/laravel/framework/src/Illuminate/Foundation/Console/Kernel.php(483): Illuminate\\Foundation\\Console\\Kernel->discoverCommands()
#3 /var/www/vendor/laravel/framework/src/Illuminate/Foundation/Console/Kernel.php(196): Illuminate\\Foundation\\Console\\Kernel->bootstrap()
#4 /var/www/vendor/laravel/framework/src/Illuminate/Foundation/Application.php(1235): Illuminate\\Foundation\\Console\\Kernel->handle(Object(Symfony\\Component\\Console\\Input\\ArgvInput), Object(Symfony\\Component\\Console\\Output\\ConsoleOutput))
#5 /var/www/artisan(13): Illuminate\\Foundation\\Application->handleCommand(Object(Symfony\\Component\\Console\\Input\\ArgvInput))
#6 {main}
"} 
[2026-06-06 01:52:42] local.ERROR: Unable to detect application namespace. {"exception":"[object] (RuntimeException(code: 0): Unable to detect application namespace. at /var/www/vendor/laravel/framework/src/Illuminate/Foundation/Application.php:1717)
[stacktrace]
#0 /var/www/vendor/laravel/framework/src/Illuminate/Foundation/Console/Kernel.php(368): Illuminate\\Foundation\\Application->getNamespace()
#1 /var/www/vendor/laravel/framework/src/Illuminate/Foundation/Console/Kernel.php(498): Illuminate\\Foundation\\Console\\Kernel->load(Array)
#2 /var/www/vendor/laravel/framework/src/Illuminate/Foundation/Console/Kernel.php(483): Illuminate\\Foundation\\Console\\Kernel->discoverCommands()
#3 /var/www/vendor/laravel/framework/src/Illuminate/Foundation/Console/Kernel.php(196): Illuminate\\Foundation\\Console\\Kernel->bootstrap()
#4 /var/www/vendor/laravel/framework/src/Illuminate/Foundation/Application.php(1235): Illuminate\\Foundation\\Console\\Kernel->handle(Object(Symfony\\Component\\Console\\Input\\ArgvInput), Object(Symfony\\Component\\Console\\Output\\ConsoleOutput))
#5 /var/www/artisan(13): Illuminate\\Foundation\\Application->handleCommand(Object(Symfony\\Component\\Console\\Input\\ArgvInput))
#6 {main}
"} 
[2026-06-06 01:52:49] local.ERROR: Unable to detect application namespace. {"exception":"[object] (RuntimeException(code: 0): Unable to detect application namespace. at /var/www/vendor/laravel/framework/src/Illuminate/Foundation/Application.php:1717)
[stacktrace]
#0 /var/www/vendor/laravel/framework/src/Illuminate/Foundation/Console/Kernel.php(368): Illuminate\\Foundation\\Application->getNamespace()
#1 /var/www/vendor/laravel/framework/src/Illuminate/Foundation/Console/Kernel.php(498): Illuminate\\Foundation\\Console\\Kernel->load(Array)
#2 /var/www/vendor/laravel/framework/src/Illuminate/Foundation/Console/Kernel.php(483): Illuminate\\Foundation\\Console\\Kernel->discoverCommands()
#3 /var/www/vendor/laravel/framework/src/Illuminate/Foundation/Console/Kernel.php(196): Illuminate\\Foundation\\Console\\Kernel->bootstrap()
#4 /var/www/vendor/laravel/framework/src/Illuminate/Foundation/Application.php(1235): Illuminate\\Foundation\\Console\\Kernel->handle(Object(Symfony\\Component\\Console\\Input\\ArgvInput), Object(Symfony\\Component\\Console\\Output\\ConsoleOutput))
#5 /var/www/artisan(13): Illuminate\\Foundation\\Application->handleCommand(Object(Symfony\\Component\\Console\\Input\\ArgvInput))
#6 {main}
"} 
[2026-06-06 01:52:55] local.ERROR: Unable to detect application namespace. {"exception":"[object] (RuntimeException(code: 0): Unable to detect application namespace. at /var/www/vendor/laravel/framework/src/Illuminate/Foundation/Application.php:1717)
[stacktrace]
#0 /var/www/vendor/laravel/framework/src/Illuminate/Foundation/Console/Kernel.php(368): Illuminate\\Foundation\\Application->getNamespace()
#1 /var/www/vendor/laravel/framework/src/Illuminate/Foundation/Console/Kernel.php(498): Illuminate\\Foundation\\Console\\Kernel->load(Array)
#2 /var/www/vendor/laravel/framework/src/Illuminate/Foundation/Console/Kernel.php(483): Illuminate\\Foundation\\Console\\Kernel->discoverCommands()
#3 /var/www/vendor/laravel/framework/src/Illuminate/Foundation/Console/Kernel.php(196): Illuminate\\Foundation\\Console\\Kernel->bootstrap()
#4 /var/www/vendor/laravel/framework/src/Illuminate/Foundation/Application.php(1235): Illuminate\\Foundation\\Console\\Kernel->handle(Object(Symfony\\Component\\Console\\Input\\ArgvInput), Object(Symfony\\Component\\Console\\Output\\ConsoleOutput))
#5 /var/www/artisan(13): Illuminate\\Foundation\\Application->handleCommand(Object(Symfony\\Component\\Console\\Input\\ArgvInput))
#6 {main}
"} 
[2026-06-06 01:53:00] local.ERROR: Unable to detect application namespace. {"exception":"[object] (RuntimeException(code: 0): Unable to detect application namespace. at /var/www/vendor/laravel/framework/src/Illuminate/Foundation/Application.php:1717)
[stacktrace]
#0 /var/www/vendor/laravel/framework/src/Illuminate/Foundation/Console/Kernel.php(368): Illuminate\\Foundation\\Application->getNamespace()
#1 /var/www/vendor/laravel/framework/src/Illuminate/Foundation/Console/Kernel.php(498): Illuminate\\Foundation\\Console\\Kernel->load(Array)
#2 /var/www/vendor/laravel/framework/src/Illuminate/Foundation/Console/Kernel.php(483): Illuminate\\Foundation\\Console\\Kernel->discoverCommands()
#3 /var/www/vendor/laravel/framework/src/Illuminate/Foundation/Console/Kernel.php(196): Illuminate\\Foundation\\Console\\Kernel->bootstrap()
#4 /var/www/vendor/laravel/framework/src/Illuminate/Foundation/Application.php(1235): Illuminate\\Foundation\\Console\\Kernel->handle(Object(Symfony\\Component\\Console\\Input\\ArgvInput), Object(Symfony\\Component\\Console\\Output\\ConsoleOutput))
#5 /var/www/artisan(13): Illuminate\\Foundation\\Application->handleCommand(Object(Symfony\\Component\\Console\\Input\\ArgvInput))
#6 {main}
"} 
[2026-06-06 01:53:05] local.ERROR: Unable to detect application namespace. {"exception":"[object] (RuntimeException(code: 0): Unable to detect application namespace. at /var/www/vendor/laravel/framework/src/Illuminate/Foundation/Application.php:1717)
[stacktrace]
#0 /var/www/vendor/laravel/framework/src/Illuminate/Foundation/Console/Kernel.php(368): Illuminate\\Foundation\\Application->getNamespace()
#1 /var/www/vendor/laravel/framework/src/Illuminate/Foundation/Console/Kernel.php(498): Illuminate\\Foundation\\Console\\Kernel->load(Array)
#2 /var/www/vendor/laravel/framework/src/Illuminate/Foundation/Console/Kernel.php(483): Illuminate\\Foundation\\Console\\Kernel->discoverCommands()
#3 /var/www/vendor/laravel/framework/src/Illuminate/Foundation/Console/Kernel.php(196): Illuminate\\Foundation\\Console\\Kernel->bootstrap()
#4 /var/www/vendor/laravel/framework/src/Illuminate/Foundation/Application.php(1235): Illuminate\\Foundation\\Console\\Kernel->handle(Object(Symfony\\Component\\Console\\Input\\ArgvInput), Object(Symfony\\Component\\Console\\Output\\ConsoleOutput))
#5 /var/www/artisan(13): Illuminate\\Foundation\\Application->handleCommand(Object(Symfony\\Component\\Console\\Input\\ArgvInput))
#6 {main}
"} 
[2026-06-06 01:53:11] local.ERROR: Unable to detect application namespace. {"exception":"[object] (RuntimeException(code: 0): Unable to detect application namespace. at /var/www/vendor/laravel/framework/src/Illuminate/Foundation/Application.php:1717)
[stacktrace]
#0 /var/www/vendor/laravel/framework/src/Illuminate/Foundation/Console/Kernel.php(368): Illuminate\\Foundation\\Application->getNamespace()
#1 /var/www/vendor/laravel/framework/src/Illuminate/Foundation/Console/Kernel.php(498): Illuminate\\Foundation\\Console\\Kernel->load(Array)
#2 /var/www/vendor/laravel/framework/src/Illuminate/Foundation/Console/Kernel.php(483): Illuminate\\Foundation\\Console\\Kernel->discoverCommands()
#3 /var/www/vendor/laravel/framework/src/Illuminate/Foundation/Console/Kernel.php(196): Illuminate\\Foundation\\Console\\Kernel->bootstrap()
#4 /var/www/vendor/laravel/framework/src/Illuminate/Foundation/Application.php(1235): Illuminate\\Foundation\\Console\\Kernel->handle(Object(Symfony\\Component\\Console\\Input\\ArgvInput), Object(Symfony\\Component\\Console\\Output\\ConsoleOutput))
#5 /var/www/artisan(13): Illuminate\\Foundation\\Application->handleCommand(Object(Symfony\\Component\\Console\\Input\\ArgvInput))
#6 {main}
"} 
[2026-06-06 01:53:18] local.ERROR: Unable to detect application namespace. {"exception":"[object] (RuntimeException(code: 0): Unable to detect application namespace. at /var/www/vendor/laravel/framework/src/Illuminate/Foundation/Application.php:1717)
[stacktrace]
#0 /var/www/vendor/laravel/framework/src/Illuminate/Foundation/Console/Kernel.php(368): Illuminate\\Foundation\\Application->getNamespace()
#1 /var/www/vendor/laravel/framework/src/Illuminate/Foundation/Console/Kernel.php(498): Illuminate\\Foundation\\Console\\Kernel->load(Array)
#2 /var/www/vendor/laravel/framework/src/Illuminate/Foundation/Console/Kernel.php(483): Illuminate\\Foundation\\Console\\Kernel->discoverCommands()
#3 /var/www/vendor/laravel/framework/src/Illuminate/Foundation/Console/Kernel.php(196): Illuminate\\Foundation\\Console\\Kernel->bootstrap()
#4 /var/www/vendor/laravel/framework/src/Illuminate/Foundation/Application.php(1235): Illuminate\\Foundation\\Console\\Kernel->handle(Object(Symfony\\Component\\Console\\Input\\ArgvInput), Object(Symfony\\Component\\Console\\Output\\ConsoleOutput))
#5 /var/www/artisan(13): Illuminate\\Foundation\\Application->handleCommand(Object(Symfony\\Component\\Console\\Input\\ArgvInput))
#6 {main}
"} 
[2026-06-06 01:53:28] local.ERROR: Unable to detect application namespace. {"exception":"[object] (RuntimeException(code: 0): Unable to detect application namespace. at /var/www/vendor/laravel/framework/src/Illuminate/Foundation/Application.php:1717)
[stacktrace]
#0 /var/www/vendor/laravel/framework/src/Illuminate/Foundation/Console/Kernel.php(368): Illuminate\\Foundation\\Application->getNamespace()
#1 /var/www/vendor/laravel/framework/src/Illuminate/Foundation/Console/Kernel.php(498): Illuminate\\Foundation\\Console\\Kernel->load(Array)
#2 /var/www/vendor/laravel/framework/src/Illuminate/Foundation/Console/Kernel.php(483): Illuminate\\Foundation\\Console\\Kernel->discoverCommands()
#3 /var/www/vendor/laravel/framework/src/Illuminate/Foundation/Console/Kernel.php(196): Illuminate\\Foundation\\Console\\Kernel->bootstrap()
#4 /var/www/vendor/laravel/framework/src/Illuminate/Foundation/Application.php(1235): Illuminate\\Foundation\\Console\\Kernel->handle(Object(Symfony\\Component\\Console\\Input\\ArgvInput), Object(Symfony\\Component\\Console\\Output\\ConsoleOutput))
#5 /var/www/artisan(13): Illuminate\\Foundation\\Application->handleCommand(Object(Symfony\\Component\\Console\\Input\\ArgvInput))
#6 {main}
"} 
[2026-06-06 01:53:44] local.ERROR: Unable to detect application namespace. {"exception":"[object] (RuntimeException(code: 0): Unable to detect application namespace. at /var/www/vendor/laravel/framework/src/Illuminate/Foundation/Application.php:1717)
[stacktrace]
#0 /var/www/vendor/laravel/framework/src/Illuminate/Foundation/Console/Kernel.php(368): Illuminate\\Foundation\\Application->getNamespace()
#1 /var/www/vendor/laravel/framework/src/Illuminate/Foundation/Console/Kernel.php(498): Illuminate\\Foundation\\Console\\Kernel->load(Array)
#2 /var/www/vendor/laravel/framework/src/Illuminate/Foundation/Console/Kernel.php(483): Illuminate\\Foundation\\Console\\Kernel->discoverCommands()
#3 /var/www/vendor/laravel/framework/src/Illuminate/Foundation/Console/Kernel.php(196): Illuminate\\Foundation\\Console\\Kernel->bootstrap()
#4 /var/www/vendor/laravel/framework/src/Illuminate/Foundation/Application.php(1235): Illuminate\\Foundation\\Console\\Kernel->handle(Object(Symfony\\Component\\Console\\Input\\ArgvInput), Object(Symfony\\Component\\Console\\Output\\ConsoleOutput))
#5 /var/www/artisan(13): Illuminate\\Foundation\\Application->handleCommand(Object(Symfony\\Component\\Console\\Input\\ArgvInput))
#6 {main}
"} 
[2026-06-06 01:54:13] local.ERROR: Unable to detect application namespace. {"exception":"[object] (RuntimeException(code: 0): Unable to detect application namespace. at /var/www/vendor/laravel/framework/src/Illuminate/Foundation/Application.php:1717)
[stacktrace]
#0 /var/www/vendor/laravel/framework/src/Illuminate/Foundation/Console/Kernel.php(368): Illuminate\\Foundation\\Application->getNamespace()
#1 /var/www/vendor/laravel/framework/src/Illuminate/Foundation/Console/Kernel.php(498): Illuminate\\Foundation\\Console\\Kernel->load(Array)
#2 /var/www/vendor/laravel/framework/src/Illuminate/Foundation/Console/Kernel.php(483): Illuminate\\Foundation\\Console\\Kernel->discoverCommands()
#3 /var/www/vendor/laravel/framework/src/Illuminate/Foundation/Console/Kernel.php(196): Illuminate\\Foundation\\Console\\Kernel->bootstrap()
#4 /var/www/vendor/laravel/framework/src/Illuminate/Foundation/Application.php(1235): Illuminate\\Foundation\\Console\\Kernel->handle(Object(Symfony\\Component\\Console\\Input\\ArgvInput), Object(Symfony\\Component\\Console\\Output\\ConsoleOutput))
#5 /var/www/artisan(13): Illuminate\\Foundation\\Application->handleCommand(Object(Symfony\\Component\\Console\\Input\\ArgvInput))
#6 {main}
"} 
[2026-06-06 01:55:08] local.ERROR: Unable to detect application namespace. {"exception":"[object] (RuntimeException(code: 0): Unable to detect application namespace. at /var/www/vendor/laravel/framework/src/Illuminate/Foundation/Application.php:1717)
[stacktrace]
#0 /var/www/vendor/laravel/framework/src/Illuminate/Foundation/Console/Kernel.php(368): Illuminate\\Foundation\\Application->getNamespace()
#1 /var/www/vendor/laravel/framework/src/Illuminate/Foundation/Console/Kernel.php(498): Illuminate\\Foundation\\Console\\Kernel->load(Array)
#2 /var/www/vendor/laravel/framework/src/Illuminate/Foundation/Console/Kernel.php(483): Illuminate\\Foundation\\Console\\Kernel->discoverCommands()
#3 /var/www/vendor/laravel/framework/src/Illuminate/Foundation/Console/Kernel.php(196): Illuminate\\Foundation\\Console\\Kernel->bootstrap()
#4 /var/www/vendor/laravel/framework/src/Illuminate/Foundation/Application.php(1235): Illuminate\\Foundation\\Console\\Kernel->handle(Object(Symfony\\Component\\Console\\Input\\ArgvInput), Object(Symfony\\Component\\Console\\Output\\ConsoleOutput))
#5 /var/www/artisan(13): Illuminate\\Foundation\\Application->handleCommand(Object(Symfony\\Component\\Console\\Input\\ArgvInput))
#6 {main}
"} 
[2026-06-06 01:56:11] local.ERROR: Unable to detect application namespace. {"exception":"[object] (RuntimeException(code: 0): Unable to detect application namespace. at /var/www/vendor/laravel/framework/src/Illuminate/Foundation/Application.php:1717)
[stacktrace]
#0 /var/www/vendor/laravel/framework/src/Illuminate/Foundation/Console/Kernel.php(368): Illuminate\\Foundation\\Application->getNamespace()
#1 /var/www/vendor/laravel/framework/src/Illuminate/Foundation/Console/Kernel.php(498): Illuminate\\Foundation\\Console\\Kernel->load(Array)
#2 /var/www/vendor/laravel/framework/src/Illuminate/Foundation/Console/Kernel.php(483): Illuminate\\Foundation\\Console\\Kernel->discoverCommands()
#3 /var/www/vendor/laravel/framework/src/Illuminate/Foundation/Console/Kernel.php(196): Illuminate\\Foundation\\Console\\Kernel->bootstrap()
#4 /var/www/vendor/laravel/framework/src/Illuminate/Foundation/Application.php(1235): Illuminate\\Foundation\\Console\\Kernel->handle(Object(Symfony\\Component\\Console\\Input\\ArgvInput), Object(Symfony\\Component\\Console\\Output\\ConsoleOutput))
#5 /var/www/artisan(13): Illuminate\\Foundation\\Application->handleCommand(Object(Symfony\\Component\\Console\\Input\\ArgvInput))
#6 {main}
"} 
[2026-06-06 01:57:15] local.ERROR: Unable to detect application namespace. {"exception":"[object] (RuntimeException(code: 0): Unable to detect application namespace. at /var/www/vendor/laravel/framework/src/Illuminate/Foundation/Application.php:1717)
[stacktrace]
#0 /var/www/vendor/laravel/framework/src/Illuminate/Foundation/Console/Kernel.php(368): Illuminate\\Foundation\\Application->getNamespace()
#1 /var/www/vendor/laravel/framework/src/Illuminate/Foundation/Console/Kernel.php(498): Illuminate\\Foundation\\Console\\Kernel->load(Array)
#2 /var/www/vendor/laravel/framework/src/Illuminate/Foundation/Console/Kernel.php(483): Illuminate\\Foundation\\Console\\Kernel->discoverCommands()
#3 /var/www/vendor/laravel/framework/src/Illuminate/Foundation/Console/Kernel.php(196): Illuminate\\Foundation\\Console\\Kernel->bootstrap()
#4 /var/www/vendor/laravel/framework/src/Illuminate/Foundation/Application.php(1235): Illuminate\\Foundation\\Console\\Kernel->handle(Object(Symfony\\Component\\Console\\Input\\ArgvInput), Object(Symfony\\Component\\Console\\Output\\ConsoleOutput))
#5 /var/www/artisan(13): Illuminate\\Foundation\\Application->handleCommand(Object(Symfony\\Component\\Console\\Input\\ArgvInput))
#6 {main}
"} 
[2026-06-06 01:58:18] local.ERROR: Unable to detect application namespace. {"exception":"[object] (RuntimeException(code: 0): Unable to detect application namespace. at /var/www/vendor/laravel/framework/src/Illuminate/Foundation/Application.php:1717)
[stacktrace]
#0 /var/www/vendor/laravel/framework/src/Illuminate/Foundation/Console/Kernel.php(368): Illuminate\\Foundation\\Application->getNamespace()
#1 /var/www/vendor/laravel/framework/src/Illuminate/Foundation/Console/Kernel.php(498): Illuminate\\Foundation\\Console\\Kernel->load(Array)
#2 /var/www/vendor/laravel/framework/src/Illuminate/Foundation/Console/Kernel.php(483): Illuminate\\Foundation\\Console\\Kernel->discoverCommands()
#3 /var/www/vendor/laravel/framework/src/Illuminate/Foundation/Console/Kernel.php(196): Illuminate\\Foundation\\Console\\Kernel->bootstrap()
#4 /var/www/vendor/laravel/framework/src/Illuminate/Foundation/Application.php(1235): Illuminate\\Foundation\\Console\\Kernel->handle(Object(Symfony\\Component\\Console\\Input\\ArgvInput), Object(Symfony\\Component\\Console\\Output\\ConsoleOutput))
#5 /var/www/artisan(13): Illuminate\\Foundation\\Application->handleCommand(Object(Symfony\\Component\\Console\\Input\\ArgvInput))
#6 {main}
"} 
[2026-06-06 01:59:36] local.ERROR: Unable to detect application namespace. {"exception":"[object] (RuntimeException(code: 0): Unable to detect application namespace. at /var/www/vendor/laravel/framework/src/Illuminate/Foundation/Application.php:1717)
[stacktrace]
#0 /var/www/vendor/laravel/framework/src/Illuminate/Foundation/Console/Kernel.php(368): Illuminate\\Foundation\\Application->getNamespace()
#1 /var/www/vendor/laravel/framework/src/Illuminate/Foundation/Console/Kernel.php(498): Illuminate\\Foundation\\Console\\Kernel->load(Array)
#2 /var/www/vendor/laravel/framework/src/Illuminate/Foundation/Console/Kernel.php(483): Illuminate\\Foundation\\Console\\Kernel->discoverCommands()
#3 /var/www/vendor/laravel/framework/src/Illuminate/Foundation/Console/Kernel.php(196): Illuminate\\Foundation\\Console\\Kernel->bootstrap()
#4 /var/www/vendor/laravel/framework/src/Illuminate/Foundation/Application.php(1235): Illuminate\\Foundation\\Console\\Kernel->handle(Object(Symfony\\Component\\Console\\Input\\ArgvInput), Object(Symfony\\Component\\Console\\Output\\ConsoleOutput))
#5 /var/www/artisan(13): Illuminate\\Foundation\\Application->handleCommand(Object(Symfony\\Component\\Console\\Input\\ArgvInput))
#6 {main}
"} 
[2026-06-06 01:59:41] local.ERROR: Unable to detect application namespace. {"exception":"[object] (RuntimeException(code: 0): Unable to detect application namespace. at /var/www/vendor/laravel/framework/src/Illuminate/Foundation/Application.php:1717)
[stacktrace]
#0 /var/www/vendor/laravel/framework/src/Illuminate/Foundation/Console/Kernel.php(368): Illuminate\\Foundation\\Application->getNamespace()
#1 /var/www/vendor/laravel/framework/src/Illuminate/Foundation/Console/Kernel.php(498): Illuminate\\Foundation\\Console\\Kernel->load(Array)
#2 /var/www/vendor/laravel/framework/src/Illuminate/Foundation/Console/Kernel.php(483): Illuminate\\Foundation\\Console\\Kernel->discoverCommands()
#3 /var/www/vendor/laravel/framework/src/Illuminate/Foundation/Console/Kernel.php(196): Illuminate\\Foundation\\Console\\Kernel->bootstrap()
#4 /var/www/vendor/laravel/framework/src/Illuminate/Foundation/Application.php(1235): Illuminate\\Foundation\\Console\\Kernel->handle(Object(Symfony\\Component\\Console\\Input\\ArgvInput), Object(Symfony\\Component\\Console\\Output\\ConsoleOutput))
#5 /var/www/artisan(13): Illuminate\\Foundation\\Application->handleCommand(Object(Symfony\\Component\\Console\\Input\\ArgvInput))
#6 {main}
"} 
[2026-06-06 01:59:45] local.ERROR: Unable to detect application namespace. {"exception":"[object] (RuntimeException(code: 0): Unable to detect application namespace. at /var/www/vendor/laravel/framework/src/Illuminate/Foundation/Application.php:1717)
[stacktrace]
#0 /var/www/vendor/laravel/framework/src/Illuminate/Foundation/Console/Kernel.php(368): Illuminate\\Foundation\\Application->getNamespace()
#1 /var/www/vendor/laravel/framework/src/Illuminate/Foundation/Console/Kernel.php(498): Illuminate\\Foundation\\Console\\Kernel->load(Array)
#2 /var/www/vendor/laravel/framework/src/Illuminate/Foundation/Console/Kernel.php(483): Illuminate\\Foundation\\Console\\Kernel->discoverCommands()
#3 /var/www/vendor/laravel/framework/src/Illuminate/Foundation/Console/Kernel.php(196): Illuminate\\Foundation\\Console\\Kernel->bootstrap()
#4 /var/www/vendor/laravel/framework/src/Illuminate/Foundation/Application.php(1235): Illuminate\\Foundation\\Console\\Kernel->handle(Object(Symfony\\Component\\Console\\Input\\ArgvInput), Object(Symfony\\Component\\Console\\Output\\ConsoleOutput))
#5 /var/www/artisan(13): Illuminate\\Foundation\\Application->handleCommand(Object(Symfony\\Component\\Console\\Input\\ArgvInput))
#6 {main}
"} 
[2026-06-06 01:59:49] local.ERROR: Unable to detect application namespace. {"exception":"[object] (RuntimeException(code: 0): Unable to detect application namespace. at /var/www/vendor/laravel/framework/src/Illuminate/Foundation/Application.php:1717)
[stacktrace]
#0 /var/www/vendor/laravel/framework/src/Illuminate/Foundation/Console/Kernel.php(368): Illuminate\\Foundation\\Application->getNamespace()
#1 /var/www/vendor/laravel/framework/src/Illuminate/Foundation/Console/Kernel.php(498): Illuminate\\Foundation\\Console\\Kernel->load(Array)
#2 /var/www/vendor/laravel/framework/src/Illuminate/Foundation/Console/Kernel.php(483): Illuminate\\Foundation\\Console\\Kernel->discoverCommands()
#3 /var/www/vendor/laravel/framework/src/Illuminate/Foundation/Console/Kernel.php(196): Illuminate\\Foundation\\Console\\Kernel->bootstrap()
#4 /var/www/vendor/laravel/framework/src/Illuminate/Foundation/Application.php(1235): Illuminate\\Foundation\\Console\\Kernel->handle(Object(Symfony\\Component\\Console\\Input\\ArgvInput), Object(Symfony\\Component\\Console\\Output\\ConsoleOutput))
#5 /var/www/artisan(13): Illuminate\\Foundation\\Application->handleCommand(Object(Symfony\\Component\\Console\\Input\\ArgvInput))
#6 {main}
"} 
[2026-06-06 01:59:54] local.ERROR: Unable to detect application namespace. {"exception":"[object] (RuntimeException(code: 0): Unable to detect application namespace. at /var/www/vendor/laravel/framework/src/Illuminate/Foundation/Application.php:1717)
[stacktrace]
#0 /var/www/vendor/laravel/framework/src/Illuminate/Foundation/Console/Kernel.php(368): Illuminate\\Foundation\\Application->getNamespace()
#1 /var/www/vendor/laravel/framework/src/Illuminate/Foundation/Console/Kernel.php(498): Illuminate\\Foundation\\Console\\Kernel->load(Array)
#2 /var/www/vendor/laravel/framework/src/Illuminate/Foundation/Console/Kernel.php(483): Illuminate\\Foundation\\Console\\Kernel->discoverCommands()
#3 /var/www/vendor/laravel/framework/src/Illuminate/Foundation/Console/Kernel.php(196): Illuminate\\Foundation\\Console\\Kernel->bootstrap()
#4 /var/www/vendor/laravel/framework/src/Illuminate/Foundation/Application.php(1235): Illuminate\\Foundation\\Console\\Kernel->handle(Object(Symfony\\Component\\Console\\Input\\ArgvInput), Object(Symfony\\Component\\Console\\Output\\ConsoleOutput))
#5 /var/www/artisan(13): Illuminate\\Foundation\\Application->handleCommand(Object(Symfony\\Component\\Console\\Input\\ArgvInput))
#6 {main}
"} 
[2026-06-06 01:59:59] local.ERROR: Unable to detect application namespace. {"exception":"[object] (RuntimeException(code: 0): Unable to detect application namespace. at /var/www/vendor/laravel/framework/src/Illuminate/Foundation/Application.php:1717)
[stacktrace]
#0 /var/www/vendor/laravel/framework/src/Illuminate/Foundation/Console/Kernel.php(368): Illuminate\\Foundation\\Application->getNamespace()
#1 /var/www/vendor/laravel/framework/src/Illuminate/Foundation/Console/Kernel.php(498): Illuminate\\Foundation\\Console\\Kernel->load(Array)
#2 /var/www/vendor/laravel/framework/src/Illuminate/Foundation/Console/Kernel.php(483): Illuminate\\Foundation\\Console\\Kernel->discoverCommands()
#3 /var/www/vendor/laravel/framework/src/Illuminate/Foundation/Console/Kernel.php(196): Illuminate\\Foundation\\Console\\Kernel->bootstrap()
#4 /var/www/vendor/laravel/framework/src/Illuminate/Foundation/Application.php(1235): Illuminate\\Foundation\\Console\\Kernel->handle(Object(Symfony\\Component\\Console\\Input\\ArgvInput), Object(Symfony\\Component\\Console\\Output\\ConsoleOutput))
#5 /var/www/artisan(13): Illuminate\\Foundation\\Application->handleCommand(Object(Symfony\\Component\\Console\\Input\\ArgvInput))
#6 {main}
"} 
[2026-06-06 02:00:05] local.ERROR: Unable to detect application namespace. {"exception":"[object] (RuntimeException(code: 0): Unable to detect application namespace. at /var/www/vendor/laravel/framework/src/Illuminate/Foundation/Application.php:1717)
[stacktrace]
#0 /var/www/vendor/laravel/framework/src/Illuminate/Foundation/Console/Kernel.php(368): Illuminate\\Foundation\\Application->getNamespace()
#1 /var/www/vendor/laravel/framework/src/Illuminate/Foundation/Console/Kernel.php(498): Illuminate\\Foundation\\Console\\Kernel->load(Array)
#2 /var/www/vendor/laravel/framework/src/Illuminate/Foundation/Console/Kernel.php(483): Illuminate\\Foundation\\Console\\Kernel->discoverCommands()
#3 /var/www/vendor/laravel/framework/src/Illuminate/Foundation/Console/Kernel.php(196): Illuminate\\Foundation\\Console\\Kernel->bootstrap()
#4 /var/www/vendor/laravel/framework/src/Illuminate/Foundation/Application.php(1235): Illuminate\\Foundation\\Console\\Kernel->handle(Object(Symfony\\Component\\Console\\Input\\ArgvInput), Object(Symfony\\Component\\Console\\Output\\ConsoleOutput))
#5 /var/www/artisan(13): Illuminate\\Foundation\\Application->handleCommand(Object(Symfony\\Component\\Console\\Input\\ArgvInput))
#6 {main}
"} 
[2026-06-06 02:00:15] local.ERROR: Unable to detect application namespace. {"exception":"[object] (RuntimeException(code: 0): Unable to detect application namespace. at /var/www/vendor/laravel/framework/src/Illuminate/Foundation/Application.php:1717)
[stacktrace]
#0 /var/www/vendor/laravel/framework/src/Illuminate/Foundation/Console/Kernel.php(368): Illuminate\\Foundation\\Application->getNamespace()
#1 /var/www/vendor/laravel/framework/src/Illuminate/Foundation/Console/Kernel.php(498): Illuminate\\Foundation\\Console\\Kernel->load(Array)
#2 /var/www/vendor/laravel/framework/src/Illuminate/Foundation/Console/Kernel.php(483): Illuminate\\Foundation\\Console\\Kernel->discoverCommands()
#3 /var/www/vendor/laravel/framework/src/Illuminate/Foundation/Console/Kernel.php(196): Illuminate\\Foundation\\Console\\Kernel->bootstrap()
#4 /var/www/vendor/laravel/framework/src/Illuminate/Foundation/Application.php(1235): Illuminate\\Foundation\\Console\\Kernel->handle(Object(Symfony\\Component\\Console\\Input\\ArgvInput), Object(Symfony\\Component\\Console\\Output\\ConsoleOutput))
#5 /var/www/artisan(13): Illuminate\\Foundation\\Application->handleCommand(Object(Symfony\\Component\\Console\\Input\\ArgvInput))
#6 {main}
"} 
[2026-06-06 02:00:31] local.ERROR: Unable to detect application namespace. {"exception":"[object] (RuntimeException(code: 0): Unable to detect application namespace. at /var/www/vendor/laravel/framework/src/Illuminate/Foundation/Application.php:1717)
[stacktrace]
#0 /var/www/vendor/laravel/framework/src/Illuminate/Foundation/Console/Kernel.php(368): Illuminate\\Foundation\\Application->getNamespace()
#1 /var/www/vendor/laravel/framework/src/Illuminate/Foundation/Console/Kernel.php(498): Illuminate\\Foundation\\Console\\Kernel->load(Array)
#2 /var/www/vendor/laravel/framework/src/Illuminate/Foundation/Console/Kernel.php(483): Illuminate\\Foundation\\Console\\Kernel->discoverCommands()
#3 /var/www/vendor/laravel/framework/src/Illuminate/Foundation/Console/Kernel.php(196): Illuminate\\Foundation\\Console\\Kernel->bootstrap()
#4 /var/www/vendor/laravel/framework/src/Illuminate/Foundation/Application.php(1235): Illuminate\\Foundation\\Console\\Kernel->handle(Object(Symfony\\Component\\Console\\Input\\ArgvInput), Object(Symfony\\Component\\Console\\Output\\ConsoleOutput))
#5 /var/www/artisan(13): Illuminate\\Foundation\\Application->handleCommand(Object(Symfony\\Component\\Console\\Input\\ArgvInput))
#6 {main}
"} 
[2026-06-06 02:01:01] local.ERROR: Unable to detect application namespace. {"exception":"[object] (RuntimeException(code: 0): Unable to detect application namespace. at /var/www/vendor/laravel/framework/src/Illuminate/Foundation/Application.php:1717)
[stacktrace]
#0 /var/www/vendor/laravel/framework/src/Illuminate/Foundation/Console/Kernel.php(368): Illuminate\\Foundation\\Application->getNamespace()
#1 /var/www/vendor/laravel/framework/src/Illuminate/Foundation/Console/Kernel.php(498): Illuminate\\Foundation\\Console\\Kernel->load(Array)
#2 /var/www/vendor/laravel/framework/src/Illuminate/Foundation/Console/Kernel.php(483): Illuminate\\Foundation\\Console\\Kernel->discoverCommands()
#3 /var/www/vendor/laravel/framework/src/Illuminate/Foundation/Console/Kernel.php(196): Illuminate\\Foundation\\Console\\Kernel->bootstrap()
#4 /var/www/vendor/laravel/framework/src/Illuminate/Foundation/Application.php(1235): Illuminate\\Foundation\\Console\\Kernel->handle(Object(Symfony\\Component\\Console\\Input\\ArgvInput), Object(Symfony\\Component\\Console\\Output\\ConsoleOutput))
#5 /var/www/artisan(13): Illuminate\\Foundation\\Application->handleCommand(Object(Symfony\\Component\\Console\\Input\\ArgvInput))
#6 {main}
"} 
[2026-06-06 02:01:55] local.ERROR: Unable to detect application namespace. {"exception":"[object] (RuntimeException(code: 0): Unable to detect application namespace. at /var/www/vendor/laravel/framework/src/Illuminate/Foundation/Application.php:1717)
[stacktrace]
#0 /var/www/vendor/laravel/framework/src/Illuminate/Foundation/Console/Kernel.php(368): Illuminate\\Foundation\\Application->getNamespace()
#1 /var/www/vendor/laravel/framework/src/Illuminate/Foundation/Console/Kernel.php(498): Illuminate\\Foundation\\Console\\Kernel->load(Array)
#2 /var/www/vendor/laravel/framework/src/Illuminate/Foundation/Console/Kernel.php(483): Illuminate\\Foundation\\Console\\Kernel->discoverCommands()
#3 /var/www/vendor/laravel/framework/src/Illuminate/Foundation/Console/Kernel.php(196): Illuminate\\Foundation\\Console\\Kernel->bootstrap()
#4 /var/www/vendor/laravel/framework/src/Illuminate/Foundation/Application.php(1235): Illuminate\\Foundation\\Console\\Kernel->handle(Object(Symfony\\Component\\Console\\Input\\ArgvInput), Object(Symfony\\Component\\Console\\Output\\ConsoleOutput))
#5 /var/www/artisan(13): Illuminate\\Foundation\\Application->handleCommand(Object(Symfony\\Component\\Console\\Input\\ArgvInput))
#6 {main}
"} 
[2026-06-06 02:02:59] local.ERROR: Unable to detect application namespace. {"exception":"[object] (RuntimeException(code: 0): Unable to detect application namespace. at /var/www/vendor/laravel/framework/src/Illuminate/Foundation/Application.php:1717)
[stacktrace]
#0 /var/www/vendor/laravel/framework/src/Illuminate/Foundation/Console/Kernel.php(368): Illuminate\\Foundation\\Application->getNamespace()
#1 /var/www/vendor/laravel/framework/src/Illuminate/Foundation/Console/Kernel.php(498): Illuminate\\Foundation\\Console\\Kernel->load(Array)
#2 /var/www/vendor/laravel/framework/src/Illuminate/Foundation/Console/Kernel.php(483): Illuminate\\Foundation\\Console\\Kernel->discoverCommands()
#3 /var/www/vendor/laravel/framework/src/Illuminate/Foundation/Console/Kernel.php(196): Illuminate\\Foundation\\Console\\Kernel->bootstrap()
#4 /var/www/vendor/laravel/framework/src/Illuminate/Foundation/Application.php(1235): Illuminate\\Foundation\\Console\\Kernel->handle(Object(Symfony\\Component\\Console\\Input\\ArgvInput), Object(Symfony\\Component\\Console\\Output\\ConsoleOutput))
#5 /var/www/artisan(13): Illuminate\\Foundation\\Application->handleCommand(Object(Symfony\\Component\\Console\\Input\\ArgvInput))
#6 {main}
"} 
[2026-06-06 02:04:02] local.ERROR: Unable to detect application namespace. {"exception":"[object] (RuntimeException(code: 0): Unable to detect application namespace. at /var/www/vendor/laravel/framework/src/Illuminate/Foundation/Application.php:1717)
[stacktrace]
#0 /var/www/vendor/laravel/framework/src/Illuminate/Foundation/Console/Kernel.php(368): Illuminate\\Foundation\\Application->getNamespace()
#1 /var/www/vendor/laravel/framework/src/Illuminate/Foundation/Console/Kernel.php(498): Illuminate\\Foundation\\Console\\Kernel->load(Array)
#2 /var/www/vendor/laravel/framework/src/Illuminate/Foundation/Console/Kernel.php(483): Illuminate\\Foundation\\Console\\Kernel->discoverCommands()
#3 /var/www/vendor/laravel/framework/src/Illuminate/Foundation/Console/Kernel.php(196): Illuminate\\Foundation\\Console\\Kernel->bootstrap()
#4 /var/www/vendor/laravel/framework/src/Illuminate/Foundation/Application.php(1235): Illuminate\\Foundation\\Console\\Kernel->handle(Object(Symfony\\Component\\Console\\Input\\ArgvInput), Object(Symfony\\Component\\Console\\Output\\ConsoleOutput))
#5 /var/www/artisan(13): Illuminate\\Foundation\\Application->handleCommand(Object(Symfony\\Component\\Console\\Input\\ArgvInput))
#6 {main}
"} 
[2026-06-06 02:05:06] local.ERROR: Unable to detect application namespace. {"exception":"[object] (RuntimeException(code: 0): Unable to detect application namespace. at /var/www/vendor/laravel/framework/src/Illuminate/Foundation/Application.php:1717)
[stacktrace]
#0 /var/www/vendor/laravel/framework/src/Illuminate/Foundation/Console/Kernel.php(368): Illuminate\\Foundation\\Application->getNamespace()
#1 /var/www/vendor/laravel/framework/src/Illuminate/Foundation/Console/Kernel.php(498): Illuminate\\Foundation\\Console\\Kernel->load(Array)
#2 /var/www/vendor/laravel/framework/src/Illuminate/Foundation/Console/Kernel.php(483): Illuminate\\Foundation\\Console\\Kernel->discoverCommands()
#3 /var/www/vendor/laravel/framework/src/Illuminate/Foundation/Console/Kernel.php(196): Illuminate\\Foundation\\Console\\Kernel->bootstrap()
#4 /var/www/vendor/laravel/framework/src/Illuminate/Foundation/Application.php(1235): Illuminate\\Foundation\\Console\\Kernel->handle(Object(Symfony\\Component\\Console\\Input\\ArgvInput), Object(Symfony\\Component\\Console\\Output\\ConsoleOutput))
#5 /var/www/artisan(13): Illuminate\\Foundation\\Application->handleCommand(Object(Symfony\\Component\\Console\\Input\\ArgvInput))
#6 {main}
"} 
[2026-06-06 02:06:09] local.ERROR: Unable to detect application namespace. {"exception":"[object] (RuntimeException(code: 0): Unable to detect application namespace. at /var/www/vendor/laravel/framework/src/Illuminate/Foundation/Application.php:1717)
[stacktrace]
#0 /var/www/vendor/laravel/framework/src/Illuminate/Foundation/Console/Kernel.php(368): Illuminate\\Foundation\\Application->getNamespace()
#1 /var/www/vendor/laravel/framework/src/Illuminate/Foundation/Console/Kernel.php(498): Illuminate\\Foundation\\Console\\Kernel->load(Array)
#2 /var/www/vendor/laravel/framework/src/Illuminate/Foundation/Console/Kernel.php(483): Illuminate\\Foundation\\Console\\Kernel->discoverCommands()
#3 /var/www/vendor/laravel/framework/src/Illuminate/Foundation/Console/Kernel.php(196): Illuminate\\Foundation\\Console\\Kernel->bootstrap()
#4 /var/www/vendor/laravel/framework/src/Illuminate/Foundation/Application.php(1235): Illuminate\\Foundation\\Console\\Kernel->handle(Object(Symfony\\Component\\Console\\Input\\ArgvInput), Object(Symfony\\Component\\Console\\Output\\ConsoleOutput))
#5 /var/www/artisan(13): Illuminate\\Foundation\\Application->handleCommand(Object(Symfony\\Component\\Console\\Input\\ArgvInput))
#6 {main}
"} 
[2026-06-06 02:07:12] local.ERROR: Unable to detect application namespace. {"exception":"[object] (RuntimeException(code: 0): Unable to detect application namespace. at /var/www/vendor/laravel/framework/src/Illuminate/Foundation/Application.php:1717)
[stacktrace]
#0 /var/www/vendor/laravel/framework/src/Illuminate/Foundation/Console/Kernel.php(368): Illuminate\\Foundation\\Application->getNamespace()
#1 /var/www/vendor/laravel/framework/src/Illuminate/Foundation/Console/Kernel.php(498): Illuminate\\Foundation\\Console\\Kernel->load(Array)
#2 /var/www/vendor/laravel/framework/src/Illuminate/Foundation/Console/Kernel.php(483): Illuminate\\Foundation\\Console\\Kernel->discoverCommands()
#3 /var/www/vendor/laravel/framework/src/Illuminate/Foundation/Console/Kernel.php(196): Illuminate\\Foundation\\Console\\Kernel->bootstrap()
#4 /var/www/vendor/laravel/framework/src/Illuminate/Foundation/Application.php(1235): Illuminate\\Foundation\\Console\\Kernel->handle(Object(Symfony\\Component\\Console\\Input\\ArgvInput), Object(Symfony\\Component\\Console\\Output\\ConsoleOutput))
#5 /var/www/artisan(13): Illuminate\\Foundation\\Application->handleCommand(Object(Symfony\\Component\\Console\\Input\\ArgvInput))
#6 {main}
"} 
[2026-06-06 02:08:16] local.ERROR: Unable to detect application namespace. {"exception":"[object] (RuntimeException(code: 0): Unable to detect application namespace. at /var/www/vendor/laravel/framework/src/Illuminate/Foundation/Application.php:1717)
[stacktrace]
#0 /var/www/vendor/laravel/framework/src/Illuminate/Foundation/Console/Kernel.php(368): Illuminate\\Foundation\\Application->getNamespace()
#1 /var/www/vendor/laravel/framework/src/Illuminate/Foundation/Console/Kernel.php(498): Illuminate\\Foundation\\Console\\Kernel->load(Array)
#2 /var/www/vendor/laravel/framework/src/Illuminate/Foundation/Console/Kernel.php(483): Illuminate\\Foundation\\Console\\Kernel->discoverCommands()
#3 /var/www/vendor/laravel/framework/src/Illuminate/Foundation/Console/Kernel.php(196): Illuminate\\Foundation\\Console\\Kernel->bootstrap()
#4 /var/www/vendor/laravel/framework/src/Illuminate/Foundation/Application.php(1235): Illuminate\\Foundation\\Console\\Kernel->handle(Object(Symfony\\Component\\Console\\Input\\ArgvInput), Object(Symfony\\Component\\Console\\Output\\ConsoleOutput))
#5 /var/www/artisan(13): Illuminate\\Foundation\\Application->handleCommand(Object(Symfony\\Component\\Console\\Input\\ArgvInput))
#6 {main}
"} 
[2026-06-06 02:09:19] local.ERROR: Unable to detect application namespace. {"exception":"[object] (RuntimeException(code: 0): Unable to detect application namespace. at /var/www/vendor/laravel/framework/src/Illuminate/Foundation/Application.php:1717)
[stacktrace]
#0 /var/www/vendor/laravel/framework/src/Illuminate/Foundation/Console/Kernel.php(368): Illuminate\\Foundation\\Application->getNamespace()
#1 /var/www/vendor/laravel/framework/src/Illuminate/Foundation/Console/Kernel.php(498): Illuminate\\Foundation\\Console\\Kernel->load(Array)
#2 /var/www/vendor/laravel/framework/src/Illuminate/Foundation/Console/Kernel.php(483): Illuminate\\Foundation\\Console\\Kernel->discoverCommands()
#3 /var/www/vendor/laravel/framework/src/Illuminate/Foundation/Console/Kernel.php(196): Illuminate\\Foundation\\Console\\Kernel->bootstrap()
#4 /var/www/vendor/laravel/framework/src/Illuminate/Foundation/Application.php(1235): Illuminate\\Foundation\\Console\\Kernel->handle(Object(Symfony\\Component\\Console\\Input\\ArgvInput), Object(Symfony\\Component\\Console\\Output\\ConsoleOutput))
#5 /var/www/artisan(13): Illuminate\\Foundation\\Application->handleCommand(Object(Symfony\\Component\\Console\\Input\\ArgvInput))
#6 {main}
"} 
[2026-06-06 02:10:23] local.ERROR: Unable to detect application namespace. {"exception":"[object] (RuntimeException(code: 0): Unable to detect application namespace. at /var/www/vendor/laravel/framework/src/Illuminate/Foundation/Application.php:1717)
[stacktrace]
#0 /var/www/vendor/laravel/framework/src/Illuminate/Foundation/Console/Kernel.php(368): Illuminate\\Foundation\\Application->getNamespace()
#1 /var/www/vendor/laravel/framework/src/Illuminate/Foundation/Console/Kernel.php(498): Illuminate\\Foundation\\Console\\Kernel->load(Array)
#2 /var/www/vendor/laravel/framework/src/Illuminate/Foundation/Console/Kernel.php(483): Illuminate\\Foundation\\Console\\Kernel->discoverCommands()
#3 /var/www/vendor/laravel/framework/src/Illuminate/Foundation/Console/Kernel.php(196): Illuminate\\Foundation\\Console\\Kernel->bootstrap()
#4 /var/www/vendor/laravel/framework/src/Illuminate/Foundation/Application.php(1235): Illuminate\\Foundation\\Console\\Kernel->handle(Object(Symfony\\Component\\Console\\Input\\ArgvInput), Object(Symfony\\Component\\Console\\Output\\ConsoleOutput))
#5 /var/www/artisan(13): Illuminate\\Foundation\\Application->handleCommand(Object(Symfony\\Component\\Console\\Input\\ArgvInput))
#6 {main}
"} 
[2026-06-06 02:11:26] local.ERROR: Unable to detect application namespace. {"exception":"[object] (RuntimeException(code: 0): Unable to detect application namespace. at /var/www/vendor/laravel/framework/src/Illuminate/Foundation/Application.php:1717)
[stacktrace]
#0 /var/www/vendor/laravel/framework/src/Illuminate/Foundation/Console/Kernel.php(368): Illuminate\\Foundation\\Application->getNamespace()
#1 /var/www/vendor/laravel/framework/src/Illuminate/Foundation/Console/Kernel.php(498): Illuminate\\Foundation\\Console\\Kernel->load(Array)
#2 /var/www/vendor/laravel/framework/src/Illuminate/Foundation/Console/Kernel.php(483): Illuminate\\Foundation\\Console\\Kernel->discoverCommands()
#3 /var/www/vendor/laravel/framework/src/Illuminate/Foundation/Console/Kernel.php(196): Illuminate\\Foundation\\Console\\Kernel->bootstrap()
#4 /var/www/vendor/laravel/framework/src/Illuminate/Foundation/Application.php(1235): Illuminate\\Foundation\\Console\\Kernel->handle(Object(Symfony\\Component\\Console\\Input\\ArgvInput), Object(Symfony\\Component\\Console\\Output\\ConsoleOutput))
#5 /var/www/artisan(13): Illuminate\\Foundation\\Application->handleCommand(Object(Symfony\\Component\\Console\\Input\\ArgvInput))
#6 {main}
"} 
[2026-06-06 02:12:30] local.ERROR: Unable to detect application namespace. {"exception":"[object] (RuntimeException(code: 0): Unable to detect application namespace. at /var/www/vendor/laravel/framework/src/Illuminate/Foundation/Application.php:1717)
[stacktrace]
#0 /var/www/vendor/laravel/framework/src/Illuminate/Foundation/Console/Kernel.php(368): Illuminate\\Foundation\\Application->getNamespace()
#1 /var/www/vendor/laravel/framework/src/Illuminate/Foundation/Console/Kernel.php(498): Illuminate\\Foundation\\Console\\Kernel->load(Array)
#2 /var/www/vendor/laravel/framework/src/Illuminate/Foundation/Console/Kernel.php(483): Illuminate\\Foundation\\Console\\Kernel->discoverCommands()
#3 /var/www/vendor/laravel/framework/src/Illuminate/Foundation/Console/Kernel.php(196): Illuminate\\Foundation\\Console\\Kernel->bootstrap()
#4 /var/www/vendor/laravel/framework/src/Illuminate/Foundation/Application.php(1235): Illuminate\\Foundation\\Console\\Kernel->handle(Object(Symfony\\Component\\Console\\Input\\ArgvInput), Object(Symfony\\Component\\Console\\Output\\ConsoleOutput))
#5 /var/www/artisan(13): Illuminate\\Foundation\\Application->handleCommand(Object(Symfony\\Component\\Console\\Input\\ArgvInput))
#6 {main}
"} 
[2026-06-06 02:13:33] local.ERROR: Unable to detect application namespace. {"exception":"[object] (RuntimeException(code: 0): Unable to detect application namespace. at /var/www/vendor/laravel/framework/src/Illuminate/Foundation/Application.php:1717)
[stacktrace]
#0 /var/www/vendor/laravel/framework/src/Illuminate/Foundation/Console/Kernel.php(368): Illuminate\\Foundation\\Application->getNamespace()
#1 /var/www/vendor/laravel/framework/src/Illuminate/Foundation/Console/Kernel.php(498): Illuminate\\Foundation\\Console\\Kernel->load(Array)
#2 /var/www/vendor/laravel/framework/src/Illuminate/Foundation/Console/Kernel.php(483): Illuminate\\Foundation\\Console\\Kernel->discoverCommands()
#3 /var/www/vendor/laravel/framework/src/Illuminate/Foundation/Console/Kernel.php(196): Illuminate\\Foundation\\Console\\Kernel->bootstrap()
#4 /var/www/vendor/laravel/framework/src/Illuminate/Foundation/Application.php(1235): Illuminate\\Foundation\\Console\\Kernel->handle(Object(Symfony\\Component\\Console\\Input\\ArgvInput), Object(Symfony\\Component\\Console\\Output\\ConsoleOutput))
#5 /var/www/artisan(13): Illuminate\\Foundation\\Application->handleCommand(Object(Symfony\\Component\\Console\\Input\\ArgvInput))
#6 {main}
"} 
[2026-06-06 02:14:36] local.ERROR: Unable to detect application namespace. {"exception":"[object] (RuntimeException(code: 0): Unable to detect application namespace. at /var/www/vendor/laravel/framework/src/Illuminate/Foundation/Application.php:1717)
[stacktrace]
#0 /var/www/vendor/laravel/framework/src/Illuminate/Foundation/Console/Kernel.php(368): Illuminate\\Foundation\\Application->getNamespace()
#1 /var/www/vendor/laravel/framework/src/Illuminate/Foundation/Console/Kernel.php(498): Illuminate\\Foundation\\Console\\Kernel->load(Array)
#2 /var/www/vendor/laravel/framework/src/Illuminate/Foundation/Console/Kernel.php(483): Illuminate\\Foundation\\Console\\Kernel->discoverCommands()
#3 /var/www/vendor/laravel/framework/src/Illuminate/Foundation/Console/Kernel.php(196): Illuminate\\Foundation\\Console\\Kernel->bootstrap()
#4 /var/www/vendor/laravel/framework/src/Illuminate/Foundation/Application.php(1235): Illuminate\\Foundation\\Console\\Kernel->handle(Object(Symfony\\Component\\Console\\Input\\ArgvInput), Object(Symfony\\Component\\Console\\Output\\ConsoleOutput))
#5 /var/www/artisan(13): Illuminate\\Foundation\\Application->handleCommand(Object(Symfony\\Component\\Console\\Input\\ArgvInput))
#6 {main}
"} 
[2026-06-06 02:15:40] local.ERROR: Unable to detect application namespace. {"exception":"[object] (RuntimeException(code: 0): Unable to detect application namespace. at /var/www/vendor/laravel/framework/src/Illuminate/Foundation/Application.php:1717)
[stacktrace]
#0 /var/www/vendor/laravel/framework/src/Illuminate/Foundation/Console/Kernel.php(368): Illuminate\\Foundation\\Application->getNamespace()
#1 /var/www/vendor/laravel/framework/src/Illuminate/Foundation/Console/Kernel.php(498): Illuminate\\Foundation\\Console\\Kernel->load(Array)
#2 /var/www/vendor/laravel/framework/src/Illuminate/Foundation/Console/Kernel.php(483): Illuminate\\Foundation\\Console\\Kernel->discoverCommands()
#3 /var/www/vendor/laravel/framework/src/Illuminate/Foundation/Console/Kernel.php(196): Illuminate\\Foundation\\Console\\Kernel->bootstrap()
#4 /var/www/vendor/laravel/framework/src/Illuminate/Foundation/Application.php(1235): Illuminate\\Foundation\\Console\\Kernel->handle(Object(Symfony\\Component\\Console\\Input\\ArgvInput), Object(Symfony\\Component\\Console\\Output\\ConsoleOutput))
#5 /var/www/artisan(13): Illuminate\\Foundation\\Application->handleCommand(Object(Symfony\\Component\\Console\\Input\\ArgvInput))
#6 {main}
"} 
[2026-06-06 02:16:43] local.ERROR: Unable to detect application namespace. {"exception":"[object] (RuntimeException(code: 0): Unable to detect application namespace. at /var/www/vendor/laravel/framework/src/Illuminate/Foundation/Application.php:1717)
[stacktrace]
#0 /var/www/vendor/laravel/framework/src/Illuminate/Foundation/Console/Kernel.php(368): Illuminate\\Foundation\\Application->getNamespace()
#1 /var/www/vendor/laravel/framework/src/Illuminate/Foundation/Console/Kernel.php(498): Illuminate\\Foundation\\Console\\Kernel->load(Array)
#2 /var/www/vendor/laravel/framework/src/Illuminate/Foundation/Console/Kernel.php(483): Illuminate\\Foundation\\Console\\Kernel->discoverCommands()
#3 /var/www/vendor/laravel/framework/src/Illuminate/Foundation/Console/Kernel.php(196): Illuminate\\Foundation\\Console\\Kernel->bootstrap()
#4 /var/www/vendor/laravel/framework/src/Illuminate/Foundation/Application.php(1235): Illuminate\\Foundation\\Console\\Kernel->handle(Object(Symfony\\Component\\Console\\Input\\ArgvInput), Object(Symfony\\Component\\Console\\Output\\ConsoleOutput))
#5 /var/www/artisan(13): Illuminate\\Foundation\\Application->handleCommand(Object(Symfony\\Component\\Console\\Input\\ArgvInput))
#6 {main}
"} 
[2026-06-06 02:17:46] local.ERROR: Unable to detect application namespace. {"exception":"[object] (RuntimeException(code: 0): Unable to detect application namespace. at /var/www/vendor/laravel/framework/src/Illuminate/Foundation/Application.php:1717)
[stacktrace]
#0 /var/www/vendor/laravel/framework/src/Illuminate/Foundation/Console/Kernel.php(368): Illuminate\\Foundation\\Application->getNamespace()
#1 /var/www/vendor/laravel/framework/src/Illuminate/Foundation/Console/Kernel.php(498): Illuminate\\Foundation\\Console\\Kernel->load(Array)
#2 /var/www/vendor/laravel/framework/src/Illuminate/Foundation/Console/Kernel.php(483): Illuminate\\Foundation\\Console\\Kernel->discoverCommands()
#3 /var/www/vendor/laravel/framework/src/Illuminate/Foundation/Console/Kernel.php(196): Illuminate\\Foundation\\Console\\Kernel->bootstrap()
#4 /var/www/vendor/laravel/framework/src/Illuminate/Foundation/Application.php(1235): Illuminate\\Foundation\\Console\\Kernel->handle(Object(Symfony\\Component\\Console\\Input\\ArgvInput), Object(Symfony\\Component\\Console\\Output\\ConsoleOutput))
#5 /var/www/artisan(13): Illuminate\\Foundation\\Application->handleCommand(Object(Symfony\\Component\\Console\\Input\\ArgvInput))
#6 {main}
"} 
[2026-06-06 02:18:50] local.ERROR: Unable to detect application namespace. {"exception":"[object] (RuntimeException(code: 0): Unable to detect application namespace. at /var/www/vendor/laravel/framework/src/Illuminate/Foundation/Application.php:1717)
[stacktrace]
#0 /var/www/vendor/laravel/framework/src/Illuminate/Foundation/Console/Kernel.php(368): Illuminate\\Foundation\\Application->getNamespace()
#1 /var/www/vendor/laravel/framework/src/Illuminate/Foundation/Console/Kernel.php(498): Illuminate\\Foundation\\Console\\Kernel->load(Array)
#2 /var/www/vendor/laravel/framework/src/Illuminate/Foundation/Console/Kernel.php(483): Illuminate\\Foundation\\Console\\Kernel->discoverCommands()
#3 /var/www/vendor/laravel/framework/src/Illuminate/Foundation/Console/Kernel.php(196): Illuminate\\Foundation\\Console\\Kernel->bootstrap()
#4 /var/www/vendor/laravel/framework/src/Illuminate/Foundation/Application.php(1235): Illuminate\\Foundation\\Console\\Kernel->handle(Object(Symfony\\Component\\Console\\Input\\ArgvInput), Object(Symfony\\Component\\Console\\Output\\ConsoleOutput))
#5 /var/www/artisan(13): Illuminate\\Foundation\\Application->handleCommand(Object(Symfony\\Component\\Console\\Input\\ArgvInput))
#6 {main}
"} 
[2026-06-06 02:19:53] local.ERROR: Unable to detect application namespace. {"exception":"[object] (RuntimeException(code: 0): Unable to detect application namespace. at /var/www/vendor/laravel/framework/src/Illuminate/Foundation/Application.php:1717)
[stacktrace]
#0 /var/www/vendor/laravel/framework/src/Illuminate/Foundation/Console/Kernel.php(368): Illuminate\\Foundation\\Application->getNamespace()
#1 /var/www/vendor/laravel/framework/src/Illuminate/Foundation/Console/Kernel.php(498): Illuminate\\Foundation\\Console\\Kernel->load(Array)
#2 /var/www/vendor/laravel/framework/src/Illuminate/Foundation/Console/Kernel.php(483): Illuminate\\Foundation\\Console\\Kernel->discoverCommands()
#3 /var/www/vendor/laravel/framework/src/Illuminate/Foundation/Console/Kernel.php(196): Illuminate\\Foundation\\Console\\Kernel->bootstrap()
#4 /var/www/vendor/laravel/framework/src/Illuminate/Foundation/Application.php(1235): Illuminate\\Foundation\\Console\\Kernel->handle(Object(Symfony\\Component\\Console\\Input\\ArgvInput), Object(Symfony\\Component\\Console\\Output\\ConsoleOutput))
#5 /var/www/artisan(13): Illuminate\\Foundation\\Application->handleCommand(Object(Symfony\\Component\\Console\\Input\\ArgvInput))
#6 {main}
"} 
[2026-06-06 02:20:56] local.ERROR: Unable to detect application namespace. {"exception":"[object] (RuntimeException(code: 0): Unable to detect application namespace. at /var/www/vendor/laravel/framework/src/Illuminate/Foundation/Application.php:1717)
[stacktrace]
#0 /var/www/vendor/laravel/framework/src/Illuminate/Foundation/Console/Kernel.php(368): Illuminate\\Foundation\\Application->getNamespace()
#1 /var/www/vendor/laravel/framework/src/Illuminate/Foundation/Console/Kernel.php(498): Illuminate\\Foundation\\Console\\Kernel->load(Array)
#2 /var/www/vendor/laravel/framework/src/Illuminate/Foundation/Console/Kernel.php(483): Illuminate\\Foundation\\Console\\Kernel->discoverCommands()
#3 /var/www/vendor/laravel/framework/src/Illuminate/Foundation/Console/Kernel.php(196): Illuminate\\Foundation\\Console\\Kernel->bootstrap()
#4 /var/www/vendor/laravel/framework/src/Illuminate/Foundation/Application.php(1235): Illuminate\\Foundation\\Console\\Kernel->handle(Object(Symfony\\Component\\Console\\Input\\ArgvInput), Object(Symfony\\Component\\Console\\Output\\ConsoleOutput))
#5 /var/www/artisan(13): Illuminate\\Foundation\\Application->handleCommand(Object(Symfony\\Component\\Console\\Input\\ArgvInput))
#6 {main}
"} 
[2026-06-06 02:22:00] local.ERROR: Unable to detect application namespace. {"exception":"[object] (RuntimeException(code: 0): Unable to detect application namespace. at /var/www/vendor/laravel/framework/src/Illuminate/Foundation/Application.php:1717)
[stacktrace]
#0 /var/www/vendor/laravel/framework/src/Illuminate/Foundation/Console/Kernel.php(368): Illuminate\\Foundation\\Application->getNamespace()
#1 /var/www/vendor/laravel/framework/src/Illuminate/Foundation/Console/Kernel.php(498): Illuminate\\Foundation\\Console\\Kernel->load(Array)
#2 /var/www/vendor/laravel/framework/src/Illuminate/Foundation/Console/Kernel.php(483): Illuminate\\Foundation\\Console\\Kernel->discoverCommands()
#3 /var/www/vendor/laravel/framework/src/Illuminate/Foundation/Console/Kernel.php(196): Illuminate\\Foundation\\Console\\Kernel->bootstrap()
#4 /var/www/vendor/laravel/framework/src/Illuminate/Foundation/Application.php(1235): Illuminate\\Foundation\\Console\\Kernel->handle(Object(Symfony\\Component\\Console\\Input\\ArgvInput), Object(Symfony\\Component\\Console\\Output\\ConsoleOutput))
#5 /var/www/artisan(13): Illuminate\\Foundation\\Application->handleCommand(Object(Symfony\\Component\\Console\\Input\\ArgvInput))
#6 {main}
"} 
[2026-06-06 02:23:03] local.ERROR: Unable to detect application namespace. {"exception":"[object] (RuntimeException(code: 0): Unable to detect application namespace. at /var/www/vendor/laravel/framework/src/Illuminate/Foundation/Application.php:1717)
[stacktrace]
#0 /var/www/vendor/laravel/framework/src/Illuminate/Foundation/Console/Kernel.php(368): Illuminate\\Foundation\\Application->getNamespace()
#1 /var/www/vendor/laravel/framework/src/Illuminate/Foundation/Console/Kernel.php(498): Illuminate\\Foundation\\Console\\Kernel->load(Array)
#2 /var/www/vendor/laravel/framework/src/Illuminate/Foundation/Console/Kernel.php(483): Illuminate\\Foundation\\Console\\Kernel->discoverCommands()
#3 /var/www/vendor/laravel/framework/src/Illuminate/Foundation/Console/Kernel.php(196): Illuminate\\Foundation\\Console\\Kernel->bootstrap()
#4 /var/www/vendor/laravel/framework/src/Illuminate/Foundation/Application.php(1235): Illuminate\\Foundation\\Console\\Kernel->handle(Object(Symfony\\Component\\Console\\Input\\ArgvInput), Object(Symfony\\Component\\Console\\Output\\ConsoleOutput))
#5 /var/www/artisan(13): Illuminate\\Foundation\\Application->handleCommand(Object(Symfony\\Component\\Console\\Input\\ArgvInput))
#6 {main}
"} 
[2026-06-06 02:24:07] local.ERROR: Unable to detect application namespace. {"exception":"[object] (RuntimeException(code: 0): Unable to detect application namespace. at /var/www/vendor/laravel/framework/src/Illuminate/Foundation/Application.php:1717)
[stacktrace]
#0 /var/www/vendor/laravel/framework/src/Illuminate/Foundation/Console/Kernel.php(368): Illuminate\\Foundation\\Application->getNamespace()
#1 /var/www/vendor/laravel/framework/src/Illuminate/Foundation/Console/Kernel.php(498): Illuminate\\Foundation\\Console\\Kernel->load(Array)
#2 /var/www/vendor/laravel/framework/src/Illuminate/Foundation/Console/Kernel.php(483): Illuminate\\Foundation\\Console\\Kernel->discoverCommands()
#3 /var/www/vendor/laravel/framework/src/Illuminate/Foundation/Console/Kernel.php(196): Illuminate\\Foundation\\Console\\Kernel->bootstrap()
#4 /var/www/vendor/laravel/framework/src/Illuminate/Foundation/Application.php(1235): Illuminate\\Foundation\\Console\\Kernel->handle(Object(Symfony\\Component\\Console\\Input\\ArgvInput), Object(Symfony\\Component\\Console\\Output\\ConsoleOutput))
#5 /var/www/artisan(13): Illuminate\\Foundation\\Application->handleCommand(Object(Symfony\\Component\\Console\\Input\\ArgvInput))
#6 {main}
"} 
[2026-06-06 02:25:10] local.ERROR: Unable to detect application namespace. {"exception":"[object] (RuntimeException(code: 0): Unable to detect application namespace. at /var/www/vendor/laravel/framework/src/Illuminate/Foundation/Application.php:1717)
[stacktrace]
#0 /var/www/vendor/laravel/framework/src/Illuminate/Foundation/Console/Kernel.php(368): Illuminate\\Foundation\\Application->getNamespace()
#1 /var/www/vendor/laravel/framework/src/Illuminate/Foundation/Console/Kernel.php(498): Illuminate\\Foundation\\Console\\Kernel->load(Array)
#2 /var/www/vendor/laravel/framework/src/Illuminate/Foundation/Console/Kernel.php(483): Illuminate\\Foundation\\Console\\Kernel->discoverCommands()
#3 /var/www/vendor/laravel/framework/src/Illuminate/Foundation/Console/Kernel.php(196): Illuminate\\Foundation\\Console\\Kernel->bootstrap()
#4 /var/www/vendor/laravel/framework/src/Illuminate/Foundation/Application.php(1235): Illuminate\\Foundation\\Console\\Kernel->handle(Object(Symfony\\Component\\Console\\Input\\ArgvInput), Object(Symfony\\Component\\Console\\Output\\ConsoleOutput))
#5 /var/www/artisan(13): Illuminate\\Foundation\\Application->handleCommand(Object(Symfony\\Component\\Console\\Input\\ArgvInput))
#6 {main}
"} 
[2026-06-06 02:26:13] local.ERROR: Unable to detect application namespace. {"exception":"[object] (RuntimeException(code: 0): Unable to detect application namespace. at /var/www/vendor/laravel/framework/src/Illuminate/Foundation/Application.php:1717)
[stacktrace]
#0 /var/www/vendor/laravel/framework/src/Illuminate/Foundation/Console/Kernel.php(368): Illuminate\\Foundation\\Application->getNamespace()
#1 /var/www/vendor/laravel/framework/src/Illuminate/Foundation/Console/Kernel.php(498): Illuminate\\Foundation\\Console\\Kernel->load(Array)
#2 /var/www/vendor/laravel/framework/src/Illuminate/Foundation/Console/Kernel.php(483): Illuminate\\Foundation\\Console\\Kernel->discoverCommands()
#3 /var/www/vendor/laravel/framework/src/Illuminate/Foundation/Console/Kernel.php(196): Illuminate\\Foundation\\Console\\Kernel->bootstrap()
#4 /var/www/vendor/laravel/framework/src/Illuminate/Foundation/Application.php(1235): Illuminate\\Foundation\\Console\\Kernel->handle(Object(Symfony\\Component\\Console\\Input\\ArgvInput), Object(Symfony\\Component\\Console\\Output\\ConsoleOutput))
#5 /var/www/artisan(13): Illuminate\\Foundation\\Application->handleCommand(Object(Symfony\\Component\\Console\\Input\\ArgvInput))
#6 {main}
"} 
[2026-06-06 02:27:17] local.ERROR: Unable to detect application namespace. {"exception":"[object] (RuntimeException(code: 0): Unable to detect application namespace. at /var/www/vendor/laravel/framework/src/Illuminate/Foundation/Application.php:1717)
[stacktrace]
#0 /var/www/vendor/laravel/framework/src/Illuminate/Foundation/Console/Kernel.php(368): Illuminate\\Foundation\\Application->getNamespace()
#1 /var/www/vendor/laravel/framework/src/Illuminate/Foundation/Console/Kernel.php(498): Illuminate\\Foundation\\Console\\Kernel->load(Array)
#2 /var/www/vendor/laravel/framework/src/Illuminate/Foundation/Console/Kernel.php(483): Illuminate\\Foundation\\Console\\Kernel->discoverCommands()
#3 /var/www/vendor/laravel/framework/src/Illuminate/Foundation/Console/Kernel.php(196): Illuminate\\Foundation\\Console\\Kernel->bootstrap()
#4 /var/www/vendor/laravel/framework/src/Illuminate/Foundation/Application.php(1235): Illuminate\\Foundation\\Console\\Kernel->handle(Object(Symfony\\Component\\Console\\Input\\ArgvInput), Object(Symfony\\Component\\Console\\Output\\ConsoleOutput))
#5 /var/www/artisan(13): Illuminate\\Foundation\\Application->handleCommand(Object(Symfony\\Component\\Console\\Input\\ArgvInput))
#6 {main}
"} 
[2026-06-06 02:28:20] local.ERROR: Unable to detect application namespace. {"exception":"[object] (RuntimeException(code: 0): Unable to detect application namespace. at /var/www/vendor/laravel/framework/src/Illuminate/Foundation/Application.php:1717)
[stacktrace]
#0 /var/www/vendor/laravel/framework/src/Illuminate/Foundation/Console/Kernel.php(368): Illuminate\\Foundation\\Application->getNamespace()
#1 /var/www/vendor/laravel/framework/src/Illuminate/Foundation/Console/Kernel.php(498): Illuminate\\Foundation\\Console\\Kernel->load(Array)
#2 /var/www/vendor/laravel/framework/src/Illuminate/Foundation/Console/Kernel.php(483): Illuminate\\Foundation\\Console\\Kernel->discoverCommands()
#3 /var/www/vendor/laravel/framework/src/Illuminate/Foundation/Console/Kernel.php(196): Illuminate\\Foundation\\Console\\Kernel->bootstrap()
#4 /var/www/vendor/laravel/framework/src/Illuminate/Foundation/Application.php(1235): Illuminate\\Foundation\\Console\\Kernel->handle(Object(Symfony\\Component\\Console\\Input\\ArgvInput), Object(Symfony\\Component\\Console\\Output\\ConsoleOutput))
#5 /var/www/artisan(13): Illuminate\\Foundation\\Application->handleCommand(Object(Symfony\\Component\\Console\\Input\\ArgvInput))
#6 {main}
"} 
[2026-06-06 02:29:24] local.ERROR: Unable to detect application namespace. {"exception":"[object] (RuntimeException(code: 0): Unable to detect application namespace. at /var/www/vendor/laravel/framework/src/Illuminate/Foundation/Application.php:1717)
[stacktrace]
#0 /var/www/vendor/laravel/framework/src/Illuminate/Foundation/Console/Kernel.php(368): Illuminate\\Foundation\\Application->getNamespace()
#1 /var/www/vendor/laravel/framework/src/Illuminate/Foundation/Console/Kernel.php(498): Illuminate\\Foundation\\Console\\Kernel->load(Array)
#2 /var/www/vendor/laravel/framework/src/Illuminate/Foundation/Console/Kernel.php(483): Illuminate\\Foundation\\Console\\Kernel->discoverCommands()
#3 /var/www/vendor/laravel/framework/src/Illuminate/Foundation/Console/Kernel.php(196): Illuminate\\Foundation\\Console\\Kernel->bootstrap()
#4 /var/www/vendor/laravel/framework/src/Illuminate/Foundation/Application.php(1235): Illuminate\\Foundation\\Console\\Kernel->handle(Object(Symfony\\Component\\Console\\Input\\ArgvInput), Object(Symfony\\Component\\Console\\Output\\ConsoleOutput))
#5 /var/www/artisan(13): Illuminate\\Foundation\\Application->handleCommand(Object(Symfony\\Component\\Console\\Input\\ArgvInput))
#6 {main}
"} 
[2026-06-06 02:30:27] local.ERROR: Unable to detect application namespace. {"exception":"[object] (RuntimeException(code: 0): Unable to detect application namespace. at /var/www/vendor/laravel/framework/src/Illuminate/Foundation/Application.php:1717)
[stacktrace]
#0 /var/www/vendor/laravel/framework/src/Illuminate/Foundation/Console/Kernel.php(368): Illuminate\\Foundation\\Application->getNamespace()
#1 /var/www/vendor/laravel/framework/src/Illuminate/Foundation/Console/Kernel.php(498): Illuminate\\Foundation\\Console\\Kernel->load(Array)
#2 /var/www/vendor/laravel/framework/src/Illuminate/Foundation/Console/Kernel.php(483): Illuminate\\Foundation\\Console\\Kernel->discoverCommands()
#3 /var/www/vendor/laravel/framework/src/Illuminate/Foundation/Console/Kernel.php(196): Illuminate\\Foundation\\Console\\Kernel->bootstrap()
#4 /var/www/vendor/laravel/framework/src/Illuminate/Foundation/Application.php(1235): Illuminate\\Foundation\\Console\\Kernel->handle(Object(Symfony\\Component\\Console\\Input\\ArgvInput), Object(Symfony\\Component\\Console\\Output\\ConsoleOutput))
#5 /var/www/artisan(13): Illuminate\\Foundation\\Application->handleCommand(Object(Symfony\\Component\\Console\\Input\\ArgvInput))
#6 {main}
"} 
[2026-06-06 02:31:30] local.ERROR: Unable to detect application namespace. {"exception":"[object] (RuntimeException(code: 0): Unable to detect application namespace. at /var/www/vendor/laravel/framework/src/Illuminate/Foundation/Application.php:1717)
[stacktrace]
#0 /var/www/vendor/laravel/framework/src/Illuminate/Foundation/Console/Kernel.php(368): Illuminate\\Foundation\\Application->getNamespace()
#1 /var/www/vendor/laravel/framework/src/Illuminate/Foundation/Console/Kernel.php(498): Illuminate\\Foundation\\Console\\Kernel->load(Array)
#2 /var/www/vendor/laravel/framework/src/Illuminate/Foundation/Console/Kernel.php(483): Illuminate\\Foundation\\Console\\Kernel->discoverCommands()
#3 /var/www/vendor/laravel/framework/src/Illuminate/Foundation/Console/Kernel.php(196): Illuminate\\Foundation\\Console\\Kernel->bootstrap()
#4 /var/www/vendor/laravel/framework/src/Illuminate/Foundation/Application.php(1235): Illuminate\\Foundation\\Console\\Kernel->handle(Object(Symfony\\Component\\Console\\Input\\ArgvInput), Object(Symfony\\Component\\Console\\Output\\ConsoleOutput))
#5 /var/www/artisan(13): Illuminate\\Foundation\\Application->handleCommand(Object(Symfony\\Component\\Console\\Input\\ArgvInput))
#6 {main}
"} 
[2026-06-06 02:32:34] local.ERROR: Unable to detect application namespace. {"exception":"[object] (RuntimeException(code: 0): Unable to detect application namespace. at /var/www/vendor/laravel/framework/src/Illuminate/Foundation/Application.php:1717)
[stacktrace]
#0 /var/www/vendor/laravel/framework/src/Illuminate/Foundation/Console/Kernel.php(368): Illuminate\\Foundation\\Application->getNamespace()
#1 /var/www/vendor/laravel/framework/src/Illuminate/Foundation/Console/Kernel.php(498): Illuminate\\Foundation\\Console\\Kernel->load(Array)
#2 /var/www/vendor/laravel/framework/src/Illuminate/Foundation/Console/Kernel.php(483): Illuminate\\Foundation\\Console\\Kernel->discoverCommands()
#3 /var/www/vendor/laravel/framework/src/Illuminate/Foundation/Console/Kernel.php(196): Illuminate\\Foundation\\Console\\Kernel->bootstrap()
#4 /var/www/vendor/laravel/framework/src/Illuminate/Foundation/Application.php(1235): Illuminate\\Foundation\\Console\\Kernel->handle(Object(Symfony\\Component\\Console\\Input\\ArgvInput), Object(Symfony\\Component\\Console\\Output\\ConsoleOutput))
#5 /var/www/artisan(13): Illuminate\\Foundation\\Application->handleCommand(Object(Symfony\\Component\\Console\\Input\\ArgvInput))
#6 {main}
"} 
[2026-06-06 02:33:37] local.ERROR: Unable to detect application namespace. {"exception":"[object] (RuntimeException(code: 0): Unable to detect application namespace. at /var/www/vendor/laravel/framework/src/Illuminate/Foundation/Application.php:1717)
[stacktrace]
#0 /var/www/vendor/laravel/framework/src/Illuminate/Foundation/Console/Kernel.php(368): Illuminate\\Foundation\\Application->getNamespace()
#1 /var/www/vendor/laravel/framework/src/Illuminate/Foundation/Console/Kernel.php(498): Illuminate\\Foundation\\Console\\Kernel->load(Array)
#2 /var/www/vendor/laravel/framework/src/Illuminate/Foundation/Console/Kernel.php(483): Illuminate\\Foundation\\Console\\Kernel->discoverCommands()
#3 /var/www/vendor/laravel/framework/src/Illuminate/Foundation/Console/Kernel.php(196): Illuminate\\Foundation\\Console\\Kernel->bootstrap()
#4 /var/www/vendor/laravel/framework/src/Illuminate/Foundation/Application.php(1235): Illuminate\\Foundation\\Console\\Kernel->handle(Object(Symfony\\Component\\Console\\Input\\ArgvInput), Object(Symfony\\Component\\Console\\Output\\ConsoleOutput))
#5 /var/www/artisan(13): Illuminate\\Foundation\\Application->handleCommand(Object(Symfony\\Component\\Console\\Input\\ArgvInput))
#6 {main}
"} 
[2026-06-06 02:34:40] local.ERROR: Unable to detect application namespace. {"exception":"[object] (RuntimeException(code: 0): Unable to detect application namespace. at /var/www/vendor/laravel/framework/src/Illuminate/Foundation/Application.php:1717)
[stacktrace]
#0 /var/www/vendor/laravel/framework/src/Illuminate/Foundation/Console/Kernel.php(368): Illuminate\\Foundation\\Application->getNamespace()
#1 /var/www/vendor/laravel/framework/src/Illuminate/Foundation/Console/Kernel.php(498): Illuminate\\Foundation\\Console\\Kernel->load(Array)
#2 /var/www/vendor/laravel/framework/src/Illuminate/Foundation/Console/Kernel.php(483): Illuminate\\Foundation\\Console\\Kernel->discoverCommands()
#3 /var/www/vendor/laravel/framework/src/Illuminate/Foundation/Console/Kernel.php(196): Illuminate\\Foundation\\Console\\Kernel->bootstrap()
#4 /var/www/vendor/laravel/framework/src/Illuminate/Foundation/Application.php(1235): Illuminate\\Foundation\\Console\\Kernel->handle(Object(Symfony\\Component\\Console\\Input\\ArgvInput), Object(Symfony\\Component\\Console\\Output\\ConsoleOutput))
#5 /var/www/artisan(13): Illuminate\\Foundation\\Application->handleCommand(Object(Symfony\\Component\\Console\\Input\\ArgvInput))
#6 {main}
"} 
[2026-06-06 02:35:44] local.ERROR: Unable to detect application namespace. {"exception":"[object] (RuntimeException(code: 0): Unable to detect application namespace. at /var/www/vendor/laravel/framework/src/Illuminate/Foundation/Application.php:1717)
[stacktrace]
#0 /var/www/vendor/laravel/framework/src/Illuminate/Foundation/Console/Kernel.php(368): Illuminate\\Foundation\\Application->getNamespace()
#1 /var/www/vendor/laravel/framework/src/Illuminate/Foundation/Console/Kernel.php(498): Illuminate\\Foundation\\Console\\Kernel->load(Array)
#2 /var/www/vendor/laravel/framework/src/Illuminate/Foundation/Console/Kernel.php(483): Illuminate\\Foundation\\Console\\Kernel->discoverCommands()
#3 /var/www/vendor/laravel/framework/src/Illuminate/Foundation/Console/Kernel.php(196): Illuminate\\Foundation\\Console\\Kernel->bootstrap()
#4 /var/www/vendor/laravel/framework/src/Illuminate/Foundation/Application.php(1235): Illuminate\\Foundation\\Console\\Kernel->handle(Object(Symfony\\Component\\Console\\Input\\ArgvInput), Object(Symfony\\Component\\Console\\Output\\ConsoleOutput))
#5 /var/www/artisan(13): Illuminate\\Foundation\\Application->handleCommand(Object(Symfony\\Component\\Console\\Input\\ArgvInput))
#6 {main}
"} 
[2026-06-06 02:36:47] local.ERROR: Unable to detect application namespace. {"exception":"[object] (RuntimeException(code: 0): Unable to detect application namespace. at /var/www/vendor/laravel/framework/src/Illuminate/Foundation/Application.php:1717)
[stacktrace]
#0 /var/www/vendor/laravel/framework/src/Illuminate/Foundation/Console/Kernel.php(368): Illuminate\\Foundation\\Application->getNamespace()
#1 /var/www/vendor/laravel/framework/src/Illuminate/Foundation/Console/Kernel.php(498): Illuminate\\Foundation\\Console\\Kernel->load(Array)
#2 /var/www/vendor/laravel/framework/src/Illuminate/Foundation/Console/Kernel.php(483): Illuminate\\Foundation\\Console\\Kernel->discoverCommands()
#3 /var/www/vendor/laravel/framework/src/Illuminate/Foundation/Console/Kernel.php(196): Illuminate\\Foundation\\Console\\Kernel->bootstrap()
#4 /var/www/vendor/laravel/framework/src/Illuminate/Foundation/Application.php(1235): Illuminate\\Foundation\\Console\\Kernel->handle(Object(Symfony\\Component\\Console\\Input\\ArgvInput), Object(Symfony\\Component\\Console\\Output\\ConsoleOutput))
#5 /var/www/artisan(13): Illuminate\\Foundation\\Application->handleCommand(Object(Symfony\\Component\\Console\\Input\\ArgvInput))
#6 {main}
"} 
[2026-06-06 02:37:50] local.ERROR: Unable to detect application namespace. {"exception":"[object] (RuntimeException(code: 0): Unable to detect application namespace. at /var/www/vendor/laravel/framework/src/Illuminate/Foundation/Application.php:1717)
[stacktrace]
#0 /var/www/vendor/laravel/framework/src/Illuminate/Foundation/Console/Kernel.php(368): Illuminate\\Foundation\\Application->getNamespace()
#1 /var/www/vendor/laravel/framework/src/Illuminate/Foundation/Console/Kernel.php(498): Illuminate\\Foundation\\Console\\Kernel->load(Array)
#2 /var/www/vendor/laravel/framework/src/Illuminate/Foundation/Console/Kernel.php(483): Illuminate\\Foundation\\Console\\Kernel->discoverCommands()
#3 /var/www/vendor/laravel/framework/src/Illuminate/Foundation/Console/Kernel.php(196): Illuminate\\Foundation\\Console\\Kernel->bootstrap()
#4 /var/www/vendor/laravel/framework/src/Illuminate/Foundation/Application.php(1235): Illuminate\\Foundation\\Console\\Kernel->handle(Object(Symfony\\Component\\Console\\Input\\ArgvInput), Object(Symfony\\Component\\Console\\Output\\ConsoleOutput))
#5 /var/www/artisan(13): Illuminate\\Foundation\\Application->handleCommand(Object(Symfony\\Component\\Console\\Input\\ArgvInput))
#6 {main}
"} 
[2026-06-06 02:38:54] local.ERROR: Unable to detect application namespace. {"exception":"[object] (RuntimeException(code: 0): Unable to detect application namespace. at /var/www/vendor/laravel/framework/src/Illuminate/Foundation/Application.php:1717)
[stacktrace]
#0 /var/www/vendor/laravel/framework/src/Illuminate/Foundation/Console/Kernel.php(368): Illuminate\\Foundation\\Application->getNamespace()
#1 /var/www/vendor/laravel/framework/src/Illuminate/Foundation/Console/Kernel.php(498): Illuminate\\Foundation\\Console\\Kernel->load(Array)
#2 /var/www/vendor/laravel/framework/src/Illuminate/Foundation/Console/Kernel.php(483): Illuminate\\Foundation\\Console\\Kernel->discoverCommands()
#3 /var/www/vendor/laravel/framework/src/Illuminate/Foundation/Console/Kernel.php(196): Illuminate\\Foundation\\Console\\Kernel->bootstrap()
#4 /var/www/vendor/laravel/framework/src/Illuminate/Foundation/Application.php(1235): Illuminate\\Foundation\\Console\\Kernel->handle(Object(Symfony\\Component\\Console\\Input\\ArgvInput), Object(Symfony\\Component\\Console\\Output\\ConsoleOutput))
#5 /var/www/artisan(13): Illuminate\\Foundation\\Application->handleCommand(Object(Symfony\\Component\\Console\\Input\\ArgvInput))
#6 {main}
"} 
[2026-06-06 02:39:57] local.ERROR: Unable to detect application namespace. {"exception":"[object] (RuntimeException(code: 0): Unable to detect application namespace. at /var/www/vendor/laravel/framework/src/Illuminate/Foundation/Application.php:1717)
[stacktrace]
#0 /var/www/vendor/laravel/framework/src/Illuminate/Foundation/Console/Kernel.php(368): Illuminate\\Foundation\\Application->getNamespace()
#1 /var/www/vendor/laravel/framework/src/Illuminate/Foundation/Console/Kernel.php(498): Illuminate\\Foundation\\Console\\Kernel->load(Array)
#2 /var/www/vendor/laravel/framework/src/Illuminate/Foundation/Console/Kernel.php(483): Illuminate\\Foundation\\Console\\Kernel->discoverCommands()
#3 /var/www/vendor/laravel/framework/src/Illuminate/Foundation/Console/Kernel.php(196): Illuminate\\Foundation\\Console\\Kernel->bootstrap()
#4 /var/www/vendor/laravel/framework/src/Illuminate/Foundation/Application.php(1235): Illuminate\\Foundation\\Console\\Kernel->handle(Object(Symfony\\Component\\Console\\Input\\ArgvInput), Object(Symfony\\Component\\Console\\Output\\ConsoleOutput))
#5 /var/www/artisan(13): Illuminate\\Foundation\\Application->handleCommand(Object(Symfony\\Component\\Console\\Input\\ArgvInput))
#6 {main}
"} 
[2026-06-06 02:41:00] local.ERROR: Unable to detect application namespace. {"exception":"[object] (RuntimeException(code: 0): Unable to detect application namespace. at /var/www/vendor/laravel/framework/src/Illuminate/Foundation/Application.php:1717)
[stacktrace]
#0 /var/www/vendor/laravel/framework/src/Illuminate/Foundation/Console/Kernel.php(368): Illuminate\\Foundation\\Application->getNamespace()
#1 /var/www/vendor/laravel/framework/src/Illuminate/Foundation/Console/Kernel.php(498): Illuminate\\Foundation\\Console\\Kernel->load(Array)
#2 /var/www/vendor/laravel/framework/src/Illuminate/Foundation/Console/Kernel.php(483): Illuminate\\Foundation\\Console\\Kernel->discoverCommands()
#3 /var/www/vendor/laravel/framework/src/Illuminate/Foundation/Console/Kernel.php(196): Illuminate\\Foundation\\Console\\Kernel->bootstrap()
#4 /var/www/vendor/laravel/framework/src/Illuminate/Foundation/Application.php(1235): Illuminate\\Foundation\\Console\\Kernel->handle(Object(Symfony\\Component\\Console\\Input\\ArgvInput), Object(Symfony\\Component\\Console\\Output\\ConsoleOutput))
#5 /var/www/artisan(13): Illuminate\\Foundation\\Application->handleCommand(Object(Symfony\\Component\\Console\\Input\\ArgvInput))
#6 {main}
"} 
[2026-06-06 02:42:04] local.ERROR: Unable to detect application namespace. {"exception":"[object] (RuntimeException(code: 0): Unable to detect application namespace. at /var/www/vendor/laravel/framework/src/Illuminate/Foundation/Application.php:1717)
[stacktrace]
#0 /var/www/vendor/laravel/framework/src/Illuminate/Foundation/Console/Kernel.php(368): Illuminate\\Foundation\\Application->getNamespace()
#1 /var/www/vendor/laravel/framework/src/Illuminate/Foundation/Console/Kernel.php(498): Illuminate\\Foundation\\Console\\Kernel->load(Array)
#2 /var/www/vendor/laravel/framework/src/Illuminate/Foundation/Console/Kernel.php(483): Illuminate\\Foundation\\Console\\Kernel->discoverCommands()
#3 /var/www/vendor/laravel/framework/src/Illuminate/Foundation/Console/Kernel.php(196): Illuminate\\Foundation\\Console\\Kernel->bootstrap()
#4 /var/www/vendor/laravel/framework/src/Illuminate/Foundation/Application.php(1235): Illuminate\\Foundation\\Console\\Kernel->handle(Object(Symfony\\Component\\Console\\Input\\ArgvInput), Object(Symfony\\Component\\Console\\Output\\ConsoleOutput))
#5 /var/www/artisan(13): Illuminate\\Foundation\\Application->handleCommand(Object(Symfony\\Component\\Console\\Input\\ArgvInput))
#6 {main}
"} 
[2026-06-06 02:43:07] local.ERROR: Unable to detect application namespace. {"exception":"[object] (RuntimeException(code: 0): Unable to detect application namespace. at /var/www/vendor/laravel/framework/src/Illuminate/Foundation/Application.php:1717)
[stacktrace]
#0 /var/www/vendor/laravel/framework/src/Illuminate/Foundation/Console/Kernel.php(368): Illuminate\\Foundation\\Application->getNamespace()
#1 /var/www/vendor/laravel/framework/src/Illuminate/Foundation/Console/Kernel.php(498): Illuminate\\Foundation\\Console\\Kernel->load(Array)
#2 /var/www/vendor/laravel/framework/src/Illuminate/Foundation/Console/Kernel.php(483): Illuminate\\Foundation\\Console\\Kernel->discoverCommands()
#3 /var/www/vendor/laravel/framework/src/Illuminate/Foundation/Console/Kernel.php(196): Illuminate\\Foundation\\Console\\Kernel->bootstrap()
#4 /var/www/vendor/laravel/framework/src/Illuminate/Foundation/Application.php(1235): Illuminate\\Foundation\\Console\\Kernel->handle(Object(Symfony\\Component\\Console\\Input\\ArgvInput), Object(Symfony\\Component\\Console\\Output\\ConsoleOutput))
#5 /var/www/artisan(13): Illuminate\\Foundation\\Application->handleCommand(Object(Symfony\\Component\\Console\\Input\\ArgvInput))
#6 {main}
"} 
[2026-06-06 02:44:10] local.ERROR: Unable to detect application namespace. {"exception":"[object] (RuntimeException(code: 0): Unable to detect application namespace. at /var/www/vendor/laravel/framework/src/Illuminate/Foundation/Application.php:1717)
[stacktrace]
#0 /var/www/vendor/laravel/framework/src/Illuminate/Foundation/Console/Kernel.php(368): Illuminate\\Foundation\\Application->getNamespace()
#1 /var/www/vendor/laravel/framework/src/Illuminate/Foundation/Console/Kernel.php(498): Illuminate\\Foundation\\Console\\Kernel->load(Array)
#2 /var/www/vendor/laravel/framework/src/Illuminate/Foundation/Console/Kernel.php(483): Illuminate\\Foundation\\Console\\Kernel->discoverCommands()
#3 /var/www/vendor/laravel/framework/src/Illuminate/Foundation/Console/Kernel.php(196): Illuminate\\Foundation\\Console\\Kernel->bootstrap()
#4 /var/www/vendor/laravel/framework/src/Illuminate/Foundation/Application.php(1235): Illuminate\\Foundation\\Console\\Kernel->handle(Object(Symfony\\Component\\Console\\Input\\ArgvInput), Object(Symfony\\Component\\Console\\Output\\ConsoleOutput))
#5 /var/www/artisan(13): Illuminate\\Foundation\\Application->handleCommand(Object(Symfony\\Component\\Console\\Input\\ArgvInput))
#6 {main}
"} 
[2026-06-06 02:45:13] local.ERROR: Unable to detect application namespace. {"exception":"[object] (RuntimeException(code: 0): Unable to detect application namespace. at /var/www/vendor/laravel/framework/src/Illuminate/Foundation/Application.php:1717)
[stacktrace]
#0 /var/www/vendor/laravel/framework/src/Illuminate/Foundation/Console/Kernel.php(368): Illuminate\\Foundation\\Application->getNamespace()
#1 /var/www/vendor/laravel/framework/src/Illuminate/Foundation/Console/Kernel.php(498): Illuminate\\Foundation\\Console\\Kernel->load(Array)
#2 /var/www/vendor/laravel/framework/src/Illuminate/Foundation/Console/Kernel.php(483): Illuminate\\Foundation\\Console\\Kernel->discoverCommands()
#3 /var/www/vendor/laravel/framework/src/Illuminate/Foundation/Console/Kernel.php(196): Illuminate\\Foundation\\Console\\Kernel->bootstrap()
#4 /var/www/vendor/laravel/framework/src/Illuminate/Foundation/Application.php(1235): Illuminate\\Foundation\\Console\\Kernel->handle(Object(Symfony\\Component\\Console\\Input\\ArgvInput), Object(Symfony\\Component\\Console\\Output\\ConsoleOutput))
#5 /var/www/artisan(13): Illuminate\\Foundation\\Application->handleCommand(Object(Symfony\\Component\\Console\\Input\\ArgvInput))
#6 {main}
"} 
[2026-06-06 02:46:17] local.ERROR: Unable to detect application namespace. {"exception":"[object] (RuntimeException(code: 0): Unable to detect application namespace. at /var/www/vendor/laravel/framework/src/Illuminate/Foundation/Application.php:1717)
[stacktrace]
#0 /var/www/vendor/laravel/framework/src/Illuminate/Foundation/Console/Kernel.php(368): Illuminate\\Foundation\\Application->getNamespace()
#1 /var/www/vendor/laravel/framework/src/Illuminate/Foundation/Console/Kernel.php(498): Illuminate\\Foundation\\Console\\Kernel->load(Array)
#2 /var/www/vendor/laravel/framework/src/Illuminate/Foundation/Console/Kernel.php(483): Illuminate\\Foundation\\Console\\Kernel->discoverCommands()
#3 /var/www/vendor/laravel/framework/src/Illuminate/Foundation/Console/Kernel.php(196): Illuminate\\Foundation\\Console\\Kernel->bootstrap()
#4 /var/www/vendor/laravel/framework/src/Illuminate/Foundation/Application.php(1235): Illuminate\\Foundation\\Console\\Kernel->handle(Object(Symfony\\Component\\Console\\Input\\ArgvInput), Object(Symfony\\Component\\Console\\Output\\ConsoleOutput))
#5 /var/www/artisan(13): Illuminate\\Foundation\\Application->handleCommand(Object(Symfony\\Component\\Console\\Input\\ArgvInput))
#6 {main}
"} 
[2026-06-06 02:47:20] local.ERROR: Unable to detect application namespace. {"exception":"[object] (RuntimeException(code: 0): Unable to detect application namespace. at /var/www/vendor/laravel/framework/src/Illuminate/Foundation/Application.php:1717)
[stacktrace]
#0 /var/www/vendor/laravel/framework/src/Illuminate/Foundation/Console/Kernel.php(368): Illuminate\\Foundation\\Application->getNamespace()
#1 /var/www/vendor/laravel/framework/src/Illuminate/Foundation/Console/Kernel.php(498): Illuminate\\Foundation\\Console\\Kernel->load(Array)
#2 /var/www/vendor/laravel/framework/src/Illuminate/Foundation/Console/Kernel.php(483): Illuminate\\Foundation\\Console\\Kernel->discoverCommands()
#3 /var/www/vendor/laravel/framework/src/Illuminate/Foundation/Console/Kernel.php(196): Illuminate\\Foundation\\Console\\Kernel->bootstrap()
#4 /var/www/vendor/laravel/framework/src/Illuminate/Foundation/Application.php(1235): Illuminate\\Foundation\\Console\\Kernel->handle(Object(Symfony\\Component\\Console\\Input\\ArgvInput), Object(Symfony\\Component\\Console\\Output\\ConsoleOutput))
#5 /var/www/artisan(13): Illuminate\\Foundation\\Application->handleCommand(Object(Symfony\\Component\\Console\\Input\\ArgvInput))
#6 {main}
"} 
[2026-06-06 02:48:23] local.ERROR: Unable to detect application namespace. {"exception":"[object] (RuntimeException(code: 0): Unable to detect application namespace. at /var/www/vendor/laravel/framework/src/Illuminate/Foundation/Application.php:1717)
[stacktrace]
#0 /var/www/vendor/laravel/framework/src/Illuminate/Foundation/Console/Kernel.php(368): Illuminate\\Foundation\\Application->getNamespace()
#1 /var/www/vendor/laravel/framework/src/Illuminate/Foundation/Console/Kernel.php(498): Illuminate\\Foundation\\Console\\Kernel->load(Array)
#2 /var/www/vendor/laravel/framework/src/Illuminate/Foundation/Console/Kernel.php(483): Illuminate\\Foundation\\Console\\Kernel->discoverCommands()
#3 /var/www/vendor/laravel/framework/src/Illuminate/Foundation/Console/Kernel.php(196): Illuminate\\Foundation\\Console\\Kernel->bootstrap()
#4 /var/www/vendor/laravel/framework/src/Illuminate/Foundation/Application.php(1235): Illuminate\\Foundation\\Console\\Kernel->handle(Object(Symfony\\Component\\Console\\Input\\ArgvInput), Object(Symfony\\Component\\Console\\Output\\ConsoleOutput))
#5 /var/www/artisan(13): Illuminate\\Foundation\\Application->handleCommand(Object(Symfony\\Component\\Console\\Input\\ArgvInput))
#6 {main}
"} 
[2026-06-06 02:49:26] local.ERROR: Unable to detect application namespace. {"exception":"[object] (RuntimeException(code: 0): Unable to detect application namespace. at /var/www/vendor/laravel/framework/src/Illuminate/Foundation/Application.php:1717)
[stacktrace]
#0 /var/www/vendor/laravel/framework/src/Illuminate/Foundation/Console/Kernel.php(368): Illuminate\\Foundation\\Application->getNamespace()
#1 /var/www/vendor/laravel/framework/src/Illuminate/Foundation/Console/Kernel.php(498): Illuminate\\Foundation\\Console\\Kernel->load(Array)
#2 /var/www/vendor/laravel/framework/src/Illuminate/Foundation/Console/Kernel.php(483): Illuminate\\Foundation\\Console\\Kernel->discoverCommands()
#3 /var/www/vendor/laravel/framework/src/Illuminate/Foundation/Console/Kernel.php(196): Illuminate\\Foundation\\Console\\Kernel->bootstrap()
#4 /var/www/vendor/laravel/framework/src/Illuminate/Foundation/Application.php(1235): Illuminate\\Foundation\\Console\\Kernel->handle(Object(Symfony\\Component\\Console\\Input\\ArgvInput), Object(Symfony\\Component\\Console\\Output\\ConsoleOutput))
#5 /var/www/artisan(13): Illuminate\\Foundation\\Application->handleCommand(Object(Symfony\\Component\\Console\\Input\\ArgvInput))
#6 {main}
"} 
[2026-06-06 02:50:30] local.ERROR: Unable to detect application namespace. {"exception":"[object] (RuntimeException(code: 0): Unable to detect application namespace. at /var/www/vendor/laravel/framework/src/Illuminate/Foundation/Application.php:1717)
[stacktrace]
#0 /var/www/vendor/laravel/framework/src/Illuminate/Foundation/Console/Kernel.php(368): Illuminate\\Foundation\\Application->getNamespace()
#1 /var/www/vendor/laravel/framework/src/Illuminate/Foundation/Console/Kernel.php(498): Illuminate\\Foundation\\Console\\Kernel->load(Array)
#2 /var/www/vendor/laravel/framework/src/Illuminate/Foundation/Console/Kernel.php(483): Illuminate\\Foundation\\Console\\Kernel->discoverCommands()
#3 /var/www/vendor/laravel/framework/src/Illuminate/Foundation/Console/Kernel.php(196): Illuminate\\Foundation\\Console\\Kernel->bootstrap()
#4 /var/www/vendor/laravel/framework/src/Illuminate/Foundation/Application.php(1235): Illuminate\\Foundation\\Console\\Kernel->handle(Object(Symfony\\Component\\Console\\Input\\ArgvInput), Object(Symfony\\Component\\Console\\Output\\ConsoleOutput))
#5 /var/www/artisan(13): Illuminate\\Foundation\\Application->handleCommand(Object(Symfony\\Component\\Console\\Input\\ArgvInput))
#6 {main}
"} 
[2026-06-06 02:51:33] local.ERROR: Unable to detect application namespace. {"exception":"[object] (RuntimeException(code: 0): Unable to detect application namespace. at /var/www/vendor/laravel/framework/src/Illuminate/Foundation/Application.php:1717)
[stacktrace]
#0 /var/www/vendor/laravel/framework/src/Illuminate/Foundation/Console/Kernel.php(368): Illuminate\\Foundation\\Application->getNamespace()
#1 /var/www/vendor/laravel/framework/src/Illuminate/Foundation/Console/Kernel.php(498): Illuminate\\Foundation\\Console\\Kernel->load(Array)
#2 /var/www/vendor/laravel/framework/src/Illuminate/Foundation/Console/Kernel.php(483): Illuminate\\Foundation\\Console\\Kernel->discoverCommands()
#3 /var/www/vendor/laravel/framework/src/Illuminate/Foundation/Console/Kernel.php(196): Illuminate\\Foundation\\Console\\Kernel->bootstrap()
#4 /var/www/vendor/laravel/framework/src/Illuminate/Foundation/Application.php(1235): Illuminate\\Foundation\\Console\\Kernel->handle(Object(Symfony\\Component\\Console\\Input\\ArgvInput), Object(Symfony\\Component\\Console\\Output\\ConsoleOutput))
#5 /var/www/artisan(13): Illuminate\\Foundation\\Application->handleCommand(Object(Symfony\\Component\\Console\\Input\\ArgvInput))
#6 {main}
"} 
[2026-06-06 02:52:36] local.ERROR: Unable to detect application namespace. {"exception":"[object] (RuntimeException(code: 0): Unable to detect application namespace. at /var/www/vendor/laravel/framework/src/Illuminate/Foundation/Application.php:1717)
[stacktrace]
#0 /var/www/vendor/laravel/framework/src/Illuminate/Foundation/Console/Kernel.php(368): Illuminate\\Foundation\\Application->getNamespace()
#1 /var/www/vendor/laravel/framework/src/Illuminate/Foundation/Console/Kernel.php(498): Illuminate\\Foundation\\Console\\Kernel->load(Array)
#2 /var/www/vendor/laravel/framework/src/Illuminate/Foundation/Console/Kernel.php(483): Illuminate\\Foundation\\Console\\Kernel->discoverCommands()
#3 /var/www/vendor/laravel/framework/src/Illuminate/Foundation/Console/Kernel.php(196): Illuminate\\Foundation\\Console\\Kernel->bootstrap()
#4 /var/www/vendor/laravel/framework/src/Illuminate/Foundation/Application.php(1235): Illuminate\\Foundation\\Console\\Kernel->handle(Object(Symfony\\Component\\Console\\Input\\ArgvInput), Object(Symfony\\Component\\Console\\Output\\ConsoleOutput))
#5 /var/www/artisan(13): Illuminate\\Foundation\\Application->handleCommand(Object(Symfony\\Component\\Console\\Input\\ArgvInput))
#6 {main}
"} 
[2026-06-06 02:53:39] local.ERROR: Unable to detect application namespace. {"exception":"[object] (RuntimeException(code: 0): Unable to detect application namespace. at /var/www/vendor/laravel/framework/src/Illuminate/Foundation/Application.php:1717)
[stacktrace]
#0 /var/www/vendor/laravel/framework/src/Illuminate/Foundation/Console/Kernel.php(368): Illuminate\\Foundation\\Application->getNamespace()
#1 /var/www/vendor/laravel/framework/src/Illuminate/Foundation/Console/Kernel.php(498): Illuminate\\Foundation\\Console\\Kernel->load(Array)
#2 /var/www/vendor/laravel/framework/src/Illuminate/Foundation/Console/Kernel.php(483): Illuminate\\Foundation\\Console\\Kernel->discoverCommands()
#3 /var/www/vendor/laravel/framework/src/Illuminate/Foundation/Console/Kernel.php(196): Illuminate\\Foundation\\Console\\Kernel->bootstrap()
#4 /var/www/vendor/laravel/framework/src/Illuminate/Foundation/Application.php(1235): Illuminate\\Foundation\\Console\\Kernel->handle(Object(Symfony\\Component\\Console\\Input\\ArgvInput), Object(Symfony\\Component\\Console\\Output\\ConsoleOutput))
#5 /var/www/artisan(13): Illuminate\\Foundation\\Application->handleCommand(Object(Symfony\\Component\\Console\\Input\\ArgvInput))
#6 {main}
"} 
[2026-06-06 02:54:43] local.ERROR: Unable to detect application namespace. {"exception":"[object] (RuntimeException(code: 0): Unable to detect application namespace. at /var/www/vendor/laravel/framework/src/Illuminate/Foundation/Application.php:1717)
[stacktrace]
#0 /var/www/vendor/laravel/framework/src/Illuminate/Foundation/Console/Kernel.php(368): Illuminate\\Foundation\\Application->getNamespace()
#1 /var/www/vendor/laravel/framework/src/Illuminate/Foundation/Console/Kernel.php(498): Illuminate\\Foundation\\Console\\Kernel->load(Array)
#2 /var/www/vendor/laravel/framework/src/Illuminate/Foundation/Console/Kernel.php(483): Illuminate\\Foundation\\Console\\Kernel->discoverCommands()
#3 /var/www/vendor/laravel/framework/src/Illuminate/Foundation/Console/Kernel.php(196): Illuminate\\Foundation\\Console\\Kernel->bootstrap()
#4 /var/www/vendor/laravel/framework/src/Illuminate/Foundation/Application.php(1235): Illuminate\\Foundation\\Console\\Kernel->handle(Object(Symfony\\Component\\Console\\Input\\ArgvInput), Object(Symfony\\Component\\Console\\Output\\ConsoleOutput))
#5 /var/www/artisan(13): Illuminate\\Foundation\\Application->handleCommand(Object(Symfony\\Component\\Console\\Input\\ArgvInput))
#6 {main}
"} 
[2026-06-06 02:55:46] local.ERROR: Unable to detect application namespace. {"exception":"[object] (RuntimeException(code: 0): Unable to detect application namespace. at /var/www/vendor/laravel/framework/src/Illuminate/Foundation/Application.php:1717)
[stacktrace]
#0 /var/www/vendor/laravel/framework/src/Illuminate/Foundation/Console/Kernel.php(368): Illuminate\\Foundation\\Application->getNamespace()
#1 /var/www/vendor/laravel/framework/src/Illuminate/Foundation/Console/Kernel.php(498): Illuminate\\Foundation\\Console\\Kernel->load(Array)
#2 /var/www/vendor/laravel/framework/src/Illuminate/Foundation/Console/Kernel.php(483): Illuminate\\Foundation\\Console\\Kernel->discoverCommands()
#3 /var/www/vendor/laravel/framework/src/Illuminate/Foundation/Console/Kernel.php(196): Illuminate\\Foundation\\Console\\Kernel->bootstrap()
#4 /var/www/vendor/laravel/framework/src/Illuminate/Foundation/Application.php(1235): Illuminate\\Foundation\\Console\\Kernel->handle(Object(Symfony\\Component\\Console\\Input\\ArgvInput), Object(Symfony\\Component\\Console\\Output\\ConsoleOutput))
#5 /var/www/artisan(13): Illuminate\\Foundation\\Application->handleCommand(Object(Symfony\\Component\\Console\\Input\\ArgvInput))
#6 {main}
"} 
[2026-06-06 02:56:49] local.ERROR: Unable to detect application namespace. {"exception":"[object] (RuntimeException(code: 0): Unable to detect application namespace. at /var/www/vendor/laravel/framework/src/Illuminate/Foundation/Application.php:1717)
[stacktrace]
#0 /var/www/vendor/laravel/framework/src/Illuminate/Foundation/Console/Kernel.php(368): Illuminate\\Foundation\\Application->getNamespace()
#1 /var/www/vendor/laravel/framework/src/Illuminate/Foundation/Console/Kernel.php(498): Illuminate\\Foundation\\Console\\Kernel->load(Array)
#2 /var/www/vendor/laravel/framework/src/Illuminate/Foundation/Console/Kernel.php(483): Illuminate\\Foundation\\Console\\Kernel->discoverCommands()
#3 /var/www/vendor/laravel/framework/src/Illuminate/Foundation/Console/Kernel.php(196): Illuminate\\Foundation\\Console\\Kernel->bootstrap()
#4 /var/www/vendor/laravel/framework/src/Illuminate/Foundation/Application.php(1235): Illuminate\\Foundation\\Console\\Kernel->handle(Object(Symfony\\Component\\Console\\Input\\ArgvInput), Object(Symfony\\Component\\Console\\Output\\ConsoleOutput))
#5 /var/www/artisan(13): Illuminate\\Foundation\\Application->handleCommand(Object(Symfony\\Component\\Console\\Input\\ArgvInput))
#6 {main}
"} 
[2026-06-06 02:57:53] local.ERROR: Unable to detect application namespace. {"exception":"[object] (RuntimeException(code: 0): Unable to detect application namespace. at /var/www/vendor/laravel/framework/src/Illuminate/Foundation/Application.php:1717)
[stacktrace]
#0 /var/www/vendor/laravel/framework/src/Illuminate/Foundation/Console/Kernel.php(368): Illuminate\\Foundation\\Application->getNamespace()
#1 /var/www/vendor/laravel/framework/src/Illuminate/Foundation/Console/Kernel.php(498): Illuminate\\Foundation\\Console\\Kernel->load(Array)
#2 /var/www/vendor/laravel/framework/src/Illuminate/Foundation/Console/Kernel.php(483): Illuminate\\Foundation\\Console\\Kernel->discoverCommands()
#3 /var/www/vendor/laravel/framework/src/Illuminate/Foundation/Console/Kernel.php(196): Illuminate\\Foundation\\Console\\Kernel->bootstrap()
#4 /var/www/vendor/laravel/framework/src/Illuminate/Foundation/Application.php(1235): Illuminate\\Foundation\\Console\\Kernel->handle(Object(Symfony\\Component\\Console\\Input\\ArgvInput), Object(Symfony\\Component\\Console\\Output\\ConsoleOutput))
#5 /var/www/artisan(13): Illuminate\\Foundation\\Application->handleCommand(Object(Symfony\\Component\\Console\\Input\\ArgvInput))
#6 {main}
"} 
[2026-06-06 02:58:56] local.ERROR: Unable to detect application namespace. {"exception":"[object] (RuntimeException(code: 0): Unable to detect application namespace. at /var/www/vendor/laravel/framework/src/Illuminate/Foundation/Application.php:1717)
[stacktrace]
#0 /var/www/vendor/laravel/framework/src/Illuminate/Foundation/Console/Kernel.php(368): Illuminate\\Foundation\\Application->getNamespace()
#1 /var/www/vendor/laravel/framework/src/Illuminate/Foundation/Console/Kernel.php(498): Illuminate\\Foundation\\Console\\Kernel->load(Array)
#2 /var/www/vendor/laravel/framework/src/Illuminate/Foundation/Console/Kernel.php(483): Illuminate\\Foundation\\Console\\Kernel->discoverCommands()
#3 /var/www/vendor/laravel/framework/src/Illuminate/Foundation/Console/Kernel.php(196): Illuminate\\Foundation\\Console\\Kernel->bootstrap()
#4 /var/www/vendor/laravel/framework/src/Illuminate/Foundation/Application.php(1235): Illuminate\\Foundation\\Console\\Kernel->handle(Object(Symfony\\Component\\Console\\Input\\ArgvInput), Object(Symfony\\Component\\Console\\Output\\ConsoleOutput))
#5 /var/www/artisan(13): Illuminate\\Foundation\\Application->handleCommand(Object(Symfony\\Component\\Console\\Input\\ArgvInput))
#6 {main}
"} 
[2026-06-06 02:59:59] local.ERROR: Unable to detect application namespace. {"exception":"[object] (RuntimeException(code: 0): Unable to detect application namespace. at /var/www/vendor/laravel/framework/src/Illuminate/Foundation/Application.php:1717)
[stacktrace]
#0 /var/www/vendor/laravel/framework/src/Illuminate/Foundation/Console/Kernel.php(368): Illuminate\\Foundation\\Application->getNamespace()
#1 /var/www/vendor/laravel/framework/src/Illuminate/Foundation/Console/Kernel.php(498): Illuminate\\Foundation\\Console\\Kernel->load(Array)
#2 /var/www/vendor/laravel/framework/src/Illuminate/Foundation/Console/Kernel.php(483): Illuminate\\Foundation\\Console\\Kernel->discoverCommands()
#3 /var/www/vendor/laravel/framework/src/Illuminate/Foundation/Console/Kernel.php(196): Illuminate\\Foundation\\Console\\Kernel->bootstrap()
#4 /var/www/vendor/laravel/framework/src/Illuminate/Foundation/Application.php(1235): Illuminate\\Foundation\\Console\\Kernel->handle(Object(Symfony\\Component\\Console\\Input\\ArgvInput), Object(Symfony\\Component\\Console\\Output\\ConsoleOutput))
#5 /var/www/artisan(13): Illuminate\\Foundation\\Application->handleCommand(Object(Symfony\\Component\\Console\\Input\\ArgvInput))
#6 {main}
"} 
[2026-06-06 03:01:03] local.ERROR: Unable to detect application namespace. {"exception":"[object] (RuntimeException(code: 0): Unable to detect application namespace. at /var/www/vendor/laravel/framework/src/Illuminate/Foundation/Application.php:1717)
[stacktrace]
#0 /var/www/vendor/laravel/framework/src/Illuminate/Foundation/Console/Kernel.php(368): Illuminate\\Foundation\\Application->getNamespace()
#1 /var/www/vendor/laravel/framework/src/Illuminate/Foundation/Console/Kernel.php(498): Illuminate\\Foundation\\Console\\Kernel->load(Array)
#2 /var/www/vendor/laravel/framework/src/Illuminate/Foundation/Console/Kernel.php(483): Illuminate\\Foundation\\Console\\Kernel->discoverCommands()
#3 /var/www/vendor/laravel/framework/src/Illuminate/Foundation/Console/Kernel.php(196): Illuminate\\Foundation\\Console\\Kernel->bootstrap()
#4 /var/www/vendor/laravel/framework/src/Illuminate/Foundation/Application.php(1235): Illuminate\\Foundation\\Console\\Kernel->handle(Object(Symfony\\Component\\Console\\Input\\ArgvInput), Object(Symfony\\Component\\Console\\Output\\ConsoleOutput))
#5 /var/www/artisan(13): Illuminate\\Foundation\\Application->handleCommand(Object(Symfony\\Component\\Console\\Input\\ArgvInput))
#6 {main}
"} 
[2026-06-06 03:02:06] local.ERROR: Unable to detect application namespace. {"exception":"[object] (RuntimeException(code: 0): Unable to detect application namespace. at /var/www/vendor/laravel/framework/src/Illuminate/Foundation/Application.php:1717)
[stacktrace]
#0 /var/www/vendor/laravel/framework/src/Illuminate/Foundation/Console/Kernel.php(368): Illuminate\\Foundation\\Application->getNamespace()
#1 /var/www/vendor/laravel/framework/src/Illuminate/Foundation/Console/Kernel.php(498): Illuminate\\Foundation\\Console\\Kernel->load(Array)
#2 /var/www/vendor/laravel/framework/src/Illuminate/Foundation/Console/Kernel.php(483): Illuminate\\Foundation\\Console\\Kernel->discoverCommands()
#3 /var/www/vendor/laravel/framework/src/Illuminate/Foundation/Console/Kernel.php(196): Illuminate\\Foundation\\Console\\Kernel->bootstrap()
#4 /var/www/vendor/laravel/framework/src/Illuminate/Foundation/Application.php(1235): Illuminate\\Foundation\\Console\\Kernel->handle(Object(Symfony\\Component\\Console\\Input\\ArgvInput), Object(Symfony\\Component\\Console\\Output\\ConsoleOutput))
#5 /var/www/artisan(13): Illuminate\\Foundation\\Application->handleCommand(Object(Symfony\\Component\\Console\\Input\\ArgvInput))
#6 {main}
"} 
[2026-06-06 03:03:09] local.ERROR: Unable to detect application namespace. {"exception":"[object] (RuntimeException(code: 0): Unable to detect application namespace. at /var/www/vendor/laravel/framework/src/Illuminate/Foundation/Application.php:1717)
[stacktrace]
#0 /var/www/vendor/laravel/framework/src/Illuminate/Foundation/Console/Kernel.php(368): Illuminate\\Foundation\\Application->getNamespace()
#1 /var/www/vendor/laravel/framework/src/Illuminate/Foundation/Console/Kernel.php(498): Illuminate\\Foundation\\Console\\Kernel->load(Array)
#2 /var/www/vendor/laravel/framework/src/Illuminate/Foundation/Console/Kernel.php(483): Illuminate\\Foundation\\Console\\Kernel->discoverCommands()
#3 /var/www/vendor/laravel/framework/src/Illuminate/Foundation/Console/Kernel.php(196): Illuminate\\Foundation\\Console\\Kernel->bootstrap()
#4 /var/www/vendor/laravel/framework/src/Illuminate/Foundation/Application.php(1235): Illuminate\\Foundation\\Console\\Kernel->handle(Object(Symfony\\Component\\Console\\Input\\ArgvInput), Object(Symfony\\Component\\Console\\Output\\ConsoleOutput))
#5 /var/www/artisan(13): Illuminate\\Foundation\\Application->handleCommand(Object(Symfony\\Component\\Console\\Input\\ArgvInput))
#6 {main}
"} 
[2026-06-06 03:04:13] local.ERROR: Unable to detect application namespace. {"exception":"[object] (RuntimeException(code: 0): Unable to detect application namespace. at /var/www/vendor/laravel/framework/src/Illuminate/Foundation/Application.php:1717)
[stacktrace]
#0 /var/www/vendor/laravel/framework/src/Illuminate/Foundation/Console/Kernel.php(368): Illuminate\\Foundation\\Application->getNamespace()
#1 /var/www/vendor/laravel/framework/src/Illuminate/Foundation/Console/Kernel.php(498): Illuminate\\Foundation\\Console\\Kernel->load(Array)
#2 /var/www/vendor/laravel/framework/src/Illuminate/Foundation/Console/Kernel.php(483): Illuminate\\Foundation\\Console\\Kernel->discoverCommands()
#3 /var/www/vendor/laravel/framework/src/Illuminate/Foundation/Console/Kernel.php(196): Illuminate\\Foundation\\Console\\Kernel->bootstrap()
#4 /var/www/vendor/laravel/framework/src/Illuminate/Foundation/Application.php(1235): Illuminate\\Foundation\\Console\\Kernel->handle(Object(Symfony\\Component\\Console\\Input\\ArgvInput), Object(Symfony\\Component\\Console\\Output\\ConsoleOutput))
#5 /var/www/artisan(13): Illuminate\\Foundation\\Application->handleCommand(Object(Symfony\\Component\\Console\\Input\\ArgvInput))
#6 {main}
"} 
[2026-06-06 03:05:16] local.ERROR: Unable to detect application namespace. {"exception":"[object] (RuntimeException(code: 0): Unable to detect application namespace. at /var/www/vendor/laravel/framework/src/Illuminate/Foundation/Application.php:1717)
[stacktrace]
#0 /var/www/vendor/laravel/framework/src/Illuminate/Foundation/Console/Kernel.php(368): Illuminate\\Foundation\\Application->getNamespace()
#1 /var/www/vendor/laravel/framework/src/Illuminate/Foundation/Console/Kernel.php(498): Illuminate\\Foundation\\Console\\Kernel->load(Array)
#2 /var/www/vendor/laravel/framework/src/Illuminate/Foundation/Console/Kernel.php(483): Illuminate\\Foundation\\Console\\Kernel->discoverCommands()
#3 /var/www/vendor/laravel/framework/src/Illuminate/Foundation/Console/Kernel.php(196): Illuminate\\Foundation\\Console\\Kernel->bootstrap()
#4 /var/www/vendor/laravel/framework/src/Illuminate/Foundation/Application.php(1235): Illuminate\\Foundation\\Console\\Kernel->handle(Object(Symfony\\Component\\Console\\Input\\ArgvInput), Object(Symfony\\Component\\Console\\Output\\ConsoleOutput))
#5 /var/www/artisan(13): Illuminate\\Foundation\\Application->handleCommand(Object(Symfony\\Component\\Console\\Input\\ArgvInput))
#6 {main}
"} 
[2026-06-06 03:06:19] local.ERROR: Unable to detect application namespace. {"exception":"[object] (RuntimeException(code: 0): Unable to detect application namespace. at /var/www/vendor/laravel/framework/src/Illuminate/Foundation/Application.php:1717)
[stacktrace]
#0 /var/www/vendor/laravel/framework/src/Illuminate/Foundation/Console/Kernel.php(368): Illuminate\\Foundation\\Application->getNamespace()
#1 /var/www/vendor/laravel/framework/src/Illuminate/Foundation/Console/Kernel.php(498): Illuminate\\Foundation\\Console\\Kernel->load(Array)
#2 /var/www/vendor/laravel/framework/src/Illuminate/Foundation/Console/Kernel.php(483): Illuminate\\Foundation\\Console\\Kernel->discoverCommands()
#3 /var/www/vendor/laravel/framework/src/Illuminate/Foundation/Console/Kernel.php(196): Illuminate\\Foundation\\Console\\Kernel->bootstrap()
#4 /var/www/vendor/laravel/framework/src/Illuminate/Foundation/Application.php(1235): Illuminate\\Foundation\\Console\\Kernel->handle(Object(Symfony\\Component\\Console\\Input\\ArgvInput), Object(Symfony\\Component\\Console\\Output\\ConsoleOutput))
#5 /var/www/artisan(13): Illuminate\\Foundation\\Application->handleCommand(Object(Symfony\\Component\\Console\\Input\\ArgvInput))
#6 {main}
"} 
[2026-06-06 03:07:22] local.ERROR: Unable to detect application namespace. {"exception":"[object] (RuntimeException(code: 0): Unable to detect application namespace. at /var/www/vendor/laravel/framework/src/Illuminate/Foundation/Application.php:1717)
[stacktrace]
#0 /var/www/vendor/laravel/framework/src/Illuminate/Foundation/Console/Kernel.php(368): Illuminate\\Foundation\\Application->getNamespace()
#1 /var/www/vendor/laravel/framework/src/Illuminate/Foundation/Console/Kernel.php(498): Illuminate\\Foundation\\Console\\Kernel->load(Array)
#2 /var/www/vendor/laravel/framework/src/Illuminate/Foundation/Console/Kernel.php(483): Illuminate\\Foundation\\Console\\Kernel->discoverCommands()
#3 /var/www/vendor/laravel/framework/src/Illuminate/Foundation/Console/Kernel.php(196): Illuminate\\Foundation\\Console\\Kernel->bootstrap()
#4 /var/www/vendor/laravel/framework/src/Illuminate/Foundation/Application.php(1235): Illuminate\\Foundation\\Console\\Kernel->handle(Object(Symfony\\Component\\Console\\Input\\ArgvInput), Object(Symfony\\Component\\Console\\Output\\ConsoleOutput))
#5 /var/www/artisan(13): Illuminate\\Foundation\\Application->handleCommand(Object(Symfony\\Component\\Console\\Input\\ArgvInput))
#6 {main}
"} 
[2026-06-06 03:08:26] local.ERROR: Unable to detect application namespace. {"exception":"[object] (RuntimeException(code: 0): Unable to detect application namespace. at /var/www/vendor/laravel/framework/src/Illuminate/Foundation/Application.php:1717)
[stacktrace]
#0 /var/www/vendor/laravel/framework/src/Illuminate/Foundation/Console/Kernel.php(368): Illuminate\\Foundation\\Application->getNamespace()
#1 /var/www/vendor/laravel/framework/src/Illuminate/Foundation/Console/Kernel.php(498): Illuminate\\Foundation\\Console\\Kernel->load(Array)
#2 /var/www/vendor/laravel/framework/src/Illuminate/Foundation/Console/Kernel.php(483): Illuminate\\Foundation\\Console\\Kernel->discoverCommands()
#3 /var/www/vendor/laravel/framework/src/Illuminate/Foundation/Console/Kernel.php(196): Illuminate\\Foundation\\Console\\Kernel->bootstrap()
#4 /var/www/vendor/laravel/framework/src/Illuminate/Foundation/Application.php(1235): Illuminate\\Foundation\\Console\\Kernel->handle(Object(Symfony\\Component\\Console\\Input\\ArgvInput), Object(Symfony\\Component\\Console\\Output\\ConsoleOutput))
#5 /var/www/artisan(13): Illuminate\\Foundation\\Application->handleCommand(Object(Symfony\\Component\\Console\\Input\\ArgvInput))
#6 {main}
"} 
[2026-06-06 03:09:29] local.ERROR: Unable to detect application namespace. {"exception":"[object] (RuntimeException(code: 0): Unable to detect application namespace. at /var/www/vendor/laravel/framework/src/Illuminate/Foundation/Application.php:1717)
[stacktrace]
#0 /var/www/vendor/laravel/framework/src/Illuminate/Foundation/Console/Kernel.php(368): Illuminate\\Foundation\\Application->getNamespace()
#1 /var/www/vendor/laravel/framework/src/Illuminate/Foundation/Console/Kernel.php(498): Illuminate\\Foundation\\Console\\Kernel->load(Array)
#2 /var/www/vendor/laravel/framework/src/Illuminate/Foundation/Console/Kernel.php(483): Illuminate\\Foundation\\Console\\Kernel->discoverCommands()
#3 /var/www/vendor/laravel/framework/src/Illuminate/Foundation/Console/Kernel.php(196): Illuminate\\Foundation\\Console\\Kernel->bootstrap()
#4 /var/www/vendor/laravel/framework/src/Illuminate/Foundation/Application.php(1235): Illuminate\\Foundation\\Console\\Kernel->handle(Object(Symfony\\Component\\Console\\Input\\ArgvInput), Object(Symfony\\Component\\Console\\Output\\ConsoleOutput))
#5 /var/www/artisan(13): Illuminate\\Foundation\\Application->handleCommand(Object(Symfony\\Component\\Console\\Input\\ArgvInput))
#6 {main}
"} 
[2026-06-06 03:10:32] local.ERROR: Unable to detect application namespace. {"exception":"[object] (RuntimeException(code: 0): Unable to detect application namespace. at /var/www/vendor/laravel/framework/src/Illuminate/Foundation/Application.php:1717)
[stacktrace]
#0 /var/www/vendor/laravel/framework/src/Illuminate/Foundation/Console/Kernel.php(368): Illuminate\\Foundation\\Application->getNamespace()
#1 /var/www/vendor/laravel/framework/src/Illuminate/Foundation/Console/Kernel.php(498): Illuminate\\Foundation\\Console\\Kernel->load(Array)
#2 /var/www/vendor/laravel/framework/src/Illuminate/Foundation/Console/Kernel.php(483): Illuminate\\Foundation\\Console\\Kernel->discoverCommands()
#3 /var/www/vendor/laravel/framework/src/Illuminate/Foundation/Console/Kernel.php(196): Illuminate\\Foundation\\Console\\Kernel->bootstrap()
#4 /var/www/vendor/laravel/framework/src/Illuminate/Foundation/Application.php(1235): Illuminate\\Foundation\\Console\\Kernel->handle(Object(Symfony\\Component\\Console\\Input\\ArgvInput), Object(Symfony\\Component\\Console\\Output\\ConsoleOutput))
#5 /var/www/artisan(13): Illuminate\\Foundation\\Application->handleCommand(Object(Symfony\\Component\\Console\\Input\\ArgvInput))
#6 {main}
"} 
[2026-06-06 03:11:36] local.ERROR: Unable to detect application namespace. {"exception":"[object] (RuntimeException(code: 0): Unable to detect application namespace. at /var/www/vendor/laravel/framework/src/Illuminate/Foundation/Application.php:1717)
[stacktrace]
#0 /var/www/vendor/laravel/framework/src/Illuminate/Foundation/Console/Kernel.php(368): Illuminate\\Foundation\\Application->getNamespace()
#1 /var/www/vendor/laravel/framework/src/Illuminate/Foundation/Console/Kernel.php(498): Illuminate\\Foundation\\Console\\Kernel->load(Array)
#2 /var/www/vendor/laravel/framework/src/Illuminate/Foundation/Console/Kernel.php(483): Illuminate\\Foundation\\Console\\Kernel->discoverCommands()
#3 /var/www/vendor/laravel/framework/src/Illuminate/Foundation/Console/Kernel.php(196): Illuminate\\Foundation\\Console\\Kernel->bootstrap()
#4 /var/www/vendor/laravel/framework/src/Illuminate/Foundation/Application.php(1235): Illuminate\\Foundation\\Console\\Kernel->handle(Object(Symfony\\Component\\Console\\Input\\ArgvInput), Object(Symfony\\Component\\Console\\Output\\ConsoleOutput))
#5 /var/www/artisan(13): Illuminate\\Foundation\\Application->handleCommand(Object(Symfony\\Component\\Console\\Input\\ArgvInput))
#6 {main}
"} 
[2026-06-06 03:12:39] local.ERROR: Unable to detect application namespace. {"exception":"[object] (RuntimeException(code: 0): Unable to detect application namespace. at /var/www/vendor/laravel/framework/src/Illuminate/Foundation/Application.php:1717)
[stacktrace]
#0 /var/www/vendor/laravel/framework/src/Illuminate/Foundation/Console/Kernel.php(368): Illuminate\\Foundation\\Application->getNamespace()
#1 /var/www/vendor/laravel/framework/src/Illuminate/Foundation/Console/Kernel.php(498): Illuminate\\Foundation\\Console\\Kernel->load(Array)
#2 /var/www/vendor/laravel/framework/src/Illuminate/Foundation/Console/Kernel.php(483): Illuminate\\Foundation\\Console\\Kernel->discoverCommands()
#3 /var/www/vendor/laravel/framework/src/Illuminate/Foundation/Console/Kernel.php(196): Illuminate\\Foundation\\Console\\Kernel->bootstrap()
#4 /var/www/vendor/laravel/framework/src/Illuminate/Foundation/Application.php(1235): Illuminate\\Foundation\\Console\\Kernel->handle(Object(Symfony\\Component\\Console\\Input\\ArgvInput), Object(Symfony\\Component\\Console\\Output\\ConsoleOutput))
#5 /var/www/artisan(13): Illuminate\\Foundation\\Application->handleCommand(Object(Symfony\\Component\\Console\\Input\\ArgvInput))
#6 {main}
"} 
[2026-06-06 03:13:42] local.ERROR: Unable to detect application namespace. {"exception":"[object] (RuntimeException(code: 0): Unable to detect application namespace. at /var/www/vendor/laravel/framework/src/Illuminate/Foundation/Application.php:1717)
[stacktrace]
#0 /var/www/vendor/laravel/framework/src/Illuminate/Foundation/Console/Kernel.php(368): Illuminate\\Foundation\\Application->getNamespace()
#1 /var/www/vendor/laravel/framework/src/Illuminate/Foundation/Console/Kernel.php(498): Illuminate\\Foundation\\Console\\Kernel->load(Array)
#2 /var/www/vendor/laravel/framework/src/Illuminate/Foundation/Console/Kernel.php(483): Illuminate\\Foundation\\Console\\Kernel->discoverCommands()
#3 /var/www/vendor/laravel/framework/src/Illuminate/Foundation/Console/Kernel.php(196): Illuminate\\Foundation\\Console\\Kernel->bootstrap()
#4 /var/www/vendor/laravel/framework/src/Illuminate/Foundation/Application.php(1235): Illuminate\\Foundation\\Console\\Kernel->handle(Object(Symfony\\Component\\Console\\Input\\ArgvInput), Object(Symfony\\Component\\Console\\Output\\ConsoleOutput))
#5 /var/www/artisan(13): Illuminate\\Foundation\\Application->handleCommand(Object(Symfony\\Component\\Console\\Input\\ArgvInput))
#6 {main}
"} 
[2026-06-06 03:14:46] local.ERROR: Unable to detect application namespace. {"exception":"[object] (RuntimeException(code: 0): Unable to detect application namespace. at /var/www/vendor/laravel/framework/src/Illuminate/Foundation/Application.php:1717)
[stacktrace]
#0 /var/www/vendor/laravel/framework/src/Illuminate/Foundation/Console/Kernel.php(368): Illuminate\\Foundation\\Application->getNamespace()
#1 /var/www/vendor/laravel/framework/src/Illuminate/Foundation/Console/Kernel.php(498): Illuminate\\Foundation\\Console\\Kernel->load(Array)
#2 /var/www/vendor/laravel/framework/src/Illuminate/Foundation/Console/Kernel.php(483): Illuminate\\Foundation\\Console\\Kernel->discoverCommands()
#3 /var/www/vendor/laravel/framework/src/Illuminate/Foundation/Console/Kernel.php(196): Illuminate\\Foundation\\Console\\Kernel->bootstrap()
#4 /var/www/vendor/laravel/framework/src/Illuminate/Foundation/Application.php(1235): Illuminate\\Foundation\\Console\\Kernel->handle(Object(Symfony\\Component\\Console\\Input\\ArgvInput), Object(Symfony\\Component\\Console\\Output\\ConsoleOutput))
#5 /var/www/artisan(13): Illuminate\\Foundation\\Application->handleCommand(Object(Symfony\\Component\\Console\\Input\\ArgvInput))
#6 {main}
"} 
[2026-06-06 03:15:49] local.ERROR: Unable to detect application namespace. {"exception":"[object] (RuntimeException(code: 0): Unable to detect application namespace. at /var/www/vendor/laravel/framework/src/Illuminate/Foundation/Application.php:1717)
[stacktrace]
#0 /var/www/vendor/laravel/framework/src/Illuminate/Foundation/Console/Kernel.php(368): Illuminate\\Foundation\\Application->getNamespace()
#1 /var/www/vendor/laravel/framework/src/Illuminate/Foundation/Console/Kernel.php(498): Illuminate\\Foundation\\Console\\Kernel->load(Array)
#2 /var/www/vendor/laravel/framework/src/Illuminate/Foundation/Console/Kernel.php(483): Illuminate\\Foundation\\Console\\Kernel->discoverCommands()
#3 /var/www/vendor/laravel/framework/src/Illuminate/Foundation/Console/Kernel.php(196): Illuminate\\Foundation\\Console\\Kernel->bootstrap()
#4 /var/www/vendor/laravel/framework/src/Illuminate/Foundation/Application.php(1235): Illuminate\\Foundation\\Console\\Kernel->handle(Object(Symfony\\Component\\Console\\Input\\ArgvInput), Object(Symfony\\Component\\Console\\Output\\ConsoleOutput))
#5 /var/www/artisan(13): Illuminate\\Foundation\\Application->handleCommand(Object(Symfony\\Component\\Console\\Input\\ArgvInput))
#6 {main}
"} 
[2026-06-06 03:16:52] local.ERROR: Unable to detect application namespace. {"exception":"[object] (RuntimeException(code: 0): Unable to detect application namespace. at /var/www/vendor/laravel/framework/src/Illuminate/Foundation/Application.php:1717)
[stacktrace]
#0 /var/www/vendor/laravel/framework/src/Illuminate/Foundation/Console/Kernel.php(368): Illuminate\\Foundation\\Application->getNamespace()
#1 /var/www/vendor/laravel/framework/src/Illuminate/Foundation/Console/Kernel.php(498): Illuminate\\Foundation\\Console\\Kernel->load(Array)
#2 /var/www/vendor/laravel/framework/src/Illuminate/Foundation/Console/Kernel.php(483): Illuminate\\Foundation\\Console\\Kernel->discoverCommands()
#3 /var/www/vendor/laravel/framework/src/Illuminate/Foundation/Console/Kernel.php(196): Illuminate\\Foundation\\Console\\Kernel->bootstrap()
#4 /var/www/vendor/laravel/framework/src/Illuminate/Foundation/Application.php(1235): Illuminate\\Foundation\\Console\\Kernel->handle(Object(Symfony\\Component\\Console\\Input\\ArgvInput), Object(Symfony\\Component\\Console\\Output\\ConsoleOutput))
#5 /var/www/artisan(13): Illuminate\\Foundation\\Application->handleCommand(Object(Symfony\\Component\\Console\\Input\\ArgvInput))
#6 {main}
"} 
[2026-06-06 03:17:55] local.ERROR: Unable to detect application namespace. {"exception":"[object] (RuntimeException(code: 0): Unable to detect application namespace. at /var/www/vendor/laravel/framework/src/Illuminate/Foundation/Application.php:1717)
[stacktrace]
#0 /var/www/vendor/laravel/framework/src/Illuminate/Foundation/Console/Kernel.php(368): Illuminate\\Foundation\\Application->getNamespace()
#1 /var/www/vendor/laravel/framework/src/Illuminate/Foundation/Console/Kernel.php(498): Illuminate\\Foundation\\Console\\Kernel->load(Array)
#2 /var/www/vendor/laravel/framework/src/Illuminate/Foundation/Console/Kernel.php(483): Illuminate\\Foundation\\Console\\Kernel->discoverCommands()
#3 /var/www/vendor/laravel/framework/src/Illuminate/Foundation/Console/Kernel.php(196): Illuminate\\Foundation\\Console\\Kernel->bootstrap()
#4 /var/www/vendor/laravel/framework/src/Illuminate/Foundation/Application.php(1235): Illuminate\\Foundation\\Console\\Kernel->handle(Object(Symfony\\Component\\Console\\Input\\ArgvInput), Object(Symfony\\Component\\Console\\Output\\ConsoleOutput))
#5 /var/www/artisan(13): Illuminate\\Foundation\\Application->handleCommand(Object(Symfony\\Component\\Console\\Input\\ArgvInput))
#6 {main}
"} 
[2026-06-06 03:18:59] local.ERROR: Unable to detect application namespace. {"exception":"[object] (RuntimeException(code: 0): Unable to detect application namespace. at /var/www/vendor/laravel/framework/src/Illuminate/Foundation/Application.php:1717)
[stacktrace]
#0 /var/www/vendor/laravel/framework/src/Illuminate/Foundation/Console/Kernel.php(368): Illuminate\\Foundation\\Application->getNamespace()
#1 /var/www/vendor/laravel/framework/src/Illuminate/Foundation/Console/Kernel.php(498): Illuminate\\Foundation\\Console\\Kernel->load(Array)
#2 /var/www/vendor/laravel/framework/src/Illuminate/Foundation/Console/Kernel.php(483): Illuminate\\Foundation\\Console\\Kernel->discoverCommands()
#3 /var/www/vendor/laravel/framework/src/Illuminate/Foundation/Console/Kernel.php(196): Illuminate\\Foundation\\Console\\Kernel->bootstrap()
#4 /var/www/vendor/laravel/framework/src/Illuminate/Foundation/Application.php(1235): Illuminate\\Foundation\\Console\\Kernel->handle(Object(Symfony\\Component\\Console\\Input\\ArgvInput), Object(Symfony\\Component\\Console\\Output\\ConsoleOutput))
#5 /var/www/artisan(13): Illuminate\\Foundation\\Application->handleCommand(Object(Symfony\\Component\\Console\\Input\\ArgvInput))
#6 {main}
"} 
[2026-06-06 03:20:02] local.ERROR: Unable to detect application namespace. {"exception":"[object] (RuntimeException(code: 0): Unable to detect application namespace. at /var/www/vendor/laravel/framework/src/Illuminate/Foundation/Application.php:1717)
[stacktrace]
#0 /var/www/vendor/laravel/framework/src/Illuminate/Foundation/Console/Kernel.php(368): Illuminate\\Foundation\\Application->getNamespace()
#1 /var/www/vendor/laravel/framework/src/Illuminate/Foundation/Console/Kernel.php(498): Illuminate\\Foundation\\Console\\Kernel->load(Array)
#2 /var/www/vendor/laravel/framework/src/Illuminate/Foundation/Console/Kernel.php(483): Illuminate\\Foundation\\Console\\Kernel->discoverCommands()
#3 /var/www/vendor/laravel/framework/src/Illuminate/Foundation/Console/Kernel.php(196): Illuminate\\Foundation\\Console\\Kernel->bootstrap()
#4 /var/www/vendor/laravel/framework/src/Illuminate/Foundation/Application.php(1235): Illuminate\\Foundation\\Console\\Kernel->handle(Object(Symfony\\Component\\Console\\Input\\ArgvInput), Object(Symfony\\Component\\Console\\Output\\ConsoleOutput))
#5 /var/www/artisan(13): Illuminate\\Foundation\\Application->handleCommand(Object(Symfony\\Component\\Console\\Input\\ArgvInput))
#6 {main}
"} 
[2026-06-06 03:21:05] local.ERROR: Unable to detect application namespace. {"exception":"[object] (RuntimeException(code: 0): Unable to detect application namespace. at /var/www/vendor/laravel/framework/src/Illuminate/Foundation/Application.php:1717)
[stacktrace]
#0 /var/www/vendor/laravel/framework/src/Illuminate/Foundation/Console/Kernel.php(368): Illuminate\\Foundation\\Application->getNamespace()
#1 /var/www/vendor/laravel/framework/src/Illuminate/Foundation/Console/Kernel.php(498): Illuminate\\Foundation\\Console\\Kernel->load(Array)
#2 /var/www/vendor/laravel/framework/src/Illuminate/Foundation/Console/Kernel.php(483): Illuminate\\Foundation\\Console\\Kernel->discoverCommands()
#3 /var/www/vendor/laravel/framework/src/Illuminate/Foundation/Console/Kernel.php(196): Illuminate\\Foundation\\Console\\Kernel->bootstrap()
#4 /var/www/vendor/laravel/framework/src/Illuminate/Foundation/Application.php(1235): Illuminate\\Foundation\\Console\\Kernel->handle(Object(Symfony\\Component\\Console\\Input\\ArgvInput), Object(Symfony\\Component\\Console\\Output\\ConsoleOutput))
#5 /var/www/artisan(13): Illuminate\\Foundation\\Application->handleCommand(Object(Symfony\\Component\\Console\\Input\\ArgvInput))
#6 {main}
"} 
[2026-06-06 03:22:09] local.ERROR: Unable to detect application namespace. {"exception":"[object] (RuntimeException(code: 0): Unable to detect application namespace. at /var/www/vendor/laravel/framework/src/Illuminate/Foundation/Application.php:1717)
[stacktrace]
#0 /var/www/vendor/laravel/framework/src/Illuminate/Foundation/Console/Kernel.php(368): Illuminate\\Foundation\\Application->getNamespace()
#1 /var/www/vendor/laravel/framework/src/Illuminate/Foundation/Console/Kernel.php(498): Illuminate\\Foundation\\Console\\Kernel->load(Array)
#2 /var/www/vendor/laravel/framework/src/Illuminate/Foundation/Console/Kernel.php(483): Illuminate\\Foundation\\Console\\Kernel->discoverCommands()
#3 /var/www/vendor/laravel/framework/src/Illuminate/Foundation/Console/Kernel.php(196): Illuminate\\Foundation\\Console\\Kernel->bootstrap()
#4 /var/www/vendor/laravel/framework/src/Illuminate/Foundation/Application.php(1235): Illuminate\\Foundation\\Console\\Kernel->handle(Object(Symfony\\Component\\Console\\Input\\ArgvInput), Object(Symfony\\Component\\Console\\Output\\ConsoleOutput))
#5 /var/www/artisan(13): Illuminate\\Foundation\\Application->handleCommand(Object(Symfony\\Component\\Console\\Input\\ArgvInput))
#6 {main}
"} 
[2026-06-06 03:23:12] local.ERROR: Unable to detect application namespace. {"exception":"[object] (RuntimeException(code: 0): Unable to detect application namespace. at /var/www/vendor/laravel/framework/src/Illuminate/Foundation/Application.php:1717)
[stacktrace]
#0 /var/www/vendor/laravel/framework/src/Illuminate/Foundation/Console/Kernel.php(368): Illuminate\\Foundation\\Application->getNamespace()
#1 /var/www/vendor/laravel/framework/src/Illuminate/Foundation/Console/Kernel.php(498): Illuminate\\Foundation\\Console\\Kernel->load(Array)
#2 /var/www/vendor/laravel/framework/src/Illuminate/Foundation/Console/Kernel.php(483): Illuminate\\Foundation\\Console\\Kernel->discoverCommands()
#3 /var/www/vendor/laravel/framework/src/Illuminate/Foundation/Console/Kernel.php(196): Illuminate\\Foundation\\Console\\Kernel->bootstrap()
#4 /var/www/vendor/laravel/framework/src/Illuminate/Foundation/Application.php(1235): Illuminate\\Foundation\\Console\\Kernel->handle(Object(Symfony\\Component\\Console\\Input\\ArgvInput), Object(Symfony\\Component\\Console\\Output\\ConsoleOutput))
#5 /var/www/artisan(13): Illuminate\\Foundation\\Application->handleCommand(Object(Symfony\\Component\\Console\\Input\\ArgvInput))
#6 {main}
"} 
[2026-06-06 03:24:15] local.ERROR: Unable to detect application namespace. {"exception":"[object] (RuntimeException(code: 0): Unable to detect application namespace. at /var/www/vendor/laravel/framework/src/Illuminate/Foundation/Application.php:1717)
[stacktrace]
#0 /var/www/vendor/laravel/framework/src/Illuminate/Foundation/Console/Kernel.php(368): Illuminate\\Foundation\\Application->getNamespace()
#1 /var/www/vendor/laravel/framework/src/Illuminate/Foundation/Console/Kernel.php(498): Illuminate\\Foundation\\Console\\Kernel->load(Array)
#2 /var/www/vendor/laravel/framework/src/Illuminate/Foundation/Console/Kernel.php(483): Illuminate\\Foundation\\Console\\Kernel->discoverCommands()
#3 /var/www/vendor/laravel/framework/src/Illuminate/Foundation/Console/Kernel.php(196): Illuminate\\Foundation\\Console\\Kernel->bootstrap()
#4 /var/www/vendor/laravel/framework/src/Illuminate/Foundation/Application.php(1235): Illuminate\\Foundation\\Console\\Kernel->handle(Object(Symfony\\Component\\Console\\Input\\ArgvInput), Object(Symfony\\Component\\Console\\Output\\ConsoleOutput))
#5 /var/www/artisan(13): Illuminate\\Foundation\\Application->handleCommand(Object(Symfony\\Component\\Console\\Input\\ArgvInput))
#6 {main}
"} 
[2026-06-06 03:25:18] local.ERROR: Unable to detect application namespace. {"exception":"[object] (RuntimeException(code: 0): Unable to detect application namespace. at /var/www/vendor/laravel/framework/src/Illuminate/Foundation/Application.php:1717)
[stacktrace]
#0 /var/www/vendor/laravel/framework/src/Illuminate/Foundation/Console/Kernel.php(368): Illuminate\\Foundation\\Application->getNamespace()
#1 /var/www/vendor/laravel/framework/src/Illuminate/Foundation/Console/Kernel.php(498): Illuminate\\Foundation\\Console\\Kernel->load(Array)
#2 /var/www/vendor/laravel/framework/src/Illuminate/Foundation/Console/Kernel.php(483): Illuminate\\Foundation\\Console\\Kernel->discoverCommands()
#3 /var/www/vendor/laravel/framework/src/Illuminate/Foundation/Console/Kernel.php(196): Illuminate\\Foundation\\Console\\Kernel->bootstrap()
#4 /var/www/vendor/laravel/framework/src/Illuminate/Foundation/Application.php(1235): Illuminate\\Foundation\\Console\\Kernel->handle(Object(Symfony\\Component\\Console\\Input\\ArgvInput), Object(Symfony\\Component\\Console\\Output\\ConsoleOutput))
#5 /var/www/artisan(13): Illuminate\\Foundation\\Application->handleCommand(Object(Symfony\\Component\\Console\\Input\\ArgvInput))
#6 {main}
"} 
[2026-06-06 03:26:22] local.ERROR: Unable to detect application namespace. {"exception":"[object] (RuntimeException(code: 0): Unable to detect application namespace. at /var/www/vendor/laravel/framework/src/Illuminate/Foundation/Application.php:1717)
[stacktrace]
#0 /var/www/vendor/laravel/framework/src/Illuminate/Foundation/Console/Kernel.php(368): Illuminate\\Foundation\\Application->getNamespace()
#1 /var/www/vendor/laravel/framework/src/Illuminate/Foundation/Console/Kernel.php(498): Illuminate\\Foundation\\Console\\Kernel->load(Array)
#2 /var/www/vendor/laravel/framework/src/Illuminate/Foundation/Console/Kernel.php(483): Illuminate\\Foundation\\Console\\Kernel->discoverCommands()
#3 /var/www/vendor/laravel/framework/src/Illuminate/Foundation/Console/Kernel.php(196): Illuminate\\Foundation\\Console\\Kernel->bootstrap()
#4 /var/www/vendor/laravel/framework/src/Illuminate/Foundation/Application.php(1235): Illuminate\\Foundation\\Console\\Kernel->handle(Object(Symfony\\Component\\Console\\Input\\ArgvInput), Object(Symfony\\Component\\Console\\Output\\ConsoleOutput))
#5 /var/www/artisan(13): Illuminate\\Foundation\\Application->handleCommand(Object(Symfony\\Component\\Console\\Input\\ArgvInput))
#6 {main}
"} 
[2026-06-06 03:27:25] local.ERROR: Unable to detect application namespace. {"exception":"[object] (RuntimeException(code: 0): Unable to detect application namespace. at /var/www/vendor/laravel/framework/src/Illuminate/Foundation/Application.php:1717)
[stacktrace]
#0 /var/www/vendor/laravel/framework/src/Illuminate/Foundation/Console/Kernel.php(368): Illuminate\\Foundation\\Application->getNamespace()
#1 /var/www/vendor/laravel/framework/src/Illuminate/Foundation/Console/Kernel.php(498): Illuminate\\Foundation\\Console\\Kernel->load(Array)
#2 /var/www/vendor/laravel/framework/src/Illuminate/Foundation/Console/Kernel.php(483): Illuminate\\Foundation\\Console\\Kernel->discoverCommands()
#3 /var/www/vendor/laravel/framework/src/Illuminate/Foundation/Console/Kernel.php(196): Illuminate\\Foundation\\Console\\Kernel->bootstrap()
#4 /var/www/vendor/laravel/framework/src/Illuminate/Foundation/Application.php(1235): Illuminate\\Foundation\\Console\\Kernel->handle(Object(Symfony\\Component\\Console\\Input\\ArgvInput), Object(Symfony\\Component\\Console\\Output\\ConsoleOutput))
#5 /var/www/artisan(13): Illuminate\\Foundation\\Application->handleCommand(Object(Symfony\\Component\\Console\\Input\\ArgvInput))
#6 {main}
"} 
[2026-06-06 03:28:28] local.ERROR: Unable to detect application namespace. {"exception":"[object] (RuntimeException(code: 0): Unable to detect application namespace. at /var/www/vendor/laravel/framework/src/Illuminate/Foundation/Application.php:1717)
[stacktrace]
#0 /var/www/vendor/laravel/framework/src/Illuminate/Foundation/Console/Kernel.php(368): Illuminate\\Foundation\\Application->getNamespace()
#1 /var/www/vendor/laravel/framework/src/Illuminate/Foundation/Console/Kernel.php(498): Illuminate\\Foundation\\Console\\Kernel->load(Array)
#2 /var/www/vendor/laravel/framework/src/Illuminate/Foundation/Console/Kernel.php(483): Illuminate\\Foundation\\Console\\Kernel->discoverCommands()
#3 /var/www/vendor/laravel/framework/src/Illuminate/Foundation/Console/Kernel.php(196): Illuminate\\Foundation\\Console\\Kernel->bootstrap()
#4 /var/www/vendor/laravel/framework/src/Illuminate/Foundation/Application.php(1235): Illuminate\\Foundation\\Console\\Kernel->handle(Object(Symfony\\Component\\Console\\Input\\ArgvInput), Object(Symfony\\Component\\Console\\Output\\ConsoleOutput))
#5 /var/www/artisan(13): Illuminate\\Foundation\\Application->handleCommand(Object(Symfony\\Component\\Console\\Input\\ArgvInput))
#6 {main}
"} 
[2026-06-06 03:29:32] local.ERROR: Unable to detect application namespace. {"exception":"[object] (RuntimeException(code: 0): Unable to detect application namespace. at /var/www/vendor/laravel/framework/src/Illuminate/Foundation/Application.php:1717)
[stacktrace]
#0 /var/www/vendor/laravel/framework/src/Illuminate/Foundation/Console/Kernel.php(368): Illuminate\\Foundation\\Application->getNamespace()
#1 /var/www/vendor/laravel/framework/src/Illuminate/Foundation/Console/Kernel.php(498): Illuminate\\Foundation\\Console\\Kernel->load(Array)
#2 /var/www/vendor/laravel/framework/src/Illuminate/Foundation/Console/Kernel.php(483): Illuminate\\Foundation\\Console\\Kernel->discoverCommands()
#3 /var/www/vendor/laravel/framework/src/Illuminate/Foundation/Console/Kernel.php(196): Illuminate\\Foundation\\Console\\Kernel->bootstrap()
#4 /var/www/vendor/laravel/framework/src/Illuminate/Foundation/Application.php(1235): Illuminate\\Foundation\\Console\\Kernel->handle(Object(Symfony\\Component\\Console\\Input\\ArgvInput), Object(Symfony\\Component\\Console\\Output\\ConsoleOutput))
#5 /var/www/artisan(13): Illuminate\\Foundation\\Application->handleCommand(Object(Symfony\\Component\\Console\\Input\\ArgvInput))
#6 {main}
"} 
[2026-06-06 03:30:35] local.ERROR: Unable to detect application namespace. {"exception":"[object] (RuntimeException(code: 0): Unable to detect application namespace. at /var/www/vendor/laravel/framework/src/Illuminate/Foundation/Application.php:1717)
[stacktrace]
#0 /var/www/vendor/laravel/framework/src/Illuminate/Foundation/Console/Kernel.php(368): Illuminate\\Foundation\\Application->getNamespace()
#1 /var/www/vendor/laravel/framework/src/Illuminate/Foundation/Console/Kernel.php(498): Illuminate\\Foundation\\Console\\Kernel->load(Array)
#2 /var/www/vendor/laravel/framework/src/Illuminate/Foundation/Console/Kernel.php(483): Illuminate\\Foundation\\Console\\Kernel->discoverCommands()
#3 /var/www/vendor/laravel/framework/src/Illuminate/Foundation/Console/Kernel.php(196): Illuminate\\Foundation\\Console\\Kernel->bootstrap()
#4 /var/www/vendor/laravel/framework/src/Illuminate/Foundation/Application.php(1235): Illuminate\\Foundation\\Console\\Kernel->handle(Object(Symfony\\Component\\Console\\Input\\ArgvInput), Object(Symfony\\Component\\Console\\Output\\ConsoleOutput))
#5 /var/www/artisan(13): Illuminate\\Foundation\\Application->handleCommand(Object(Symfony\\Component\\Console\\Input\\ArgvInput))
#6 {main}
"} 
[2026-06-06 03:31:38] local.ERROR: Unable to detect application namespace. {"exception":"[object] (RuntimeException(code: 0): Unable to detect application namespace. at /var/www/vendor/laravel/framework/src/Illuminate/Foundation/Application.php:1717)
[stacktrace]
#0 /var/www/vendor/laravel/framework/src/Illuminate/Foundation/Console/Kernel.php(368): Illuminate\\Foundation\\Application->getNamespace()
#1 /var/www/vendor/laravel/framework/src/Illuminate/Foundation/Console/Kernel.php(498): Illuminate\\Foundation\\Console\\Kernel->load(Array)
#2 /var/www/vendor/laravel/framework/src/Illuminate/Foundation/Console/Kernel.php(483): Illuminate\\Foundation\\Console\\Kernel->discoverCommands()
#3 /var/www/vendor/laravel/framework/src/Illuminate/Foundation/Console/Kernel.php(196): Illuminate\\Foundation\\Console\\Kernel->bootstrap()
#4 /var/www/vendor/laravel/framework/src/Illuminate/Foundation/Application.php(1235): Illuminate\\Foundation\\Console\\Kernel->handle(Object(Symfony\\Component\\Console\\Input\\ArgvInput), Object(Symfony\\Component\\Console\\Output\\ConsoleOutput))
#5 /var/www/artisan(13): Illuminate\\Foundation\\Application->handleCommand(Object(Symfony\\Component\\Console\\Input\\ArgvInput))
#6 {main}
"} 
[2026-06-06 03:32:41] local.ERROR: Unable to detect application namespace. {"exception":"[object] (RuntimeException(code: 0): Unable to detect application namespace. at /var/www/vendor/laravel/framework/src/Illuminate/Foundation/Application.php:1717)
[stacktrace]
#0 /var/www/vendor/laravel/framework/src/Illuminate/Foundation/Console/Kernel.php(368): Illuminate\\Foundation\\Application->getNamespace()
#1 /var/www/vendor/laravel/framework/src/Illuminate/Foundation/Console/Kernel.php(498): Illuminate\\Foundation\\Console\\Kernel->load(Array)
#2 /var/www/vendor/laravel/framework/src/Illuminate/Foundation/Console/Kernel.php(483): Illuminate\\Foundation\\Console\\Kernel->discoverCommands()
#3 /var/www/vendor/laravel/framework/src/Illuminate/Foundation/Console/Kernel.php(196): Illuminate\\Foundation\\Console\\Kernel->bootstrap()
#4 /var/www/vendor/laravel/framework/src/Illuminate/Foundation/Application.php(1235): Illuminate\\Foundation\\Console\\Kernel->handle(Object(Symfony\\Component\\Console\\Input\\ArgvInput), Object(Symfony\\Component\\Console\\Output\\ConsoleOutput))
#5 /var/www/artisan(13): Illuminate\\Foundation\\Application->handleCommand(Object(Symfony\\Component\\Console\\Input\\ArgvInput))
#6 {main}
"} 
[2026-06-06 03:33:45] local.ERROR: Unable to detect application namespace. {"exception":"[object] (RuntimeException(code: 0): Unable to detect application namespace. at /var/www/vendor/laravel/framework/src/Illuminate/Foundation/Application.php:1717)
[stacktrace]
#0 /var/www/vendor/laravel/framework/src/Illuminate/Foundation/Console/Kernel.php(368): Illuminate\\Foundation\\Application->getNamespace()
#1 /var/www/vendor/laravel/framework/src/Illuminate/Foundation/Console/Kernel.php(498): Illuminate\\Foundation\\Console\\Kernel->load(Array)
#2 /var/www/vendor/laravel/framework/src/Illuminate/Foundation/Console/Kernel.php(483): Illuminate\\Foundation\\Console\\Kernel->discoverCommands()
#3 /var/www/vendor/laravel/framework/src/Illuminate/Foundation/Console/Kernel.php(196): Illuminate\\Foundation\\Console\\Kernel->bootstrap()
#4 /var/www/vendor/laravel/framework/src/Illuminate/Foundation/Application.php(1235): Illuminate\\Foundation\\Console\\Kernel->handle(Object(Symfony\\Component\\Console\\Input\\ArgvInput), Object(Symfony\\Component\\Console\\Output\\ConsoleOutput))
#5 /var/www/artisan(13): Illuminate\\Foundation\\Application->handleCommand(Object(Symfony\\Component\\Console\\Input\\ArgvInput))
#6 {main}
"} 
[2026-06-06 03:34:48] local.ERROR: Unable to detect application namespace. {"exception":"[object] (RuntimeException(code: 0): Unable to detect application namespace. at /var/www/vendor/laravel/framework/src/Illuminate/Foundation/Application.php:1717)
[stacktrace]
#0 /var/www/vendor/laravel/framework/src/Illuminate/Foundation/Console/Kernel.php(368): Illuminate\\Foundation\\Application->getNamespace()
#1 /var/www/vendor/laravel/framework/src/Illuminate/Foundation/Console/Kernel.php(498): Illuminate\\Foundation\\Console\\Kernel->load(Array)
#2 /var/www/vendor/laravel/framework/src/Illuminate/Foundation/Console/Kernel.php(483): Illuminate\\Foundation\\Console\\Kernel->discoverCommands()
#3 /var/www/vendor/laravel/framework/src/Illuminate/Foundation/Console/Kernel.php(196): Illuminate\\Foundation\\Console\\Kernel->bootstrap()
#4 /var/www/vendor/laravel/framework/src/Illuminate/Foundation/Application.php(1235): Illuminate\\Foundation\\Console\\Kernel->handle(Object(Symfony\\Component\\Console\\Input\\ArgvInput), Object(Symfony\\Component\\Console\\Output\\ConsoleOutput))
#5 /var/www/artisan(13): Illuminate\\Foundation\\Application->handleCommand(Object(Symfony\\Component\\Console\\Input\\ArgvInput))
#6 {main}
"} 
[2026-06-06 03:35:51] local.ERROR: Unable to detect application namespace. {"exception":"[object] (RuntimeException(code: 0): Unable to detect application namespace. at /var/www/vendor/laravel/framework/src/Illuminate/Foundation/Application.php:1717)
[stacktrace]
#0 /var/www/vendor/laravel/framework/src/Illuminate/Foundation/Console/Kernel.php(368): Illuminate\\Foundation\\Application->getNamespace()
#1 /var/www/vendor/laravel/framework/src/Illuminate/Foundation/Console/Kernel.php(498): Illuminate\\Foundation\\Console\\Kernel->load(Array)
#2 /var/www/vendor/laravel/framework/src/Illuminate/Foundation/Console/Kernel.php(483): Illuminate\\Foundation\\Console\\Kernel->discoverCommands()
#3 /var/www/vendor/laravel/framework/src/Illuminate/Foundation/Console/Kernel.php(196): Illuminate\\Foundation\\Console\\Kernel->bootstrap()
#4 /var/www/vendor/laravel/framework/src/Illuminate/Foundation/Application.php(1235): Illuminate\\Foundation\\Console\\Kernel->handle(Object(Symfony\\Component\\Console\\Input\\ArgvInput), Object(Symfony\\Component\\Console\\Output\\ConsoleOutput))
#5 /var/www/artisan(13): Illuminate\\Foundation\\Application->handleCommand(Object(Symfony\\Component\\Console\\Input\\ArgvInput))
#6 {main}
"} 
[2026-06-06 03:36:55] local.ERROR: Unable to detect application namespace. {"exception":"[object] (RuntimeException(code: 0): Unable to detect application namespace. at /var/www/vendor/laravel/framework/src/Illuminate/Foundation/Application.php:1717)
[stacktrace]
#0 /var/www/vendor/laravel/framework/src/Illuminate/Foundation/Console/Kernel.php(368): Illuminate\\Foundation\\Application->getNamespace()
#1 /var/www/vendor/laravel/framework/src/Illuminate/Foundation/Console/Kernel.php(498): Illuminate\\Foundation\\Console\\Kernel->load(Array)
#2 /var/www/vendor/laravel/framework/src/Illuminate/Foundation/Console/Kernel.php(483): Illuminate\\Foundation\\Console\\Kernel->discoverCommands()
#3 /var/www/vendor/laravel/framework/src/Illuminate/Foundation/Console/Kernel.php(196): Illuminate\\Foundation\\Console\\Kernel->bootstrap()
#4 /var/www/vendor/laravel/framework/src/Illuminate/Foundation/Application.php(1235): Illuminate\\Foundation\\Console\\Kernel->handle(Object(Symfony\\Component\\Console\\Input\\ArgvInput), Object(Symfony\\Component\\Console\\Output\\ConsoleOutput))
#5 /var/www/artisan(13): Illuminate\\Foundation\\Application->handleCommand(Object(Symfony\\Component\\Console\\Input\\ArgvInput))
#6 {main}
"} 
[2026-06-06 03:37:58] local.ERROR: Unable to detect application namespace. {"exception":"[object] (RuntimeException(code: 0): Unable to detect application namespace. at /var/www/vendor/laravel/framework/src/Illuminate/Foundation/Application.php:1717)
[stacktrace]
#0 /var/www/vendor/laravel/framework/src/Illuminate/Foundation/Console/Kernel.php(368): Illuminate\\Foundation\\Application->getNamespace()
#1 /var/www/vendor/laravel/framework/src/Illuminate/Foundation/Console/Kernel.php(498): Illuminate\\Foundation\\Console\\Kernel->load(Array)
#2 /var/www/vendor/laravel/framework/src/Illuminate/Foundation/Console/Kernel.php(483): Illuminate\\Foundation\\Console\\Kernel->discoverCommands()
#3 /var/www/vendor/laravel/framework/src/Illuminate/Foundation/Console/Kernel.php(196): Illuminate\\Foundation\\Console\\Kernel->bootstrap()
#4 /var/www/vendor/laravel/framework/src/Illuminate/Foundation/Application.php(1235): Illuminate\\Foundation\\Console\\Kernel->handle(Object(Symfony\\Component\\Console\\Input\\ArgvInput), Object(Symfony\\Component\\Console\\Output\\ConsoleOutput))
#5 /var/www/artisan(13): Illuminate\\Foundation\\Application->handleCommand(Object(Symfony\\Component\\Console\\Input\\ArgvInput))
#6 {main}
"} 
[2026-06-06 03:39:01] local.ERROR: Unable to detect application namespace. {"exception":"[object] (RuntimeException(code: 0): Unable to detect application namespace. at /var/www/vendor/laravel/framework/src/Illuminate/Foundation/Application.php:1717)
[stacktrace]
#0 /var/www/vendor/laravel/framework/src/Illuminate/Foundation/Console/Kernel.php(368): Illuminate\\Foundation\\Application->getNamespace()
#1 /var/www/vendor/laravel/framework/src/Illuminate/Foundation/Console/Kernel.php(498): Illuminate\\Foundation\\Console\\Kernel->load(Array)
#2 /var/www/vendor/laravel/framework/src/Illuminate/Foundation/Console/Kernel.php(483): Illuminate\\Foundation\\Console\\Kernel->discoverCommands()
#3 /var/www/vendor/laravel/framework/src/Illuminate/Foundation/Console/Kernel.php(196): Illuminate\\Foundation\\Console\\Kernel->bootstrap()
#4 /var/www/vendor/laravel/framework/src/Illuminate/Foundation/Application.php(1235): Illuminate\\Foundation\\Console\\Kernel->handle(Object(Symfony\\Component\\Console\\Input\\ArgvInput), Object(Symfony\\Component\\Console\\Output\\ConsoleOutput))
#5 /var/www/artisan(13): Illuminate\\Foundation\\Application->handleCommand(Object(Symfony\\Component\\Console\\Input\\ArgvInput))
#6 {main}
"} 
[2026-06-06 03:40:05] local.ERROR: Unable to detect application namespace. {"exception":"[object] (RuntimeException(code: 0): Unable to detect application namespace. at /var/www/vendor/laravel/framework/src/Illuminate/Foundation/Application.php:1717)
[stacktrace]
#0 /var/www/vendor/laravel/framework/src/Illuminate/Foundation/Console/Kernel.php(368): Illuminate\\Foundation\\Application->getNamespace()
#1 /var/www/vendor/laravel/framework/src/Illuminate/Foundation/Console/Kernel.php(498): Illuminate\\Foundation\\Console\\Kernel->load(Array)
#2 /var/www/vendor/laravel/framework/src/Illuminate/Foundation/Console/Kernel.php(483): Illuminate\\Foundation\\Console\\Kernel->discoverCommands()
#3 /var/www/vendor/laravel/framework/src/Illuminate/Foundation/Console/Kernel.php(196): Illuminate\\Foundation\\Console\\Kernel->bootstrap()
#4 /var/www/vendor/laravel/framework/src/Illuminate/Foundation/Application.php(1235): Illuminate\\Foundation\\Console\\Kernel->handle(Object(Symfony\\Component\\Console\\Input\\ArgvInput), Object(Symfony\\Component\\Console\\Output\\ConsoleOutput))
#5 /var/www/artisan(13): Illuminate\\Foundation\\Application->handleCommand(Object(Symfony\\Component\\Console\\Input\\ArgvInput))
#6 {main}
"} 
[2026-06-06 03:41:08] local.ERROR: Unable to detect application namespace. {"exception":"[object] (RuntimeException(code: 0): Unable to detect application namespace. at /var/www/vendor/laravel/framework/src/Illuminate/Foundation/Application.php:1717)
[stacktrace]
#0 /var/www/vendor/laravel/framework/src/Illuminate/Foundation/Console/Kernel.php(368): Illuminate\\Foundation\\Application->getNamespace()
#1 /var/www/vendor/laravel/framework/src/Illuminate/Foundation/Console/Kernel.php(498): Illuminate\\Foundation\\Console\\Kernel->load(Array)
#2 /var/www/vendor/laravel/framework/src/Illuminate/Foundation/Console/Kernel.php(483): Illuminate\\Foundation\\Console\\Kernel->discoverCommands()
#3 /var/www/vendor/laravel/framework/src/Illuminate/Foundation/Console/Kernel.php(196): Illuminate\\Foundation\\Console\\Kernel->bootstrap()
#4 /var/www/vendor/laravel/framework/src/Illuminate/Foundation/Application.php(1235): Illuminate\\Foundation\\Console\\Kernel->handle(Object(Symfony\\Component\\Console\\Input\\ArgvInput), Object(Symfony\\Component\\Console\\Output\\ConsoleOutput))
#5 /var/www/artisan(13): Illuminate\\Foundation\\Application->handleCommand(Object(Symfony\\Component\\Console\\Input\\ArgvInput))
#6 {main}
"} 
[2026-06-06 03:42:11] local.ERROR: Unable to detect application namespace. {"exception":"[object] (RuntimeException(code: 0): Unable to detect application namespace. at /var/www/vendor/laravel/framework/src/Illuminate/Foundation/Application.php:1717)
[stacktrace]
#0 /var/www/vendor/laravel/framework/src/Illuminate/Foundation/Console/Kernel.php(368): Illuminate\\Foundation\\Application->getNamespace()
#1 /var/www/vendor/laravel/framework/src/Illuminate/Foundation/Console/Kernel.php(498): Illuminate\\Foundation\\Console\\Kernel->load(Array)
#2 /var/www/vendor/laravel/framework/src/Illuminate/Foundation/Console/Kernel.php(483): Illuminate\\Foundation\\Console\\Kernel->discoverCommands()
#3 /var/www/vendor/laravel/framework/src/Illuminate/Foundation/Console/Kernel.php(196): Illuminate\\Foundation\\Console\\Kernel->bootstrap()
#4 /var/www/vendor/laravel/framework/src/Illuminate/Foundation/Application.php(1235): Illuminate\\Foundation\\Console\\Kernel->handle(Object(Symfony\\Component\\Console\\Input\\ArgvInput), Object(Symfony\\Component\\Console\\Output\\ConsoleOutput))
#5 /var/www/artisan(13): Illuminate\\Foundation\\Application->handleCommand(Object(Symfony\\Component\\Console\\Input\\ArgvInput))
#6 {main}
"} 
[2026-06-06 03:43:15] local.ERROR: Unable to detect application namespace. {"exception":"[object] (RuntimeException(code: 0): Unable to detect application namespace. at /var/www/vendor/laravel/framework/src/Illuminate/Foundation/Application.php:1717)
[stacktrace]
#0 /var/www/vendor/laravel/framework/src/Illuminate/Foundation/Console/Kernel.php(368): Illuminate\\Foundation\\Application->getNamespace()
#1 /var/www/vendor/laravel/framework/src/Illuminate/Foundation/Console/Kernel.php(498): Illuminate\\Foundation\\Console\\Kernel->load(Array)
#2 /var/www/vendor/laravel/framework/src/Illuminate/Foundation/Console/Kernel.php(483): Illuminate\\Foundation\\Console\\Kernel->discoverCommands()
#3 /var/www/vendor/laravel/framework/src/Illuminate/Foundation/Console/Kernel.php(196): Illuminate\\Foundation\\Console\\Kernel->bootstrap()
#4 /var/www/vendor/laravel/framework/src/Illuminate/Foundation/Application.php(1235): Illuminate\\Foundation\\Console\\Kernel->handle(Object(Symfony\\Component\\Console\\Input\\ArgvInput), Object(Symfony\\Component\\Console\\Output\\ConsoleOutput))
#5 /var/www/artisan(13): Illuminate\\Foundation\\Application->handleCommand(Object(Symfony\\Component\\Console\\Input\\ArgvInput))
#6 {main}
"} 
[2026-06-06 03:44:18] local.ERROR: Unable to detect application namespace. {"exception":"[object] (RuntimeException(code: 0): Unable to detect application namespace. at /var/www/vendor/laravel/framework/src/Illuminate/Foundation/Application.php:1717)
[stacktrace]
#0 /var/www/vendor/laravel/framework/src/Illuminate/Foundation/Console/Kernel.php(368): Illuminate\\Foundation\\Application->getNamespace()
#1 /var/www/vendor/laravel/framework/src/Illuminate/Foundation/Console/Kernel.php(498): Illuminate\\Foundation\\Console\\Kernel->load(Array)
#2 /var/www/vendor/laravel/framework/src/Illuminate/Foundation/Console/Kernel.php(483): Illuminate\\Foundation\\Console\\Kernel->discoverCommands()
#3 /var/www/vendor/laravel/framework/src/Illuminate/Foundation/Console/Kernel.php(196): Illuminate\\Foundation\\Console\\Kernel->bootstrap()
#4 /var/www/vendor/laravel/framework/src/Illuminate/Foundation/Application.php(1235): Illuminate\\Foundation\\Console\\Kernel->handle(Object(Symfony\\Component\\Console\\Input\\ArgvInput), Object(Symfony\\Component\\Console\\Output\\ConsoleOutput))
#5 /var/www/artisan(13): Illuminate\\Foundation\\Application->handleCommand(Object(Symfony\\Component\\Console\\Input\\ArgvInput))
#6 {main}
"} 
[2026-06-06 03:45:21] local.ERROR: Unable to detect application namespace. {"exception":"[object] (RuntimeException(code: 0): Unable to detect application namespace. at /var/www/vendor/laravel/framework/src/Illuminate/Foundation/Application.php:1717)
[stacktrace]
#0 /var/www/vendor/laravel/framework/src/Illuminate/Foundation/Console/Kernel.php(368): Illuminate\\Foundation\\Application->getNamespace()
#1 /var/www/vendor/laravel/framework/src/Illuminate/Foundation/Console/Kernel.php(498): Illuminate\\Foundation\\Console\\Kernel->load(Array)
#2 /var/www/vendor/laravel/framework/src/Illuminate/Foundation/Console/Kernel.php(483): Illuminate\\Foundation\\Console\\Kernel->discoverCommands()
#3 /var/www/vendor/laravel/framework/src/Illuminate/Foundation/Console/Kernel.php(196): Illuminate\\Foundation\\Console\\Kernel->bootstrap()
#4 /var/www/vendor/laravel/framework/src/Illuminate/Foundation/Application.php(1235): Illuminate\\Foundation\\Console\\Kernel->handle(Object(Symfony\\Component\\Console\\Input\\ArgvInput), Object(Symfony\\Component\\Console\\Output\\ConsoleOutput))
#5 /var/www/artisan(13): Illuminate\\Foundation\\Application->handleCommand(Object(Symfony\\Component\\Console\\Input\\ArgvInput))
#6 {main}
"} 
[2026-06-06 03:46:24] local.ERROR: Unable to detect application namespace. {"exception":"[object] (RuntimeException(code: 0): Unable to detect application namespace. at /var/www/vendor/laravel/framework/src/Illuminate/Foundation/Application.php:1717)
[stacktrace]
#0 /var/www/vendor/laravel/framework/src/Illuminate/Foundation/Console/Kernel.php(368): Illuminate\\Foundation\\Application->getNamespace()
#1 /var/www/vendor/laravel/framework/src/Illuminate/Foundation/Console/Kernel.php(498): Illuminate\\Foundation\\Console\\Kernel->load(Array)
#2 /var/www/vendor/laravel/framework/src/Illuminate/Foundation/Console/Kernel.php(483): Illuminate\\Foundation\\Console\\Kernel->discoverCommands()
#3 /var/www/vendor/laravel/framework/src/Illuminate/Foundation/Console/Kernel.php(196): Illuminate\\Foundation\\Console\\Kernel->bootstrap()
#4 /var/www/vendor/laravel/framework/src/Illuminate/Foundation/Application.php(1235): Illuminate\\Foundation\\Console\\Kernel->handle(Object(Symfony\\Component\\Console\\Input\\ArgvInput), Object(Symfony\\Component\\Console\\Output\\ConsoleOutput))
#5 /var/www/artisan(13): Illuminate\\Foundation\\Application->handleCommand(Object(Symfony\\Component\\Console\\Input\\ArgvInput))
#6 {main}
"} 
[2026-06-06 03:47:27] local.ERROR: Unable to detect application namespace. {"exception":"[object] (RuntimeException(code: 0): Unable to detect application namespace. at /var/www/vendor/laravel/framework/src/Illuminate/Foundation/Application.php:1717)
[stacktrace]
#0 /var/www/vendor/laravel/framework/src/Illuminate/Foundation/Console/Kernel.php(368): Illuminate\\Foundation\\Application->getNamespace()
#1 /var/www/vendor/laravel/framework/src/Illuminate/Foundation/Console/Kernel.php(498): Illuminate\\Foundation\\Console\\Kernel->load(Array)
#2 /var/www/vendor/laravel/framework/src/Illuminate/Foundation/Console/Kernel.php(483): Illuminate\\Foundation\\Console\\Kernel->discoverCommands()
#3 /var/www/vendor/laravel/framework/src/Illuminate/Foundation/Console/Kernel.php(196): Illuminate\\Foundation\\Console\\Kernel->bootstrap()
#4 /var/www/vendor/laravel/framework/src/Illuminate/Foundation/Application.php(1235): Illuminate\\Foundation\\Console\\Kernel->handle(Object(Symfony\\Component\\Console\\Input\\ArgvInput), Object(Symfony\\Component\\Console\\Output\\ConsoleOutput))
#5 /var/www/artisan(13): Illuminate\\Foundation\\Application->handleCommand(Object(Symfony\\Component\\Console\\Input\\ArgvInput))
#6 {main}
"} 
[2026-06-06 03:48:31] local.ERROR: Unable to detect application namespace. {"exception":"[object] (RuntimeException(code: 0): Unable to detect application namespace. at /var/www/vendor/laravel/framework/src/Illuminate/Foundation/Application.php:1717)
[stacktrace]
#0 /var/www/vendor/laravel/framework/src/Illuminate/Foundation/Console/Kernel.php(368): Illuminate\\Foundation\\Application->getNamespace()
#1 /var/www/vendor/laravel/framework/src/Illuminate/Foundation/Console/Kernel.php(498): Illuminate\\Foundation\\Console\\Kernel->load(Array)
#2 /var/www/vendor/laravel/framework/src/Illuminate/Foundation/Console/Kernel.php(483): Illuminate\\Foundation\\Console\\Kernel->discoverCommands()
#3 /var/www/vendor/laravel/framework/src/Illuminate/Foundation/Console/Kernel.php(196): Illuminate\\Foundation\\Console\\Kernel->bootstrap()
#4 /var/www/vendor/laravel/framework/src/Illuminate/Foundation/Application.php(1235): Illuminate\\Foundation\\Console\\Kernel->handle(Object(Symfony\\Component\\Console\\Input\\ArgvInput), Object(Symfony\\Component\\Console\\Output\\ConsoleOutput))
#5 /var/www/artisan(13): Illuminate\\Foundation\\Application->handleCommand(Object(Symfony\\Component\\Console\\Input\\ArgvInput))
#6 {main}
"} 
[2026-06-06 03:49:34] local.ERROR: Unable to detect application namespace. {"exception":"[object] (RuntimeException(code: 0): Unable to detect application namespace. at /var/www/vendor/laravel/framework/src/Illuminate/Foundation/Application.php:1717)
[stacktrace]
#0 /var/www/vendor/laravel/framework/src/Illuminate/Foundation/Console/Kernel.php(368): Illuminate\\Foundation\\Application->getNamespace()
#1 /var/www/vendor/laravel/framework/src/Illuminate/Foundation/Console/Kernel.php(498): Illuminate\\Foundation\\Console\\Kernel->load(Array)
#2 /var/www/vendor/laravel/framework/src/Illuminate/Foundation/Console/Kernel.php(483): Illuminate\\Foundation\\Console\\Kernel->discoverCommands()
#3 /var/www/vendor/laravel/framework/src/Illuminate/Foundation/Console/Kernel.php(196): Illuminate\\Foundation\\Console\\Kernel->bootstrap()
#4 /var/www/vendor/laravel/framework/src/Illuminate/Foundation/Application.php(1235): Illuminate\\Foundation\\Console\\Kernel->handle(Object(Symfony\\Component\\Console\\Input\\ArgvInput), Object(Symfony\\Component\\Console\\Output\\ConsoleOutput))
#5 /var/www/artisan(13): Illuminate\\Foundation\\Application->handleCommand(Object(Symfony\\Component\\Console\\Input\\ArgvInput))
#6 {main}
"} 
[2026-06-06 03:50:37] local.ERROR: Unable to detect application namespace. {"exception":"[object] (RuntimeException(code: 0): Unable to detect application namespace. at /var/www/vendor/laravel/framework/src/Illuminate/Foundation/Application.php:1717)
[stacktrace]
#0 /var/www/vendor/laravel/framework/src/Illuminate/Foundation/Console/Kernel.php(368): Illuminate\\Foundation\\Application->getNamespace()
#1 /var/www/vendor/laravel/framework/src/Illuminate/Foundation/Console/Kernel.php(498): Illuminate\\Foundation\\Console\\Kernel->load(Array)
#2 /var/www/vendor/laravel/framework/src/Illuminate/Foundation/Console/Kernel.php(483): Illuminate\\Foundation\\Console\\Kernel->discoverCommands()
#3 /var/www/vendor/laravel/framework/src/Illuminate/Foundation/Console/Kernel.php(196): Illuminate\\Foundation\\Console\\Kernel->bootstrap()
#4 /var/www/vendor/laravel/framework/src/Illuminate/Foundation/Application.php(1235): Illuminate\\Foundation\\Console\\Kernel->handle(Object(Symfony\\Component\\Console\\Input\\ArgvInput), Object(Symfony\\Component\\Console\\Output\\ConsoleOutput))
#5 /var/www/artisan(13): Illuminate\\Foundation\\Application->handleCommand(Object(Symfony\\Component\\Console\\Input\\ArgvInput))
#6 {main}
"} 
[2026-06-06 03:51:41] local.ERROR: Unable to detect application namespace. {"exception":"[object] (RuntimeException(code: 0): Unable to detect application namespace. at /var/www/vendor/laravel/framework/src/Illuminate/Foundation/Application.php:1717)
[stacktrace]
#0 /var/www/vendor/laravel/framework/src/Illuminate/Foundation/Console/Kernel.php(368): Illuminate\\Foundation\\Application->getNamespace()
#1 /var/www/vendor/laravel/framework/src/Illuminate/Foundation/Console/Kernel.php(498): Illuminate\\Foundation\\Console\\Kernel->load(Array)
#2 /var/www/vendor/laravel/framework/src/Illuminate/Foundation/Console/Kernel.php(483): Illuminate\\Foundation\\Console\\Kernel->discoverCommands()
#3 /var/www/vendor/laravel/framework/src/Illuminate/Foundation/Console/Kernel.php(196): Illuminate\\Foundation\\Console\\Kernel->bootstrap()
#4 /var/www/vendor/laravel/framework/src/Illuminate/Foundation/Application.php(1235): Illuminate\\Foundation\\Console\\Kernel->handle(Object(Symfony\\Component\\Console\\Input\\ArgvInput), Object(Symfony\\Component\\Console\\Output\\ConsoleOutput))
#5 /var/www/artisan(13): Illuminate\\Foundation\\Application->handleCommand(Object(Symfony\\Component\\Console\\Input\\ArgvInput))
#6 {main}
"} 
[2026-06-06 03:52:44] local.ERROR: Unable to detect application namespace. {"exception":"[object] (RuntimeException(code: 0): Unable to detect application namespace. at /var/www/vendor/laravel/framework/src/Illuminate/Foundation/Application.php:1717)
[stacktrace]
#0 /var/www/vendor/laravel/framework/src/Illuminate/Foundation/Console/Kernel.php(368): Illuminate\\Foundation\\Application->getNamespace()
#1 /var/www/vendor/laravel/framework/src/Illuminate/Foundation/Console/Kernel.php(498): Illuminate\\Foundation\\Console\\Kernel->load(Array)
#2 /var/www/vendor/laravel/framework/src/Illuminate/Foundation/Console/Kernel.php(483): Illuminate\\Foundation\\Console\\Kernel->discoverCommands()
#3 /var/www/vendor/laravel/framework/src/Illuminate/Foundation/Console/Kernel.php(196): Illuminate\\Foundation\\Console\\Kernel->bootstrap()
#4 /var/www/vendor/laravel/framework/src/Illuminate/Foundation/Application.php(1235): Illuminate\\Foundation\\Console\\Kernel->handle(Object(Symfony\\Component\\Console\\Input\\ArgvInput), Object(Symfony\\Component\\Console\\Output\\ConsoleOutput))
#5 /var/www/artisan(13): Illuminate\\Foundation\\Application->handleCommand(Object(Symfony\\Component\\Console\\Input\\ArgvInput))
#6 {main}
"} 
[2026-06-06 03:53:47] local.ERROR: Unable to detect application namespace. {"exception":"[object] (RuntimeException(code: 0): Unable to detect application namespace. at /var/www/vendor/laravel/framework/src/Illuminate/Foundation/Application.php:1717)
[stacktrace]
#0 /var/www/vendor/laravel/framework/src/Illuminate/Foundation/Console/Kernel.php(368): Illuminate\\Foundation\\Application->getNamespace()
#1 /var/www/vendor/laravel/framework/src/Illuminate/Foundation/Console/Kernel.php(498): Illuminate\\Foundation\\Console\\Kernel->load(Array)
#2 /var/www/vendor/laravel/framework/src/Illuminate/Foundation/Console/Kernel.php(483): Illuminate\\Foundation\\Console\\Kernel->discoverCommands()
#3 /var/www/vendor/laravel/framework/src/Illuminate/Foundation/Console/Kernel.php(196): Illuminate\\Foundation\\Console\\Kernel->bootstrap()
#4 /var/www/vendor/laravel/framework/src/Illuminate/Foundation/Application.php(1235): Illuminate\\Foundation\\Console\\Kernel->handle(Object(Symfony\\Component\\Console\\Input\\ArgvInput), Object(Symfony\\Component\\Console\\Output\\ConsoleOutput))
#5 /var/www/artisan(13): Illuminate\\Foundation\\Application->handleCommand(Object(Symfony\\Component\\Console\\Input\\ArgvInput))
#6 {main}
"} 
[2026-06-06 03:54:51] local.ERROR: Unable to detect application namespace. {"exception":"[object] (RuntimeException(code: 0): Unable to detect application namespace. at /var/www/vendor/laravel/framework/src/Illuminate/Foundation/Application.php:1717)
[stacktrace]
#0 /var/www/vendor/laravel/framework/src/Illuminate/Foundation/Console/Kernel.php(368): Illuminate\\Foundation\\Application->getNamespace()
#1 /var/www/vendor/laravel/framework/src/Illuminate/Foundation/Console/Kernel.php(498): Illuminate\\Foundation\\Console\\Kernel->load(Array)
#2 /var/www/vendor/laravel/framework/src/Illuminate/Foundation/Console/Kernel.php(483): Illuminate\\Foundation\\Console\\Kernel->discoverCommands()
#3 /var/www/vendor/laravel/framework/src/Illuminate/Foundation/Console/Kernel.php(196): Illuminate\\Foundation\\Console\\Kernel->bootstrap()
#4 /var/www/vendor/laravel/framework/src/Illuminate/Foundation/Application.php(1235): Illuminate\\Foundation\\Console\\Kernel->handle(Object(Symfony\\Component\\Console\\Input\\ArgvInput), Object(Symfony\\Component\\Console\\Output\\ConsoleOutput))
#5 /var/www/artisan(13): Illuminate\\Foundation\\Application->handleCommand(Object(Symfony\\Component\\Console\\Input\\ArgvInput))
#6 {main}
"} 
[2026-06-06 03:55:54] local.ERROR: Unable to detect application namespace. {"exception":"[object] (RuntimeException(code: 0): Unable to detect application namespace. at /var/www/vendor/laravel/framework/src/Illuminate/Foundation/Application.php:1717)
[stacktrace]
#0 /var/www/vendor/laravel/framework/src/Illuminate/Foundation/Console/Kernel.php(368): Illuminate\\Foundation\\Application->getNamespace()
#1 /var/www/vendor/laravel/framework/src/Illuminate/Foundation/Console/Kernel.php(498): Illuminate\\Foundation\\Console\\Kernel->load(Array)
#2 /var/www/vendor/laravel/framework/src/Illuminate/Foundation/Console/Kernel.php(483): Illuminate\\Foundation\\Console\\Kernel->discoverCommands()
#3 /var/www/vendor/laravel/framework/src/Illuminate/Foundation/Console/Kernel.php(196): Illuminate\\Foundation\\Console\\Kernel->bootstrap()
#4 /var/www/vendor/laravel/framework/src/Illuminate/Foundation/Application.php(1235): Illuminate\\Foundation\\Console\\Kernel->handle(Object(Symfony\\Component\\Console\\Input\\ArgvInput), Object(Symfony\\Component\\Console\\Output\\ConsoleOutput))
#5 /var/www/artisan(13): Illuminate\\Foundation\\Application->handleCommand(Object(Symfony\\Component\\Console\\Input\\ArgvInput))
#6 {main}
"} 
[2026-06-06 03:56:57] local.ERROR: Unable to detect application namespace. {"exception":"[object] (RuntimeException(code: 0): Unable to detect application namespace. at /var/www/vendor/laravel/framework/src/Illuminate/Foundation/Application.php:1717)
[stacktrace]
#0 /var/www/vendor/laravel/framework/src/Illuminate/Foundation/Console/Kernel.php(368): Illuminate\\Foundation\\Application->getNamespace()
#1 /var/www/vendor/laravel/framework/src/Illuminate/Foundation/Console/Kernel.php(498): Illuminate\\Foundation\\Console\\Kernel->load(Array)
#2 /var/www/vendor/laravel/framework/src/Illuminate/Foundation/Console/Kernel.php(483): Illuminate\\Foundation\\Console\\Kernel->discoverCommands()
#3 /var/www/vendor/laravel/framework/src/Illuminate/Foundation/Console/Kernel.php(196): Illuminate\\Foundation\\Console\\Kernel->bootstrap()
#4 /var/www/vendor/laravel/framework/src/Illuminate/Foundation/Application.php(1235): Illuminate\\Foundation\\Console\\Kernel->handle(Object(Symfony\\Component\\Console\\Input\\ArgvInput), Object(Symfony\\Component\\Console\\Output\\ConsoleOutput))
#5 /var/www/artisan(13): Illuminate\\Foundation\\Application->handleCommand(Object(Symfony\\Component\\Console\\Input\\ArgvInput))
#6 {main}
"} 
[2026-06-06 03:58:00] local.ERROR: Unable to detect application namespace. {"exception":"[object] (RuntimeException(code: 0): Unable to detect application namespace. at /var/www/vendor/laravel/framework/src/Illuminate/Foundation/Application.php:1717)
[stacktrace]
#0 /var/www/vendor/laravel/framework/src/Illuminate/Foundation/Console/Kernel.php(368): Illuminate\\Foundation\\Application->getNamespace()
#1 /var/www/vendor/laravel/framework/src/Illuminate/Foundation/Console/Kernel.php(498): Illuminate\\Foundation\\Console\\Kernel->load(Array)
#2 /var/www/vendor/laravel/framework/src/Illuminate/Foundation/Console/Kernel.php(483): Illuminate\\Foundation\\Console\\Kernel->discoverCommands()
#3 /var/www/vendor/laravel/framework/src/Illuminate/Foundation/Console/Kernel.php(196): Illuminate\\Foundation\\Console\\Kernel->bootstrap()
#4 /var/www/vendor/laravel/framework/src/Illuminate/Foundation/Application.php(1235): Illuminate\\Foundation\\Console\\Kernel->handle(Object(Symfony\\Component\\Console\\Input\\ArgvInput), Object(Symfony\\Component\\Console\\Output\\ConsoleOutput))
#5 /var/www/artisan(13): Illuminate\\Foundation\\Application->handleCommand(Object(Symfony\\Component\\Console\\Input\\ArgvInput))
#6 {main}
"} 
[2026-06-06 03:59:04] local.ERROR: Unable to detect application namespace. {"exception":"[object] (RuntimeException(code: 0): Unable to detect application namespace. at /var/www/vendor/laravel/framework/src/Illuminate/Foundation/Application.php:1717)
[stacktrace]
#0 /var/www/vendor/laravel/framework/src/Illuminate/Foundation/Console/Kernel.php(368): Illuminate\\Foundation\\Application->getNamespace()
#1 /var/www/vendor/laravel/framework/src/Illuminate/Foundation/Console/Kernel.php(498): Illuminate\\Foundation\\Console\\Kernel->load(Array)
#2 /var/www/vendor/laravel/framework/src/Illuminate/Foundation/Console/Kernel.php(483): Illuminate\\Foundation\\Console\\Kernel->discoverCommands()
#3 /var/www/vendor/laravel/framework/src/Illuminate/Foundation/Console/Kernel.php(196): Illuminate\\Foundation\\Console\\Kernel->bootstrap()
#4 /var/www/vendor/laravel/framework/src/Illuminate/Foundation/Application.php(1235): Illuminate\\Foundation\\Console\\Kernel->handle(Object(Symfony\\Component\\Console\\Input\\ArgvInput), Object(Symfony\\Component\\Console\\Output\\ConsoleOutput))
#5 /var/www/artisan(13): Illuminate\\Foundation\\Application->handleCommand(Object(Symfony\\Component\\Console\\Input\\ArgvInput))
#6 {main}
"} 
[2026-06-06 04:00:07] local.ERROR: Unable to detect application namespace. {"exception":"[object] (RuntimeException(code: 0): Unable to detect application namespace. at /var/www/vendor/laravel/framework/src/Illuminate/Foundation/Application.php:1717)
[stacktrace]
#0 /var/www/vendor/laravel/framework/src/Illuminate/Foundation/Console/Kernel.php(368): Illuminate\\Foundation\\Application->getNamespace()
#1 /var/www/vendor/laravel/framework/src/Illuminate/Foundation/Console/Kernel.php(498): Illuminate\\Foundation\\Console\\Kernel->load(Array)
#2 /var/www/vendor/laravel/framework/src/Illuminate/Foundation/Console/Kernel.php(483): Illuminate\\Foundation\\Console\\Kernel->discoverCommands()
#3 /var/www/vendor/laravel/framework/src/Illuminate/Foundation/Console/Kernel.php(196): Illuminate\\Foundation\\Console\\Kernel->bootstrap()
#4 /var/www/vendor/laravel/framework/src/Illuminate/Foundation/Application.php(1235): Illuminate\\Foundation\\Console\\Kernel->handle(Object(Symfony\\Component\\Console\\Input\\ArgvInput), Object(Symfony\\Component\\Console\\Output\\ConsoleOutput))
#5 /var/www/artisan(13): Illuminate\\Foundation\\Application->handleCommand(Object(Symfony\\Component\\Console\\Input\\ArgvInput))
#6 {main}
"} 
[2026-06-06 04:01:10] local.ERROR: Unable to detect application namespace. {"exception":"[object] (RuntimeException(code: 0): Unable to detect application namespace. at /var/www/vendor/laravel/framework/src/Illuminate/Foundation/Application.php:1717)
[stacktrace]
#0 /var/www/vendor/laravel/framework/src/Illuminate/Foundation/Console/Kernel.php(368): Illuminate\\Foundation\\Application->getNamespace()
#1 /var/www/vendor/laravel/framework/src/Illuminate/Foundation/Console/Kernel.php(498): Illuminate\\Foundation\\Console\\Kernel->load(Array)
#2 /var/www/vendor/laravel/framework/src/Illuminate/Foundation/Console/Kernel.php(483): Illuminate\\Foundation\\Console\\Kernel->discoverCommands()
#3 /var/www/vendor/laravel/framework/src/Illuminate/Foundation/Console/Kernel.php(196): Illuminate\\Foundation\\Console\\Kernel->bootstrap()
#4 /var/www/vendor/laravel/framework/src/Illuminate/Foundation/Application.php(1235): Illuminate\\Foundation\\Console\\Kernel->handle(Object(Symfony\\Component\\Console\\Input\\ArgvInput), Object(Symfony\\Component\\Console\\Output\\ConsoleOutput))
#5 /var/www/artisan(13): Illuminate\\Foundation\\Application->handleCommand(Object(Symfony\\Component\\Console\\Input\\ArgvInput))
#6 {main}
"} 
[2026-06-06 04:02:14] local.ERROR: Unable to detect application namespace. {"exception":"[object] (RuntimeException(code: 0): Unable to detect application namespace. at /var/www/vendor/laravel/framework/src/Illuminate/Foundation/Application.php:1717)
[stacktrace]
#0 /var/www/vendor/laravel/framework/src/Illuminate/Foundation/Console/Kernel.php(368): Illuminate\\Foundation\\Application->getNamespace()
#1 /var/www/vendor/laravel/framework/src/Illuminate/Foundation/Console/Kernel.php(498): Illuminate\\Foundation\\Console\\Kernel->load(Array)
#2 /var/www/vendor/laravel/framework/src/Illuminate/Foundation/Console/Kernel.php(483): Illuminate\\Foundation\\Console\\Kernel->discoverCommands()
#3 /var/www/vendor/laravel/framework/src/Illuminate/Foundation/Console/Kernel.php(196): Illuminate\\Foundation\\Console\\Kernel->bootstrap()
#4 /var/www/vendor/laravel/framework/src/Illuminate/Foundation/Application.php(1235): Illuminate\\Foundation\\Console\\Kernel->handle(Object(Symfony\\Component\\Console\\Input\\ArgvInput), Object(Symfony\\Component\\Console\\Output\\ConsoleOutput))
#5 /var/www/artisan(13): Illuminate\\Foundation\\Application->handleCommand(Object(Symfony\\Component\\Console\\Input\\ArgvInput))
#6 {main}
"} 
[2026-06-06 04:03:17] local.ERROR: Unable to detect application namespace. {"exception":"[object] (RuntimeException(code: 0): Unable to detect application namespace. at /var/www/vendor/laravel/framework/src/Illuminate/Foundation/Application.php:1717)
[stacktrace]
#0 /var/www/vendor/laravel/framework/src/Illuminate/Foundation/Console/Kernel.php(368): Illuminate\\Foundation\\Application->getNamespace()
#1 /var/www/vendor/laravel/framework/src/Illuminate/Foundation/Console/Kernel.php(498): Illuminate\\Foundation\\Console\\Kernel->load(Array)
#2 /var/www/vendor/laravel/framework/src/Illuminate/Foundation/Console/Kernel.php(483): Illuminate\\Foundation\\Console\\Kernel->discoverCommands()
#3 /var/www/vendor/laravel/framework/src/Illuminate/Foundation/Console/Kernel.php(196): Illuminate\\Foundation\\Console\\Kernel->bootstrap()
#4 /var/www/vendor/laravel/framework/src/Illuminate/Foundation/Application.php(1235): Illuminate\\Foundation\\Console\\Kernel->handle(Object(Symfony\\Component\\Console\\Input\\ArgvInput), Object(Symfony\\Component\\Console\\Output\\ConsoleOutput))
#5 /var/www/artisan(13): Illuminate\\Foundation\\Application->handleCommand(Object(Symfony\\Component\\Console\\Input\\ArgvInput))
#6 {main}
"} 
[2026-06-06 04:04:20] local.ERROR: Unable to detect application namespace. {"exception":"[object] (RuntimeException(code: 0): Unable to detect application namespace. at /var/www/vendor/laravel/framework/src/Illuminate/Foundation/Application.php:1717)
[stacktrace]
#0 /var/www/vendor/laravel/framework/src/Illuminate/Foundation/Console/Kernel.php(368): Illuminate\\Foundation\\Application->getNamespace()
#1 /var/www/vendor/laravel/framework/src/Illuminate/Foundation/Console/Kernel.php(498): Illuminate\\Foundation\\Console\\Kernel->load(Array)
#2 /var/www/vendor/laravel/framework/src/Illuminate/Foundation/Console/Kernel.php(483): Illuminate\\Foundation\\Console\\Kernel->discoverCommands()
#3 /var/www/vendor/laravel/framework/src/Illuminate/Foundation/Console/Kernel.php(196): Illuminate\\Foundation\\Console\\Kernel->bootstrap()
#4 /var/www/vendor/laravel/framework/src/Illuminate/Foundation/Application.php(1235): Illuminate\\Foundation\\Console\\Kernel->handle(Object(Symfony\\Component\\Console\\Input\\ArgvInput), Object(Symfony\\Component\\Console\\Output\\ConsoleOutput))
#5 /var/www/artisan(13): Illuminate\\Foundation\\Application->handleCommand(Object(Symfony\\Component\\Console\\Input\\ArgvInput))
#6 {main}
"} 
[2026-06-06 04:05:24] local.ERROR: Unable to detect application namespace. {"exception":"[object] (RuntimeException(code: 0): Unable to detect application namespace. at /var/www/vendor/laravel/framework/src/Illuminate/Foundation/Application.php:1717)
[stacktrace]
#0 /var/www/vendor/laravel/framework/src/Illuminate/Foundation/Console/Kernel.php(368): Illuminate\\Foundation\\Application->getNamespace()
#1 /var/www/vendor/laravel/framework/src/Illuminate/Foundation/Console/Kernel.php(498): Illuminate\\Foundation\\Console\\Kernel->load(Array)
#2 /var/www/vendor/laravel/framework/src/Illuminate/Foundation/Console/Kernel.php(483): Illuminate\\Foundation\\Console\\Kernel->discoverCommands()
#3 /var/www/vendor/laravel/framework/src/Illuminate/Foundation/Console/Kernel.php(196): Illuminate\\Foundation\\Console\\Kernel->bootstrap()
#4 /var/www/vendor/laravel/framework/src/Illuminate/Foundation/Application.php(1235): Illuminate\\Foundation\\Console\\Kernel->handle(Object(Symfony\\Component\\Console\\Input\\ArgvInput), Object(Symfony\\Component\\Console\\Output\\ConsoleOutput))
#5 /var/www/artisan(13): Illuminate\\Foundation\\Application->handleCommand(Object(Symfony\\Component\\Console\\Input\\ArgvInput))
#6 {main}
"} 
[2026-06-06 04:06:27] local.ERROR: Unable to detect application namespace. {"exception":"[object] (RuntimeException(code: 0): Unable to detect application namespace. at /var/www/vendor/laravel/framework/src/Illuminate/Foundation/Application.php:1717)
[stacktrace]
#0 /var/www/vendor/laravel/framework/src/Illuminate/Foundation/Console/Kernel.php(368): Illuminate\\Foundation\\Application->getNamespace()
#1 /var/www/vendor/laravel/framework/src/Illuminate/Foundation/Console/Kernel.php(498): Illuminate\\Foundation\\Console\\Kernel->load(Array)
#2 /var/www/vendor/laravel/framework/src/Illuminate/Foundation/Console/Kernel.php(483): Illuminate\\Foundation\\Console\\Kernel->discoverCommands()
#3 /var/www/vendor/laravel/framework/src/Illuminate/Foundation/Console/Kernel.php(196): Illuminate\\Foundation\\Console\\Kernel->bootstrap()
#4 /var/www/vendor/laravel/framework/src/Illuminate/Foundation/Application.php(1235): Illuminate\\Foundation\\Console\\Kernel->handle(Object(Symfony\\Component\\Console\\Input\\ArgvInput), Object(Symfony\\Component\\Console\\Output\\ConsoleOutput))
#5 /var/www/artisan(13): Illuminate\\Foundation\\Application->handleCommand(Object(Symfony\\Component\\Console\\Input\\ArgvInput))
#6 {main}
"} 
[2026-06-06 04:07:30] local.ERROR: Unable to detect application namespace. {"exception":"[object] (RuntimeException(code: 0): Unable to detect application namespace. at /var/www/vendor/laravel/framework/src/Illuminate/Foundation/Application.php:1717)
[stacktrace]
#0 /var/www/vendor/laravel/framework/src/Illuminate/Foundation/Console/Kernel.php(368): Illuminate\\Foundation\\Application->getNamespace()
#1 /var/www/vendor/laravel/framework/src/Illuminate/Foundation/Console/Kernel.php(498): Illuminate\\Foundation\\Console\\Kernel->load(Array)
#2 /var/www/vendor/laravel/framework/src/Illuminate/Foundation/Console/Kernel.php(483): Illuminate\\Foundation\\Console\\Kernel->discoverCommands()
#3 /var/www/vendor/laravel/framework/src/Illuminate/Foundation/Console/Kernel.php(196): Illuminate\\Foundation\\Console\\Kernel->bootstrap()
#4 /var/www/vendor/laravel/framework/src/Illuminate/Foundation/Application.php(1235): Illuminate\\Foundation\\Console\\Kernel->handle(Object(Symfony\\Component\\Console\\Input\\ArgvInput), Object(Symfony\\Component\\Console\\Output\\ConsoleOutput))
#5 /var/www/artisan(13): Illuminate\\Foundation\\Application->handleCommand(Object(Symfony\\Component\\Console\\Input\\ArgvInput))
#6 {main}
"} 
[2026-06-06 04:08:34] local.ERROR: Unable to detect application namespace. {"exception":"[object] (RuntimeException(code: 0): Unable to detect application namespace. at /var/www/vendor/laravel/framework/src/Illuminate/Foundation/Application.php:1717)
[stacktrace]
#0 /var/www/vendor/laravel/framework/src/Illuminate/Foundation/Console/Kernel.php(368): Illuminate\\Foundation\\Application->getNamespace()
#1 /var/www/vendor/laravel/framework/src/Illuminate/Foundation/Console/Kernel.php(498): Illuminate\\Foundation\\Console\\Kernel->load(Array)
#2 /var/www/vendor/laravel/framework/src/Illuminate/Foundation/Console/Kernel.php(483): Illuminate\\Foundation\\Console\\Kernel->discoverCommands()
#3 /var/www/vendor/laravel/framework/src/Illuminate/Foundation/Console/Kernel.php(196): Illuminate\\Foundation\\Console\\Kernel->bootstrap()
#4 /var/www/vendor/laravel/framework/src/Illuminate/Foundation/Application.php(1235): Illuminate\\Foundation\\Console\\Kernel->handle(Object(Symfony\\Component\\Console\\Input\\ArgvInput), Object(Symfony\\Component\\Console\\Output\\ConsoleOutput))
#5 /var/www/artisan(13): Illuminate\\Foundation\\Application->handleCommand(Object(Symfony\\Component\\Console\\Input\\ArgvInput))
#6 {main}
"} 
[2026-06-06 04:09:37] local.ERROR: Unable to detect application namespace. {"exception":"[object] (RuntimeException(code: 0): Unable to detect application namespace. at /var/www/vendor/laravel/framework/src/Illuminate/Foundation/Application.php:1717)
[stacktrace]
#0 /var/www/vendor/laravel/framework/src/Illuminate/Foundation/Console/Kernel.php(368): Illuminate\\Foundation\\Application->getNamespace()
#1 /var/www/vendor/laravel/framework/src/Illuminate/Foundation/Console/Kernel.php(498): Illuminate\\Foundation\\Console\\Kernel->load(Array)
#2 /var/www/vendor/laravel/framework/src/Illuminate/Foundation/Console/Kernel.php(483): Illuminate\\Foundation\\Console\\Kernel->discoverCommands()
#3 /var/www/vendor/laravel/framework/src/Illuminate/Foundation/Console/Kernel.php(196): Illuminate\\Foundation\\Console\\Kernel->bootstrap()
#4 /var/www/vendor/laravel/framework/src/Illuminate/Foundation/Application.php(1235): Illuminate\\Foundation\\Console\\Kernel->handle(Object(Symfony\\Component\\Console\\Input\\ArgvInput), Object(Symfony\\Component\\Console\\Output\\ConsoleOutput))
#5 /var/www/artisan(13): Illuminate\\Foundation\\Application->handleCommand(Object(Symfony\\Component\\Console\\Input\\ArgvInput))
#6 {main}
"} 
[2026-06-06 04:10:40] local.ERROR: Unable to detect application namespace. {"exception":"[object] (RuntimeException(code: 0): Unable to detect application namespace. at /var/www/vendor/laravel/framework/src/Illuminate/Foundation/Application.php:1717)
[stacktrace]
#0 /var/www/vendor/laravel/framework/src/Illuminate/Foundation/Console/Kernel.php(368): Illuminate\\Foundation\\Application->getNamespace()
#1 /var/www/vendor/laravel/framework/src/Illuminate/Foundation/Console/Kernel.php(498): Illuminate\\Foundation\\Console\\Kernel->load(Array)
#2 /var/www/vendor/laravel/framework/src/Illuminate/Foundation/Console/Kernel.php(483): Illuminate\\Foundation\\Console\\Kernel->discoverCommands()
#3 /var/www/vendor/laravel/framework/src/Illuminate/Foundation/Console/Kernel.php(196): Illuminate\\Foundation\\Console\\Kernel->bootstrap()
#4 /var/www/vendor/laravel/framework/src/Illuminate/Foundation/Application.php(1235): Illuminate\\Foundation\\Console\\Kernel->handle(Object(Symfony\\Component\\Console\\Input\\ArgvInput), Object(Symfony\\Component\\Console\\Output\\ConsoleOutput))
#5 /var/www/artisan(13): Illuminate\\Foundation\\Application->handleCommand(Object(Symfony\\Component\\Console\\Input\\ArgvInput))
#6 {main}
"} 
[2026-06-06 04:11:43] local.ERROR: Unable to detect application namespace. {"exception":"[object] (RuntimeException(code: 0): Unable to detect application namespace. at /var/www/vendor/laravel/framework/src/Illuminate/Foundation/Application.php:1717)
[stacktrace]
#0 /var/www/vendor/laravel/framework/src/Illuminate/Foundation/Console/Kernel.php(368): Illuminate\\Foundation\\Application->getNamespace()
#1 /var/www/vendor/laravel/framework/src/Illuminate/Foundation/Console/Kernel.php(498): Illuminate\\Foundation\\Console\\Kernel->load(Array)
#2 /var/www/vendor/laravel/framework/src/Illuminate/Foundation/Console/Kernel.php(483): Illuminate\\Foundation\\Console\\Kernel->discoverCommands()
#3 /var/www/vendor/laravel/framework/src/Illuminate/Foundation/Console/Kernel.php(196): Illuminate\\Foundation\\Console\\Kernel->bootstrap()
#4 /var/www/vendor/laravel/framework/src/Illuminate/Foundation/Application.php(1235): Illuminate\\Foundation\\Console\\Kernel->handle(Object(Symfony\\Component\\Console\\Input\\ArgvInput), Object(Symfony\\Component\\Console\\Output\\ConsoleOutput))
#5 /var/www/artisan(13): Illuminate\\Foundation\\Application->handleCommand(Object(Symfony\\Component\\Console\\Input\\ArgvInput))
#6 {main}
"} 
[2026-06-06 04:12:47] local.ERROR: Unable to detect application namespace. {"exception":"[object] (RuntimeException(code: 0): Unable to detect application namespace. at /var/www/vendor/laravel/framework/src/Illuminate/Foundation/Application.php:1717)
[stacktrace]
#0 /var/www/vendor/laravel/framework/src/Illuminate/Foundation/Console/Kernel.php(368): Illuminate\\Foundation\\Application->getNamespace()
#1 /var/www/vendor/laravel/framework/src/Illuminate/Foundation/Console/Kernel.php(498): Illuminate\\Foundation\\Console\\Kernel->load(Array)
#2 /var/www/vendor/laravel/framework/src/Illuminate/Foundation/Console/Kernel.php(483): Illuminate\\Foundation\\Console\\Kernel->discoverCommands()
#3 /var/www/vendor/laravel/framework/src/Illuminate/Foundation/Console/Kernel.php(196): Illuminate\\Foundation\\Console\\Kernel->bootstrap()
#4 /var/www/vendor/laravel/framework/src/Illuminate/Foundation/Application.php(1235): Illuminate\\Foundation\\Console\\Kernel->handle(Object(Symfony\\Component\\Console\\Input\\ArgvInput), Object(Symfony\\Component\\Console\\Output\\ConsoleOutput))
#5 /var/www/artisan(13): Illuminate\\Foundation\\Application->handleCommand(Object(Symfony\\Component\\Console\\Input\\ArgvInput))
#6 {main}
"} 
[2026-06-06 04:13:50] local.ERROR: Unable to detect application namespace. {"exception":"[object] (RuntimeException(code: 0): Unable to detect application namespace. at /var/www/vendor/laravel/framework/src/Illuminate/Foundation/Application.php:1717)
[stacktrace]
#0 /var/www/vendor/laravel/framework/src/Illuminate/Foundation/Console/Kernel.php(368): Illuminate\\Foundation\\Application->getNamespace()
#1 /var/www/vendor/laravel/framework/src/Illuminate/Foundation/Console/Kernel.php(498): Illuminate\\Foundation\\Console\\Kernel->load(Array)
#2 /var/www/vendor/laravel/framework/src/Illuminate/Foundation/Console/Kernel.php(483): Illuminate\\Foundation\\Console\\Kernel->discoverCommands()
#3 /var/www/vendor/laravel/framework/src/Illuminate/Foundation/Console/Kernel.php(196): Illuminate\\Foundation\\Console\\Kernel->bootstrap()
#4 /var/www/vendor/laravel/framework/src/Illuminate/Foundation/Application.php(1235): Illuminate\\Foundation\\Console\\Kernel->handle(Object(Symfony\\Component\\Console\\Input\\ArgvInput), Object(Symfony\\Component\\Console\\Output\\ConsoleOutput))
#5 /var/www/artisan(13): Illuminate\\Foundation\\Application->handleCommand(Object(Symfony\\Component\\Console\\Input\\ArgvInput))
#6 {main}
"} 
[2026-06-06 04:14:53] local.ERROR: Unable to detect application namespace. {"exception":"[object] (RuntimeException(code: 0): Unable to detect application namespace. at /var/www/vendor/laravel/framework/src/Illuminate/Foundation/Application.php:1717)
[stacktrace]
#0 /var/www/vendor/laravel/framework/src/Illuminate/Foundation/Console/Kernel.php(368): Illuminate\\Foundation\\Application->getNamespace()
#1 /var/www/vendor/laravel/framework/src/Illuminate/Foundation/Console/Kernel.php(498): Illuminate\\Foundation\\Console\\Kernel->load(Array)
#2 /var/www/vendor/laravel/framework/src/Illuminate/Foundation/Console/Kernel.php(483): Illuminate\\Foundation\\Console\\Kernel->discoverCommands()
#3 /var/www/vendor/laravel/framework/src/Illuminate/Foundation/Console/Kernel.php(196): Illuminate\\Foundation\\Console\\Kernel->bootstrap()
#4 /var/www/vendor/laravel/framework/src/Illuminate/Foundation/Application.php(1235): Illuminate\\Foundation\\Console\\Kernel->handle(Object(Symfony\\Component\\Console\\Input\\ArgvInput), Object(Symfony\\Component\\Console\\Output\\ConsoleOutput))
#5 /var/www/artisan(13): Illuminate\\Foundation\\Application->handleCommand(Object(Symfony\\Component\\Console\\Input\\ArgvInput))
#6 {main}
"} 
[2026-06-06 04:15:57] local.ERROR: Unable to detect application namespace. {"exception":"[object] (RuntimeException(code: 0): Unable to detect application namespace. at /var/www/vendor/laravel/framework/src/Illuminate/Foundation/Application.php:1717)
[stacktrace]
#0 /var/www/vendor/laravel/framework/src/Illuminate/Foundation/Console/Kernel.php(368): Illuminate\\Foundation\\Application->getNamespace()
#1 /var/www/vendor/laravel/framework/src/Illuminate/Foundation/Console/Kernel.php(498): Illuminate\\Foundation\\Console\\Kernel->load(Array)
#2 /var/www/vendor/laravel/framework/src/Illuminate/Foundation/Console/Kernel.php(483): Illuminate\\Foundation\\Console\\Kernel->discoverCommands()
#3 /var/www/vendor/laravel/framework/src/Illuminate/Foundation/Console/Kernel.php(196): Illuminate\\Foundation\\Console\\Kernel->bootstrap()
#4 /var/www/vendor/laravel/framework/src/Illuminate/Foundation/Application.php(1235): Illuminate\\Foundation\\Console\\Kernel->handle(Object(Symfony\\Component\\Console\\Input\\ArgvInput), Object(Symfony\\Component\\Console\\Output\\ConsoleOutput))
#5 /var/www/artisan(13): Illuminate\\Foundation\\Application->handleCommand(Object(Symfony\\Component\\Console\\Input\\ArgvInput))
#6 {main}
"} 
[2026-06-06 04:17:00] local.ERROR: Unable to detect application namespace. {"exception":"[object] (RuntimeException(code: 0): Unable to detect application namespace. at /var/www/vendor/laravel/framework/src/Illuminate/Foundation/Application.php:1717)
[stacktrace]
#0 /var/www/vendor/laravel/framework/src/Illuminate/Foundation/Console/Kernel.php(368): Illuminate\\Foundation\\Application->getNamespace()
#1 /var/www/vendor/laravel/framework/src/Illuminate/Foundation/Console/Kernel.php(498): Illuminate\\Foundation\\Console\\Kernel->load(Array)
#2 /var/www/vendor/laravel/framework/src/Illuminate/Foundation/Console/Kernel.php(483): Illuminate\\Foundation\\Console\\Kernel->discoverCommands()
#3 /var/www/vendor/laravel/framework/src/Illuminate/Foundation/Console/Kernel.php(196): Illuminate\\Foundation\\Console\\Kernel->bootstrap()
#4 /var/www/vendor/laravel/framework/src/Illuminate/Foundation/Application.php(1235): Illuminate\\Foundation\\Console\\Kernel->handle(Object(Symfony\\Component\\Console\\Input\\ArgvInput), Object(Symfony\\Component\\Console\\Output\\ConsoleOutput))
#5 /var/www/artisan(13): Illuminate\\Foundation\\Application->handleCommand(Object(Symfony\\Component\\Console\\Input\\ArgvInput))
#6 {main}
"} 
[2026-06-06 04:18:03] local.ERROR: Unable to detect application namespace. {"exception":"[object] (RuntimeException(code: 0): Unable to detect application namespace. at /var/www/vendor/laravel/framework/src/Illuminate/Foundation/Application.php:1717)
[stacktrace]
#0 /var/www/vendor/laravel/framework/src/Illuminate/Foundation/Console/Kernel.php(368): Illuminate\\Foundation\\Application->getNamespace()
#1 /var/www/vendor/laravel/framework/src/Illuminate/Foundation/Console/Kernel.php(498): Illuminate\\Foundation\\Console\\Kernel->load(Array)
#2 /var/www/vendor/laravel/framework/src/Illuminate/Foundation/Console/Kernel.php(483): Illuminate\\Foundation\\Console\\Kernel->discoverCommands()
#3 /var/www/vendor/laravel/framework/src/Illuminate/Foundation/Console/Kernel.php(196): Illuminate\\Foundation\\Console\\Kernel->bootstrap()
#4 /var/www/vendor/laravel/framework/src/Illuminate/Foundation/Application.php(1235): Illuminate\\Foundation\\Console\\Kernel->handle(Object(Symfony\\Component\\Console\\Input\\ArgvInput), Object(Symfony\\Component\\Console\\Output\\ConsoleOutput))
#5 /var/www/artisan(13): Illuminate\\Foundation\\Application->handleCommand(Object(Symfony\\Component\\Console\\Input\\ArgvInput))
#6 {main}
"} 
[2026-06-06 04:19:06] local.ERROR: Unable to detect application namespace. {"exception":"[object] (RuntimeException(code: 0): Unable to detect application namespace. at /var/www/vendor/laravel/framework/src/Illuminate/Foundation/Application.php:1717)
[stacktrace]
#0 /var/www/vendor/laravel/framework/src/Illuminate/Foundation/Console/Kernel.php(368): Illuminate\\Foundation\\Application->getNamespace()
#1 /var/www/vendor/laravel/framework/src/Illuminate/Foundation/Console/Kernel.php(498): Illuminate\\Foundation\\Console\\Kernel->load(Array)
#2 /var/www/vendor/laravel/framework/src/Illuminate/Foundation/Console/Kernel.php(483): Illuminate\\Foundation\\Console\\Kernel->discoverCommands()
#3 /var/www/vendor/laravel/framework/src/Illuminate/Foundation/Console/Kernel.php(196): Illuminate\\Foundation\\Console\\Kernel->bootstrap()
#4 /var/www/vendor/laravel/framework/src/Illuminate/Foundation/Application.php(1235): Illuminate\\Foundation\\Console\\Kernel->handle(Object(Symfony\\Component\\Console\\Input\\ArgvInput), Object(Symfony\\Component\\Console\\Output\\ConsoleOutput))
#5 /var/www/artisan(13): Illuminate\\Foundation\\Application->handleCommand(Object(Symfony\\Component\\Console\\Input\\ArgvInput))
#6 {main}
"} 
[2026-06-06 04:20:10] local.ERROR: Unable to detect application namespace. {"exception":"[object] (RuntimeException(code: 0): Unable to detect application namespace. at /var/www/vendor/laravel/framework/src/Illuminate/Foundation/Application.php:1717)
[stacktrace]
#0 /var/www/vendor/laravel/framework/src/Illuminate/Foundation/Console/Kernel.php(368): Illuminate\\Foundation\\Application->getNamespace()
#1 /var/www/vendor/laravel/framework/src/Illuminate/Foundation/Console/Kernel.php(498): Illuminate\\Foundation\\Console\\Kernel->load(Array)
#2 /var/www/vendor/laravel/framework/src/Illuminate/Foundation/Console/Kernel.php(483): Illuminate\\Foundation\\Console\\Kernel->discoverCommands()
#3 /var/www/vendor/laravel/framework/src/Illuminate/Foundation/Console/Kernel.php(196): Illuminate\\Foundation\\Console\\Kernel->bootstrap()
#4 /var/www/vendor/laravel/framework/src/Illuminate/Foundation/Application.php(1235): Illuminate\\Foundation\\Console\\Kernel->handle(Object(Symfony\\Component\\Console\\Input\\ArgvInput), Object(Symfony\\Component\\Console\\Output\\ConsoleOutput))
#5 /var/www/artisan(13): Illuminate\\Foundation\\Application->handleCommand(Object(Symfony\\Component\\Console\\Input\\ArgvInput))
#6 {main}
"} 
[2026-06-06 04:21:13] local.ERROR: Unable to detect application namespace. {"exception":"[object] (RuntimeException(code: 0): Unable to detect application namespace. at /var/www/vendor/laravel/framework/src/Illuminate/Foundation/Application.php:1717)
[stacktrace]
#0 /var/www/vendor/laravel/framework/src/Illuminate/Foundation/Console/Kernel.php(368): Illuminate\\Foundation\\Application->getNamespace()
#1 /var/www/vendor/laravel/framework/src/Illuminate/Foundation/Console/Kernel.php(498): Illuminate\\Foundation\\Console\\Kernel->load(Array)
#2 /var/www/vendor/laravel/framework/src/Illuminate/Foundation/Console/Kernel.php(483): Illuminate\\Foundation\\Console\\Kernel->discoverCommands()
#3 /var/www/vendor/laravel/framework/src/Illuminate/Foundation/Console/Kernel.php(196): Illuminate\\Foundation\\Console\\Kernel->bootstrap()
#4 /var/www/vendor/laravel/framework/src/Illuminate/Foundation/Application.php(1235): Illuminate\\Foundation\\Console\\Kernel->handle(Object(Symfony\\Component\\Console\\Input\\ArgvInput), Object(Symfony\\Component\\Console\\Output\\ConsoleOutput))
#5 /var/www/artisan(13): Illuminate\\Foundation\\Application->handleCommand(Object(Symfony\\Component\\Console\\Input\\ArgvInput))
#6 {main}
"} 
[2026-06-06 04:22:16] local.ERROR: Unable to detect application namespace. {"exception":"[object] (RuntimeException(code: 0): Unable to detect application namespace. at /var/www/vendor/laravel/framework/src/Illuminate/Foundation/Application.php:1717)
[stacktrace]
#0 /var/www/vendor/laravel/framework/src/Illuminate/Foundation/Console/Kernel.php(368): Illuminate\\Foundation\\Application->getNamespace()
#1 /var/www/vendor/laravel/framework/src/Illuminate/Foundation/Console/Kernel.php(498): Illuminate\\Foundation\\Console\\Kernel->load(Array)
#2 /var/www/vendor/laravel/framework/src/Illuminate/Foundation/Console/Kernel.php(483): Illuminate\\Foundation\\Console\\Kernel->discoverCommands()
#3 /var/www/vendor/laravel/framework/src/Illuminate/Foundation/Console/Kernel.php(196): Illuminate\\Foundation\\Console\\Kernel->bootstrap()
#4 /var/www/vendor/laravel/framework/src/Illuminate/Foundation/Application.php(1235): Illuminate\\Foundation\\Console\\Kernel->handle(Object(Symfony\\Component\\Console\\Input\\ArgvInput), Object(Symfony\\Component\\Console\\Output\\ConsoleOutput))
#5 /var/www/artisan(13): Illuminate\\Foundation\\Application->handleCommand(Object(Symfony\\Component\\Console\\Input\\ArgvInput))
#6 {main}
"} 
[2026-06-06 04:23:20] local.ERROR: Unable to detect application namespace. {"exception":"[object] (RuntimeException(code: 0): Unable to detect application namespace. at /var/www/vendor/laravel/framework/src/Illuminate/Foundation/Application.php:1717)
[stacktrace]
#0 /var/www/vendor/laravel/framework/src/Illuminate/Foundation/Console/Kernel.php(368): Illuminate\\Foundation\\Application->getNamespace()
#1 /var/www/vendor/laravel/framework/src/Illuminate/Foundation/Console/Kernel.php(498): Illuminate\\Foundation\\Console\\Kernel->load(Array)
#2 /var/www/vendor/laravel/framework/src/Illuminate/Foundation/Console/Kernel.php(483): Illuminate\\Foundation\\Console\\Kernel->discoverCommands()
#3 /var/www/vendor/laravel/framework/src/Illuminate/Foundation/Console/Kernel.php(196): Illuminate\\Foundation\\Console\\Kernel->bootstrap()
#4 /var/www/vendor/laravel/framework/src/Illuminate/Foundation/Application.php(1235): Illuminate\\Foundation\\Console\\Kernel->handle(Object(Symfony\\Component\\Console\\Input\\ArgvInput), Object(Symfony\\Component\\Console\\Output\\ConsoleOutput))
#5 /var/www/artisan(13): Illuminate\\Foundation\\Application->handleCommand(Object(Symfony\\Component\\Console\\Input\\ArgvInput))
#6 {main}
"} 
[2026-06-06 04:24:23] local.ERROR: Unable to detect application namespace. {"exception":"[object] (RuntimeException(code: 0): Unable to detect application namespace. at /var/www/vendor/laravel/framework/src/Illuminate/Foundation/Application.php:1717)
[stacktrace]
#0 /var/www/vendor/laravel/framework/src/Illuminate/Foundation/Console/Kernel.php(368): Illuminate\\Foundation\\Application->getNamespace()
#1 /var/www/vendor/laravel/framework/src/Illuminate/Foundation/Console/Kernel.php(498): Illuminate\\Foundation\\Console\\Kernel->load(Array)
#2 /var/www/vendor/laravel/framework/src/Illuminate/Foundation/Console/Kernel.php(483): Illuminate\\Foundation\\Console\\Kernel->discoverCommands()
#3 /var/www/vendor/laravel/framework/src/Illuminate/Foundation/Console/Kernel.php(196): Illuminate\\Foundation\\Console\\Kernel->bootstrap()
#4 /var/www/vendor/laravel/framework/src/Illuminate/Foundation/Application.php(1235): Illuminate\\Foundation\\Console\\Kernel->handle(Object(Symfony\\Component\\Console\\Input\\ArgvInput), Object(Symfony\\Component\\Console\\Output\\ConsoleOutput))
#5 /var/www/artisan(13): Illuminate\\Foundation\\Application->handleCommand(Object(Symfony\\Component\\Console\\Input\\ArgvInput))
#6 {main}
"} 
[2026-06-06 04:25:26] local.ERROR: Unable to detect application namespace. {"exception":"[object] (RuntimeException(code: 0): Unable to detect application namespace. at /var/www/vendor/laravel/framework/src/Illuminate/Foundation/Application.php:1717)
[stacktrace]
#0 /var/www/vendor/laravel/framework/src/Illuminate/Foundation/Console/Kernel.php(368): Illuminate\\Foundation\\Application->getNamespace()
#1 /var/www/vendor/laravel/framework/src/Illuminate/Foundation/Console/Kernel.php(498): Illuminate\\Foundation\\Console\\Kernel->load(Array)
#2 /var/www/vendor/laravel/framework/src/Illuminate/Foundation/Console/Kernel.php(483): Illuminate\\Foundation\\Console\\Kernel->discoverCommands()
#3 /var/www/vendor/laravel/framework/src/Illuminate/Foundation/Console/Kernel.php(196): Illuminate\\Foundation\\Console\\Kernel->bootstrap()
#4 /var/www/vendor/laravel/framework/src/Illuminate/Foundation/Application.php(1235): Illuminate\\Foundation\\Console\\Kernel->handle(Object(Symfony\\Component\\Console\\Input\\ArgvInput), Object(Symfony\\Component\\Console\\Output\\ConsoleOutput))
#5 /var/www/artisan(13): Illuminate\\Foundation\\Application->handleCommand(Object(Symfony\\Component\\Console\\Input\\ArgvInput))
#6 {main}
"} 
[2026-06-06 04:26:30] local.ERROR: Unable to detect application namespace. {"exception":"[object] (RuntimeException(code: 0): Unable to detect application namespace. at /var/www/vendor/laravel/framework/src/Illuminate/Foundation/Application.php:1717)
[stacktrace]
#0 /var/www/vendor/laravel/framework/src/Illuminate/Foundation/Console/Kernel.php(368): Illuminate\\Foundation\\Application->getNamespace()
#1 /var/www/vendor/laravel/framework/src/Illuminate/Foundation/Console/Kernel.php(498): Illuminate\\Foundation\\Console\\Kernel->load(Array)
#2 /var/www/vendor/laravel/framework/src/Illuminate/Foundation/Console/Kernel.php(483): Illuminate\\Foundation\\Console\\Kernel->discoverCommands()
#3 /var/www/vendor/laravel/framework/src/Illuminate/Foundation/Console/Kernel.php(196): Illuminate\\Foundation\\Console\\Kernel->bootstrap()
#4 /var/www/vendor/laravel/framework/src/Illuminate/Foundation/Application.php(1235): Illuminate\\Foundation\\Console\\Kernel->handle(Object(Symfony\\Component\\Console\\Input\\ArgvInput), Object(Symfony\\Component\\Console\\Output\\ConsoleOutput))
#5 /var/www/artisan(13): Illuminate\\Foundation\\Application->handleCommand(Object(Symfony\\Component\\Console\\Input\\ArgvInput))
#6 {main}
"} 
[2026-06-06 04:27:33] local.ERROR: Unable to detect application namespace. {"exception":"[object] (RuntimeException(code: 0): Unable to detect application namespace. at /var/www/vendor/laravel/framework/src/Illuminate/Foundation/Application.php:1717)
[stacktrace]
#0 /var/www/vendor/laravel/framework/src/Illuminate/Foundation/Console/Kernel.php(368): Illuminate\\Foundation\\Application->getNamespace()
#1 /var/www/vendor/laravel/framework/src/Illuminate/Foundation/Console/Kernel.php(498): Illuminate\\Foundation\\Console\\Kernel->load(Array)
#2 /var/www/vendor/laravel/framework/src/Illuminate/Foundation/Console/Kernel.php(483): Illuminate\\Foundation\\Console\\Kernel->discoverCommands()
#3 /var/www/vendor/laravel/framework/src/Illuminate/Foundation/Console/Kernel.php(196): Illuminate\\Foundation\\Console\\Kernel->bootstrap()
#4 /var/www/vendor/laravel/framework/src/Illuminate/Foundation/Application.php(1235): Illuminate\\Foundation\\Console\\Kernel->handle(Object(Symfony\\Component\\Console\\Input\\ArgvInput), Object(Symfony\\Component\\Console\\Output\\ConsoleOutput))
#5 /var/www/artisan(13): Illuminate\\Foundation\\Application->handleCommand(Object(Symfony\\Component\\Console\\Input\\ArgvInput))
#6 {main}
"} 
[2026-06-06 04:28:36] local.ERROR: Unable to detect application namespace. {"exception":"[object] (RuntimeException(code: 0): Unable to detect application namespace. at /var/www/vendor/laravel/framework/src/Illuminate/Foundation/Application.php:1717)
[stacktrace]
#0 /var/www/vendor/laravel/framework/src/Illuminate/Foundation/Console/Kernel.php(368): Illuminate\\Foundation\\Application->getNamespace()
#1 /var/www/vendor/laravel/framework/src/Illuminate/Foundation/Console/Kernel.php(498): Illuminate\\Foundation\\Console\\Kernel->load(Array)
#2 /var/www/vendor/laravel/framework/src/Illuminate/Foundation/Console/Kernel.php(483): Illuminate\\Foundation\\Console\\Kernel->discoverCommands()
#3 /var/www/vendor/laravel/framework/src/Illuminate/Foundation/Console/Kernel.php(196): Illuminate\\Foundation\\Console\\Kernel->bootstrap()
#4 /var/www/vendor/laravel/framework/src/Illuminate/Foundation/Application.php(1235): Illuminate\\Foundation\\Console\\Kernel->handle(Object(Symfony\\Component\\Console\\Input\\ArgvInput), Object(Symfony\\Component\\Console\\Output\\ConsoleOutput))
#5 /var/www/artisan(13): Illuminate\\Foundation\\Application->handleCommand(Object(Symfony\\Component\\Console\\Input\\ArgvInput))
#6 {main}
"} 
[2026-06-06 04:29:40] local.ERROR: Unable to detect application namespace. {"exception":"[object] (RuntimeException(code: 0): Unable to detect application namespace. at /var/www/vendor/laravel/framework/src/Illuminate/Foundation/Application.php:1717)
[stacktrace]
#0 /var/www/vendor/laravel/framework/src/Illuminate/Foundation/Console/Kernel.php(368): Illuminate\\Foundation\\Application->getNamespace()
#1 /var/www/vendor/laravel/framework/src/Illuminate/Foundation/Console/Kernel.php(498): Illuminate\\Foundation\\Console\\Kernel->load(Array)
#2 /var/www/vendor/laravel/framework/src/Illuminate/Foundation/Console/Kernel.php(483): Illuminate\\Foundation\\Console\\Kernel->discoverCommands()
#3 /var/www/vendor/laravel/framework/src/Illuminate/Foundation/Console/Kernel.php(196): Illuminate\\Foundation\\Console\\Kernel->bootstrap()
#4 /var/www/vendor/laravel/framework/src/Illuminate/Foundation/Application.php(1235): Illuminate\\Foundation\\Console\\Kernel->handle(Object(Symfony\\Component\\Console\\Input\\ArgvInput), Object(Symfony\\Component\\Console\\Output\\ConsoleOutput))
#5 /var/www/artisan(13): Illuminate\\Foundation\\Application->handleCommand(Object(Symfony\\Component\\Console\\Input\\ArgvInput))
#6 {main}
"} 
[2026-06-06 04:30:43] local.ERROR: Unable to detect application namespace. {"exception":"[object] (RuntimeException(code: 0): Unable to detect application namespace. at /var/www/vendor/laravel/framework/src/Illuminate/Foundation/Application.php:1717)
[stacktrace]
#0 /var/www/vendor/laravel/framework/src/Illuminate/Foundation/Console/Kernel.php(368): Illuminate\\Foundation\\Application->getNamespace()
#1 /var/www/vendor/laravel/framework/src/Illuminate/Foundation/Console/Kernel.php(498): Illuminate\\Foundation\\Console\\Kernel->load(Array)
#2 /var/www/vendor/laravel/framework/src/Illuminate/Foundation/Console/Kernel.php(483): Illuminate\\Foundation\\Console\\Kernel->discoverCommands()
#3 /var/www/vendor/laravel/framework/src/Illuminate/Foundation/Console/Kernel.php(196): Illuminate\\Foundation\\Console\\Kernel->bootstrap()
#4 /var/www/vendor/laravel/framework/src/Illuminate/Foundation/Application.php(1235): Illuminate\\Foundation\\Console\\Kernel->handle(Object(Symfony\\Component\\Console\\Input\\ArgvInput), Object(Symfony\\Component\\Console\\Output\\ConsoleOutput))
#5 /var/www/artisan(13): Illuminate\\Foundation\\Application->handleCommand(Object(Symfony\\Component\\Console\\Input\\ArgvInput))
#6 {main}
"} 
[2026-06-06 04:31:46] local.ERROR: Unable to detect application namespace. {"exception":"[object] (RuntimeException(code: 0): Unable to detect application namespace. at /var/www/vendor/laravel/framework/src/Illuminate/Foundation/Application.php:1717)
[stacktrace]
#0 /var/www/vendor/laravel/framework/src/Illuminate/Foundation/Console/Kernel.php(368): Illuminate\\Foundation\\Application->getNamespace()
#1 /var/www/vendor/laravel/framework/src/Illuminate/Foundation/Console/Kernel.php(498): Illuminate\\Foundation\\Console\\Kernel->load(Array)
#2 /var/www/vendor/laravel/framework/src/Illuminate/Foundation/Console/Kernel.php(483): Illuminate\\Foundation\\Console\\Kernel->discoverCommands()
#3 /var/www/vendor/laravel/framework/src/Illuminate/Foundation/Console/Kernel.php(196): Illuminate\\Foundation\\Console\\Kernel->bootstrap()
#4 /var/www/vendor/laravel/framework/src/Illuminate/Foundation/Application.php(1235): Illuminate\\Foundation\\Console\\Kernel->handle(Object(Symfony\\Component\\Console\\Input\\ArgvInput), Object(Symfony\\Component\\Console\\Output\\ConsoleOutput))
#5 /var/www/artisan(13): Illuminate\\Foundation\\Application->handleCommand(Object(Symfony\\Component\\Console\\Input\\ArgvInput))
#6 {main}
"} 
[2026-06-06 04:32:50] local.ERROR: Unable to detect application namespace. {"exception":"[object] (RuntimeException(code: 0): Unable to detect application namespace. at /var/www/vendor/laravel/framework/src/Illuminate/Foundation/Application.php:1717)
[stacktrace]
#0 /var/www/vendor/laravel/framework/src/Illuminate/Foundation/Console/Kernel.php(368): Illuminate\\Foundation\\Application->getNamespace()
#1 /var/www/vendor/laravel/framework/src/Illuminate/Foundation/Console/Kernel.php(498): Illuminate\\Foundation\\Console\\Kernel->load(Array)
#2 /var/www/vendor/laravel/framework/src/Illuminate/Foundation/Console/Kernel.php(483): Illuminate\\Foundation\\Console\\Kernel->discoverCommands()
#3 /var/www/vendor/laravel/framework/src/Illuminate/Foundation/Console/Kernel.php(196): Illuminate\\Foundation\\Console\\Kernel->bootstrap()
#4 /var/www/vendor/laravel/framework/src/Illuminate/Foundation/Application.php(1235): Illuminate\\Foundation\\Console\\Kernel->handle(Object(Symfony\\Component\\Console\\Input\\ArgvInput), Object(Symfony\\Component\\Console\\Output\\ConsoleOutput))
#5 /var/www/artisan(13): Illuminate\\Foundation\\Application->handleCommand(Object(Symfony\\Component\\Console\\Input\\ArgvInput))
#6 {main}
"} 
[2026-06-06 04:33:53] local.ERROR: Unable to detect application namespace. {"exception":"[object] (RuntimeException(code: 0): Unable to detect application namespace. at /var/www/vendor/laravel/framework/src/Illuminate/Foundation/Application.php:1717)
[stacktrace]
#0 /var/www/vendor/laravel/framework/src/Illuminate/Foundation/Console/Kernel.php(368): Illuminate\\Foundation\\Application->getNamespace()
#1 /var/www/vendor/laravel/framework/src/Illuminate/Foundation/Console/Kernel.php(498): Illuminate\\Foundation\\Console\\Kernel->load(Array)
#2 /var/www/vendor/laravel/framework/src/Illuminate/Foundation/Console/Kernel.php(483): Illuminate\\Foundation\\Console\\Kernel->discoverCommands()
#3 /var/www/vendor/laravel/framework/src/Illuminate/Foundation/Console/Kernel.php(196): Illuminate\\Foundation\\Console\\Kernel->bootstrap()
#4 /var/www/vendor/laravel/framework/src/Illuminate/Foundation/Application.php(1235): Illuminate\\Foundation\\Console\\Kernel->handle(Object(Symfony\\Component\\Console\\Input\\ArgvInput), Object(Symfony\\Component\\Console\\Output\\ConsoleOutput))
#5 /var/www/artisan(13): Illuminate\\Foundation\\Application->handleCommand(Object(Symfony\\Component\\Console\\Input\\ArgvInput))
#6 {main}
"} 
[2026-06-06 04:34:56] local.ERROR: Unable to detect application namespace. {"exception":"[object] (RuntimeException(code: 0): Unable to detect application namespace. at /var/www/vendor/laravel/framework/src/Illuminate/Foundation/Application.php:1717)
[stacktrace]
#0 /var/www/vendor/laravel/framework/src/Illuminate/Foundation/Console/Kernel.php(368): Illuminate\\Foundation\\Application->getNamespace()
#1 /var/www/vendor/laravel/framework/src/Illuminate/Foundation/Console/Kernel.php(498): Illuminate\\Foundation\\Console\\Kernel->load(Array)
#2 /var/www/vendor/laravel/framework/src/Illuminate/Foundation/Console/Kernel.php(483): Illuminate\\Foundation\\Console\\Kernel->discoverCommands()
#3 /var/www/vendor/laravel/framework/src/Illuminate/Foundation/Console/Kernel.php(196): Illuminate\\Foundation\\Console\\Kernel->bootstrap()
#4 /var/www/vendor/laravel/framework/src/Illuminate/Foundation/Application.php(1235): Illuminate\\Foundation\\Console\\Kernel->handle(Object(Symfony\\Component\\Console\\Input\\ArgvInput), Object(Symfony\\Component\\Console\\Output\\ConsoleOutput))
#5 /var/www/artisan(13): Illuminate\\Foundation\\Application->handleCommand(Object(Symfony\\Component\\Console\\Input\\ArgvInput))
#6 {main}
"} 
[2026-06-06 04:35:59] local.ERROR: Unable to detect application namespace. {"exception":"[object] (RuntimeException(code: 0): Unable to detect application namespace. at /var/www/vendor/laravel/framework/src/Illuminate/Foundation/Application.php:1717)
[stacktrace]
#0 /var/www/vendor/laravel/framework/src/Illuminate/Foundation/Console/Kernel.php(368): Illuminate\\Foundation\\Application->getNamespace()
#1 /var/www/vendor/laravel/framework/src/Illuminate/Foundation/Console/Kernel.php(498): Illuminate\\Foundation\\Console\\Kernel->load(Array)
#2 /var/www/vendor/laravel/framework/src/Illuminate/Foundation/Console/Kernel.php(483): Illuminate\\Foundation\\Console\\Kernel->discoverCommands()
#3 /var/www/vendor/laravel/framework/src/Illuminate/Foundation/Console/Kernel.php(196): Illuminate\\Foundation\\Console\\Kernel->bootstrap()
#4 /var/www/vendor/laravel/framework/src/Illuminate/Foundation/Application.php(1235): Illuminate\\Foundation\\Console\\Kernel->handle(Object(Symfony\\Component\\Console\\Input\\ArgvInput), Object(Symfony\\Component\\Console\\Output\\ConsoleOutput))
#5 /var/www/artisan(13): Illuminate\\Foundation\\Application->handleCommand(Object(Symfony\\Component\\Console\\Input\\ArgvInput))
#6 {main}
"} 
[2026-06-06 04:37:03] local.ERROR: Unable to detect application namespace. {"exception":"[object] (RuntimeException(code: 0): Unable to detect application namespace. at /var/www/vendor/laravel/framework/src/Illuminate/Foundation/Application.php:1717)
[stacktrace]
#0 /var/www/vendor/laravel/framework/src/Illuminate/Foundation/Console/Kernel.php(368): Illuminate\\Foundation\\Application->getNamespace()
#1 /var/www/vendor/laravel/framework/src/Illuminate/Foundation/Console/Kernel.php(498): Illuminate\\Foundation\\Console\\Kernel->load(Array)
#2 /var/www/vendor/laravel/framework/src/Illuminate/Foundation/Console/Kernel.php(483): Illuminate\\Foundation\\Console\\Kernel->discoverCommands()
#3 /var/www/vendor/laravel/framework/src/Illuminate/Foundation/Console/Kernel.php(196): Illuminate\\Foundation\\Console\\Kernel->bootstrap()
#4 /var/www/vendor/laravel/framework/src/Illuminate/Foundation/Application.php(1235): Illuminate\\Foundation\\Console\\Kernel->handle(Object(Symfony\\Component\\Console\\Input\\ArgvInput), Object(Symfony\\Component\\Console\\Output\\ConsoleOutput))
#5 /var/www/artisan(13): Illuminate\\Foundation\\Application->handleCommand(Object(Symfony\\Component\\Console\\Input\\ArgvInput))
#6 {main}
"} 
[2026-06-06 04:38:06] local.ERROR: Unable to detect application namespace. {"exception":"[object] (RuntimeException(code: 0): Unable to detect application namespace. at /var/www/vendor/laravel/framework/src/Illuminate/Foundation/Application.php:1717)
[stacktrace]
#0 /var/www/vendor/laravel/framework/src/Illuminate/Foundation/Console/Kernel.php(368): Illuminate\\Foundation\\Application->getNamespace()
#1 /var/www/vendor/laravel/framework/src/Illuminate/Foundation/Console/Kernel.php(498): Illuminate\\Foundation\\Console\\Kernel->load(Array)
#2 /var/www/vendor/laravel/framework/src/Illuminate/Foundation/Console/Kernel.php(483): Illuminate\\Foundation\\Console\\Kernel->discoverCommands()
#3 /var/www/vendor/laravel/framework/src/Illuminate/Foundation/Console/Kernel.php(196): Illuminate\\Foundation\\Console\\Kernel->bootstrap()
#4 /var/www/vendor/laravel/framework/src/Illuminate/Foundation/Application.php(1235): Illuminate\\Foundation\\Console\\Kernel->handle(Object(Symfony\\Component\\Console\\Input\\ArgvInput), Object(Symfony\\Component\\Console\\Output\\ConsoleOutput))
#5 /var/www/artisan(13): Illuminate\\Foundation\\Application->handleCommand(Object(Symfony\\Component\\Console\\Input\\ArgvInput))
#6 {main}
"} 
[2026-06-06 04:39:09] local.ERROR: Unable to detect application namespace. {"exception":"[object] (RuntimeException(code: 0): Unable to detect application namespace. at /var/www/vendor/laravel/framework/src/Illuminate/Foundation/Application.php:1717)
[stacktrace]
#0 /var/www/vendor/laravel/framework/src/Illuminate/Foundation/Console/Kernel.php(368): Illuminate\\Foundation\\Application->getNamespace()
#1 /var/www/vendor/laravel/framework/src/Illuminate/Foundation/Console/Kernel.php(498): Illuminate\\Foundation\\Console\\Kernel->load(Array)
#2 /var/www/vendor/laravel/framework/src/Illuminate/Foundation/Console/Kernel.php(483): Illuminate\\Foundation\\Console\\Kernel->discoverCommands()
#3 /var/www/vendor/laravel/framework/src/Illuminate/Foundation/Console/Kernel.php(196): Illuminate\\Foundation\\Console\\Kernel->bootstrap()
#4 /var/www/vendor/laravel/framework/src/Illuminate/Foundation/Application.php(1235): Illuminate\\Foundation\\Console\\Kernel->handle(Object(Symfony\\Component\\Console\\Input\\ArgvInput), Object(Symfony\\Component\\Console\\Output\\ConsoleOutput))
#5 /var/www/artisan(13): Illuminate\\Foundation\\Application->handleCommand(Object(Symfony\\Component\\Console\\Input\\ArgvInput))
#6 {main}
"} 
[2026-06-06 04:40:12] local.ERROR: Unable to detect application namespace. {"exception":"[object] (RuntimeException(code: 0): Unable to detect application namespace. at /var/www/vendor/laravel/framework/src/Illuminate/Foundation/Application.php:1717)
[stacktrace]
#0 /var/www/vendor/laravel/framework/src/Illuminate/Foundation/Console/Kernel.php(368): Illuminate\\Foundation\\Application->getNamespace()
#1 /var/www/vendor/laravel/framework/src/Illuminate/Foundation/Console/Kernel.php(498): Illuminate\\Foundation\\Console\\Kernel->load(Array)
#2 /var/www/vendor/laravel/framework/src/Illuminate/Foundation/Console/Kernel.php(483): Illuminate\\Foundation\\Console\\Kernel->discoverCommands()
#3 /var/www/vendor/laravel/framework/src/Illuminate/Foundation/Console/Kernel.php(196): Illuminate\\Foundation\\Console\\Kernel->bootstrap()
#4 /var/www/vendor/laravel/framework/src/Illuminate/Foundation/Application.php(1235): Illuminate\\Foundation\\Console\\Kernel->handle(Object(Symfony\\Component\\Console\\Input\\ArgvInput), Object(Symfony\\Component\\Console\\Output\\ConsoleOutput))
#5 /var/www/artisan(13): Illuminate\\Foundation\\Application->handleCommand(Object(Symfony\\Component\\Console\\Input\\ArgvInput))
#6 {main}
"} 
[2026-06-06 04:41:16] local.ERROR: Unable to detect application namespace. {"exception":"[object] (RuntimeException(code: 0): Unable to detect application namespace. at /var/www/vendor/laravel/framework/src/Illuminate/Foundation/Application.php:1717)
[stacktrace]
#0 /var/www/vendor/laravel/framework/src/Illuminate/Foundation/Console/Kernel.php(368): Illuminate\\Foundation\\Application->getNamespace()
#1 /var/www/vendor/laravel/framework/src/Illuminate/Foundation/Console/Kernel.php(498): Illuminate\\Foundation\\Console\\Kernel->load(Array)
#2 /var/www/vendor/laravel/framework/src/Illuminate/Foundation/Console/Kernel.php(483): Illuminate\\Foundation\\Console\\Kernel->discoverCommands()
#3 /var/www/vendor/laravel/framework/src/Illuminate/Foundation/Console/Kernel.php(196): Illuminate\\Foundation\\Console\\Kernel->bootstrap()
#4 /var/www/vendor/laravel/framework/src/Illuminate/Foundation/Application.php(1235): Illuminate\\Foundation\\Console\\Kernel->handle(Object(Symfony\\Component\\Console\\Input\\ArgvInput), Object(Symfony\\Component\\Console\\Output\\ConsoleOutput))
#5 /var/www/artisan(13): Illuminate\\Foundation\\Application->handleCommand(Object(Symfony\\Component\\Console\\Input\\ArgvInput))
#6 {main}
"} 
[2026-06-06 04:42:19] local.ERROR: Unable to detect application namespace. {"exception":"[object] (RuntimeException(code: 0): Unable to detect application namespace. at /var/www/vendor/laravel/framework/src/Illuminate/Foundation/Application.php:1717)
[stacktrace]
#0 /var/www/vendor/laravel/framework/src/Illuminate/Foundation/Console/Kernel.php(368): Illuminate\\Foundation\\Application->getNamespace()
#1 /var/www/vendor/laravel/framework/src/Illuminate/Foundation/Console/Kernel.php(498): Illuminate\\Foundation\\Console\\Kernel->load(Array)
#2 /var/www/vendor/laravel/framework/src/Illuminate/Foundation/Console/Kernel.php(483): Illuminate\\Foundation\\Console\\Kernel->discoverCommands()
#3 /var/www/vendor/laravel/framework/src/Illuminate/Foundation/Console/Kernel.php(196): Illuminate\\Foundation\\Console\\Kernel->bootstrap()
#4 /var/www/vendor/laravel/framework/src/Illuminate/Foundation/Application.php(1235): Illuminate\\Foundation\\Console\\Kernel->handle(Object(Symfony\\Component\\Console\\Input\\ArgvInput), Object(Symfony\\Component\\Console\\Output\\ConsoleOutput))
#5 /var/www/artisan(13): Illuminate\\Foundation\\Application->handleCommand(Object(Symfony\\Component\\Console\\Input\\ArgvInput))
#6 {main}
"} 
[2026-06-06 04:43:22] local.ERROR: Unable to detect application namespace. {"exception":"[object] (RuntimeException(code: 0): Unable to detect application namespace. at /var/www/vendor/laravel/framework/src/Illuminate/Foundation/Application.php:1717)
[stacktrace]
#0 /var/www/vendor/laravel/framework/src/Illuminate/Foundation/Console/Kernel.php(368): Illuminate\\Foundation\\Application->getNamespace()
#1 /var/www/vendor/laravel/framework/src/Illuminate/Foundation/Console/Kernel.php(498): Illuminate\\Foundation\\Console\\Kernel->load(Array)
#2 /var/www/vendor/laravel/framework/src/Illuminate/Foundation/Console/Kernel.php(483): Illuminate\\Foundation\\Console\\Kernel->discoverCommands()
#3 /var/www/vendor/laravel/framework/src/Illuminate/Foundation/Console/Kernel.php(196): Illuminate\\Foundation\\Console\\Kernel->bootstrap()
#4 /var/www/vendor/laravel/framework/src/Illuminate/Foundation/Application.php(1235): Illuminate\\Foundation\\Console\\Kernel->handle(Object(Symfony\\Component\\Console\\Input\\ArgvInput), Object(Symfony\\Component\\Console\\Output\\ConsoleOutput))
#5 /var/www/artisan(13): Illuminate\\Foundation\\Application->handleCommand(Object(Symfony\\Component\\Console\\Input\\ArgvInput))
#6 {main}
"} 
[2026-06-06 04:44:26] local.ERROR: Unable to detect application namespace. {"exception":"[object] (RuntimeException(code: 0): Unable to detect application namespace. at /var/www/vendor/laravel/framework/src/Illuminate/Foundation/Application.php:1717)
[stacktrace]
#0 /var/www/vendor/laravel/framework/src/Illuminate/Foundation/Console/Kernel.php(368): Illuminate\\Foundation\\Application->getNamespace()
#1 /var/www/vendor/laravel/framework/src/Illuminate/Foundation/Console/Kernel.php(498): Illuminate\\Foundation\\Console\\Kernel->load(Array)
#2 /var/www/vendor/laravel/framework/src/Illuminate/Foundation/Console/Kernel.php(483): Illuminate\\Foundation\\Console\\Kernel->discoverCommands()
#3 /var/www/vendor/laravel/framework/src/Illuminate/Foundation/Console/Kernel.php(196): Illuminate\\Foundation\\Console\\Kernel->bootstrap()
#4 /var/www/vendor/laravel/framework/src/Illuminate/Foundation/Application.php(1235): Illuminate\\Foundation\\Console\\Kernel->handle(Object(Symfony\\Component\\Console\\Input\\ArgvInput), Object(Symfony\\Component\\Console\\Output\\ConsoleOutput))
#5 /var/www/artisan(13): Illuminate\\Foundation\\Application->handleCommand(Object(Symfony\\Component\\Console\\Input\\ArgvInput))
#6 {main}
"} 
[2026-06-06 04:45:29] local.ERROR: Unable to detect application namespace. {"exception":"[object] (RuntimeException(code: 0): Unable to detect application namespace. at /var/www/vendor/laravel/framework/src/Illuminate/Foundation/Application.php:1717)
[stacktrace]
#0 /var/www/vendor/laravel/framework/src/Illuminate/Foundation/Console/Kernel.php(368): Illuminate\\Foundation\\Application->getNamespace()
#1 /var/www/vendor/laravel/framework/src/Illuminate/Foundation/Console/Kernel.php(498): Illuminate\\Foundation\\Console\\Kernel->load(Array)
#2 /var/www/vendor/laravel/framework/src/Illuminate/Foundation/Console/Kernel.php(483): Illuminate\\Foundation\\Console\\Kernel->discoverCommands()
#3 /var/www/vendor/laravel/framework/src/Illuminate/Foundation/Console/Kernel.php(196): Illuminate\\Foundation\\Console\\Kernel->bootstrap()
#4 /var/www/vendor/laravel/framework/src/Illuminate/Foundation/Application.php(1235): Illuminate\\Foundation\\Console\\Kernel->handle(Object(Symfony\\Component\\Console\\Input\\ArgvInput), Object(Symfony\\Component\\Console\\Output\\ConsoleOutput))
#5 /var/www/artisan(13): Illuminate\\Foundation\\Application->handleCommand(Object(Symfony\\Component\\Console\\Input\\ArgvInput))
#6 {main}
"} 
[2026-06-06 04:46:32] local.ERROR: Unable to detect application namespace. {"exception":"[object] (RuntimeException(code: 0): Unable to detect application namespace. at /var/www/vendor/laravel/framework/src/Illuminate/Foundation/Application.php:1717)
[stacktrace]
#0 /var/www/vendor/laravel/framework/src/Illuminate/Foundation/Console/Kernel.php(368): Illuminate\\Foundation\\Application->getNamespace()
#1 /var/www/vendor/laravel/framework/src/Illuminate/Foundation/Console/Kernel.php(498): Illuminate\\Foundation\\Console\\Kernel->load(Array)
#2 /var/www/vendor/laravel/framework/src/Illuminate/Foundation/Console/Kernel.php(483): Illuminate\\Foundation\\Console\\Kernel->discoverCommands()
#3 /var/www/vendor/laravel/framework/src/Illuminate/Foundation/Console/Kernel.php(196): Illuminate\\Foundation\\Console\\Kernel->bootstrap()
#4 /var/www/vendor/laravel/framework/src/Illuminate/Foundation/Application.php(1235): Illuminate\\Foundation\\Console\\Kernel->handle(Object(Symfony\\Component\\Console\\Input\\ArgvInput), Object(Symfony\\Component\\Console\\Output\\ConsoleOutput))
#5 /var/www/artisan(13): Illuminate\\Foundation\\Application->handleCommand(Object(Symfony\\Component\\Console\\Input\\ArgvInput))
#6 {main}
"} 
[2026-06-06 04:47:36] local.ERROR: Unable to detect application namespace. {"exception":"[object] (RuntimeException(code: 0): Unable to detect application namespace. at /var/www/vendor/laravel/framework/src/Illuminate/Foundation/Application.php:1717)
[stacktrace]
#0 /var/www/vendor/laravel/framework/src/Illuminate/Foundation/Console/Kernel.php(368): Illuminate\\Foundation\\Application->getNamespace()
#1 /var/www/vendor/laravel/framework/src/Illuminate/Foundation/Console/Kernel.php(498): Illuminate\\Foundation\\Console\\Kernel->load(Array)
#2 /var/www/vendor/laravel/framework/src/Illuminate/Foundation/Console/Kernel.php(483): Illuminate\\Foundation\\Console\\Kernel->discoverCommands()
#3 /var/www/vendor/laravel/framework/src/Illuminate/Foundation/Console/Kernel.php(196): Illuminate\\Foundation\\Console\\Kernel->bootstrap()
#4 /var/www/vendor/laravel/framework/src/Illuminate/Foundation/Application.php(1235): Illuminate\\Foundation\\Console\\Kernel->handle(Object(Symfony\\Component\\Console\\Input\\ArgvInput), Object(Symfony\\Component\\Console\\Output\\ConsoleOutput))
#5 /var/www/artisan(13): Illuminate\\Foundation\\Application->handleCommand(Object(Symfony\\Component\\Console\\Input\\ArgvInput))
#6 {main}
"} 
[2026-06-06 04:48:39] local.ERROR: Unable to detect application namespace. {"exception":"[object] (RuntimeException(code: 0): Unable to detect application namespace. at /var/www/vendor/laravel/framework/src/Illuminate/Foundation/Application.php:1717)
[stacktrace]
#0 /var/www/vendor/laravel/framework/src/Illuminate/Foundation/Console/Kernel.php(368): Illuminate\\Foundation\\Application->getNamespace()
#1 /var/www/vendor/laravel/framework/src/Illuminate/Foundation/Console/Kernel.php(498): Illuminate\\Foundation\\Console\\Kernel->load(Array)
#2 /var/www/vendor/laravel/framework/src/Illuminate/Foundation/Console/Kernel.php(483): Illuminate\\Foundation\\Console\\Kernel->discoverCommands()
#3 /var/www/vendor/laravel/framework/src/Illuminate/Foundation/Console/Kernel.php(196): Illuminate\\Foundation\\Console\\Kernel->bootstrap()
#4 /var/www/vendor/laravel/framework/src/Illuminate/Foundation/Application.php(1235): Illuminate\\Foundation\\Console\\Kernel->handle(Object(Symfony\\Component\\Console\\Input\\ArgvInput), Object(Symfony\\Component\\Console\\Output\\ConsoleOutput))
#5 /var/www/artisan(13): Illuminate\\Foundation\\Application->handleCommand(Object(Symfony\\Component\\Console\\Input\\ArgvInput))
#6 {main}
"} 
[2026-06-06 04:49:42] local.ERROR: Unable to detect application namespace. {"exception":"[object] (RuntimeException(code: 0): Unable to detect application namespace. at /var/www/vendor/laravel/framework/src/Illuminate/Foundation/Application.php:1717)
[stacktrace]
#0 /var/www/vendor/laravel/framework/src/Illuminate/Foundation/Console/Kernel.php(368): Illuminate\\Foundation\\Application->getNamespace()
#1 /var/www/vendor/laravel/framework/src/Illuminate/Foundation/Console/Kernel.php(498): Illuminate\\Foundation\\Console\\Kernel->load(Array)
#2 /var/www/vendor/laravel/framework/src/Illuminate/Foundation/Console/Kernel.php(483): Illuminate\\Foundation\\Console\\Kernel->discoverCommands()
#3 /var/www/vendor/laravel/framework/src/Illuminate/Foundation/Console/Kernel.php(196): Illuminate\\Foundation\\Console\\Kernel->bootstrap()
#4 /var/www/vendor/laravel/framework/src/Illuminate/Foundation/Application.php(1235): Illuminate\\Foundation\\Console\\Kernel->handle(Object(Symfony\\Component\\Console\\Input\\ArgvInput), Object(Symfony\\Component\\Console\\Output\\ConsoleOutput))
#5 /var/www/artisan(13): Illuminate\\Foundation\\Application->handleCommand(Object(Symfony\\Component\\Console\\Input\\ArgvInput))
#6 {main}
"} 
[2026-06-06 04:50:46] local.ERROR: Unable to detect application namespace. {"exception":"[object] (RuntimeException(code: 0): Unable to detect application namespace. at /var/www/vendor/laravel/framework/src/Illuminate/Foundation/Application.php:1717)
[stacktrace]
#0 /var/www/vendor/laravel/framework/src/Illuminate/Foundation/Console/Kernel.php(368): Illuminate\\Foundation\\Application->getNamespace()
#1 /var/www/vendor/laravel/framework/src/Illuminate/Foundation/Console/Kernel.php(498): Illuminate\\Foundation\\Console\\Kernel->load(Array)
#2 /var/www/vendor/laravel/framework/src/Illuminate/Foundation/Console/Kernel.php(483): Illuminate\\Foundation\\Console\\Kernel->discoverCommands()
#3 /var/www/vendor/laravel/framework/src/Illuminate/Foundation/Console/Kernel.php(196): Illuminate\\Foundation\\Console\\Kernel->bootstrap()
#4 /var/www/vendor/laravel/framework/src/Illuminate/Foundation/Application.php(1235): Illuminate\\Foundation\\Console\\Kernel->handle(Object(Symfony\\Component\\Console\\Input\\ArgvInput), Object(Symfony\\Component\\Console\\Output\\ConsoleOutput))
#5 /var/www/artisan(13): Illuminate\\Foundation\\Application->handleCommand(Object(Symfony\\Component\\Console\\Input\\ArgvInput))
#6 {main}
"} 
[2026-06-06 04:51:49] local.ERROR: Unable to detect application namespace. {"exception":"[object] (RuntimeException(code: 0): Unable to detect application namespace. at /var/www/vendor/laravel/framework/src/Illuminate/Foundation/Application.php:1717)
[stacktrace]
#0 /var/www/vendor/laravel/framework/src/Illuminate/Foundation/Console/Kernel.php(368): Illuminate\\Foundation\\Application->getNamespace()
#1 /var/www/vendor/laravel/framework/src/Illuminate/Foundation/Console/Kernel.php(498): Illuminate\\Foundation\\Console\\Kernel->load(Array)
#2 /var/www/vendor/laravel/framework/src/Illuminate/Foundation/Console/Kernel.php(483): Illuminate\\Foundation\\Console\\Kernel->discoverCommands()
#3 /var/www/vendor/laravel/framework/src/Illuminate/Foundation/Console/Kernel.php(196): Illuminate\\Foundation\\Console\\Kernel->bootstrap()
#4 /var/www/vendor/laravel/framework/src/Illuminate/Foundation/Application.php(1235): Illuminate\\Foundation\\Console\\Kernel->handle(Object(Symfony\\Component\\Console\\Input\\ArgvInput), Object(Symfony\\Component\\Console\\Output\\ConsoleOutput))
#5 /var/www/artisan(13): Illuminate\\Foundation\\Application->handleCommand(Object(Symfony\\Component\\Console\\Input\\ArgvInput))
#6 {main}
"} 
[2026-06-06 04:52:53] local.ERROR: Unable to detect application namespace. {"exception":"[object] (RuntimeException(code: 0): Unable to detect application namespace. at /var/www/vendor/laravel/framework/src/Illuminate/Foundation/Application.php:1717)
[stacktrace]
#0 /var/www/vendor/laravel/framework/src/Illuminate/Foundation/Console/Kernel.php(368): Illuminate\\Foundation\\Application->getNamespace()
#1 /var/www/vendor/laravel/framework/src/Illuminate/Foundation/Console/Kernel.php(498): Illuminate\\Foundation\\Console\\Kernel->load(Array)
#2 /var/www/vendor/laravel/framework/src/Illuminate/Foundation/Console/Kernel.php(483): Illuminate\\Foundation\\Console\\Kernel->discoverCommands()
#3 /var/www/vendor/laravel/framework/src/Illuminate/Foundation/Console/Kernel.php(196): Illuminate\\Foundation\\Console\\Kernel->bootstrap()
#4 /var/www/vendor/laravel/framework/src/Illuminate/Foundation/Application.php(1235): Illuminate\\Foundation\\Console\\Kernel->handle(Object(Symfony\\Component\\Console\\Input\\ArgvInput), Object(Symfony\\Component\\Console\\Output\\ConsoleOutput))
#5 /var/www/artisan(13): Illuminate\\Foundation\\Application->handleCommand(Object(Symfony\\Component\\Console\\Input\\ArgvInput))
#6 {main}
"} 
[2026-06-06 04:53:56] local.ERROR: Unable to detect application namespace. {"exception":"[object] (RuntimeException(code: 0): Unable to detect application namespace. at /var/www/vendor/laravel/framework/src/Illuminate/Foundation/Application.php:1717)
[stacktrace]
#0 /var/www/vendor/laravel/framework/src/Illuminate/Foundation/Console/Kernel.php(368): Illuminate\\Foundation\\Application->getNamespace()
#1 /var/www/vendor/laravel/framework/src/Illuminate/Foundation/Console/Kernel.php(498): Illuminate\\Foundation\\Console\\Kernel->load(Array)
#2 /var/www/vendor/laravel/framework/src/Illuminate/Foundation/Console/Kernel.php(483): Illuminate\\Foundation\\Console\\Kernel->discoverCommands()
#3 /var/www/vendor/laravel/framework/src/Illuminate/Foundation/Console/Kernel.php(196): Illuminate\\Foundation\\Console\\Kernel->bootstrap()
#4 /var/www/vendor/laravel/framework/src/Illuminate/Foundation/Application.php(1235): Illuminate\\Foundation\\Console\\Kernel->handle(Object(Symfony\\Component\\Console\\Input\\ArgvInput), Object(Symfony\\Component\\Console\\Output\\ConsoleOutput))
#5 /var/www/artisan(13): Illuminate\\Foundation\\Application->handleCommand(Object(Symfony\\Component\\Console\\Input\\ArgvInput))
#6 {main}
"} 
[2026-06-06 04:54:59] local.ERROR: Unable to detect application namespace. {"exception":"[object] (RuntimeException(code: 0): Unable to detect application namespace. at /var/www/vendor/laravel/framework/src/Illuminate/Foundation/Application.php:1717)
[stacktrace]
#0 /var/www/vendor/laravel/framework/src/Illuminate/Foundation/Console/Kernel.php(368): Illuminate\\Foundation\\Application->getNamespace()
#1 /var/www/vendor/laravel/framework/src/Illuminate/Foundation/Console/Kernel.php(498): Illuminate\\Foundation\\Console\\Kernel->load(Array)
#2 /var/www/vendor/laravel/framework/src/Illuminate/Foundation/Console/Kernel.php(483): Illuminate\\Foundation\\Console\\Kernel->discoverCommands()
#3 /var/www/vendor/laravel/framework/src/Illuminate/Foundation/Console/Kernel.php(196): Illuminate\\Foundation\\Console\\Kernel->bootstrap()
#4 /var/www/vendor/laravel/framework/src/Illuminate/Foundation/Application.php(1235): Illuminate\\Foundation\\Console\\Kernel->handle(Object(Symfony\\Component\\Console\\Input\\ArgvInput), Object(Symfony\\Component\\Console\\Output\\ConsoleOutput))
#5 /var/www/artisan(13): Illuminate\\Foundation\\Application->handleCommand(Object(Symfony\\Component\\Console\\Input\\ArgvInput))
#6 {main}
"} 
[2026-06-06 04:56:02] local.ERROR: Unable to detect application namespace. {"exception":"[object] (RuntimeException(code: 0): Unable to detect application namespace. at /var/www/vendor/laravel/framework/src/Illuminate/Foundation/Application.php:1717)
[stacktrace]
#0 /var/www/vendor/laravel/framework/src/Illuminate/Foundation/Console/Kernel.php(368): Illuminate\\Foundation\\Application->getNamespace()
#1 /var/www/vendor/laravel/framework/src/Illuminate/Foundation/Console/Kernel.php(498): Illuminate\\Foundation\\Console\\Kernel->load(Array)
#2 /var/www/vendor/laravel/framework/src/Illuminate/Foundation/Console/Kernel.php(483): Illuminate\\Foundation\\Console\\Kernel->discoverCommands()
#3 /var/www/vendor/laravel/framework/src/Illuminate/Foundation/Console/Kernel.php(196): Illuminate\\Foundation\\Console\\Kernel->bootstrap()
#4 /var/www/vendor/laravel/framework/src/Illuminate/Foundation/Application.php(1235): Illuminate\\Foundation\\Console\\Kernel->handle(Object(Symfony\\Component\\Console\\Input\\ArgvInput), Object(Symfony\\Component\\Console\\Output\\ConsoleOutput))
#5 /var/www/artisan(13): Illuminate\\Foundation\\Application->handleCommand(Object(Symfony\\Component\\Console\\Input\\ArgvInput))
#6 {main}
"} 
[2026-06-06 04:57:06] local.ERROR: Unable to detect application namespace. {"exception":"[object] (RuntimeException(code: 0): Unable to detect application namespace. at /var/www/vendor/laravel/framework/src/Illuminate/Foundation/Application.php:1717)
[stacktrace]
#0 /var/www/vendor/laravel/framework/src/Illuminate/Foundation/Console/Kernel.php(368): Illuminate\\Foundation\\Application->getNamespace()
#1 /var/www/vendor/laravel/framework/src/Illuminate/Foundation/Console/Kernel.php(498): Illuminate\\Foundation\\Console\\Kernel->load(Array)
#2 /var/www/vendor/laravel/framework/src/Illuminate/Foundation/Console/Kernel.php(483): Illuminate\\Foundation\\Console\\Kernel->discoverCommands()
#3 /var/www/vendor/laravel/framework/src/Illuminate/Foundation/Console/Kernel.php(196): Illuminate\\Foundation\\Console\\Kernel->bootstrap()
#4 /var/www/vendor/laravel/framework/src/Illuminate/Foundation/Application.php(1235): Illuminate\\Foundation\\Console\\Kernel->handle(Object(Symfony\\Component\\Console\\Input\\ArgvInput), Object(Symfony\\Component\\Console\\Output\\ConsoleOutput))
#5 /var/www/artisan(13): Illuminate\\Foundation\\Application->handleCommand(Object(Symfony\\Component\\Console\\Input\\ArgvInput))
#6 {main}
"} 
[2026-06-06 04:58:09] local.ERROR: Unable to detect application namespace. {"exception":"[object] (RuntimeException(code: 0): Unable to detect application namespace. at /var/www/vendor/laravel/framework/src/Illuminate/Foundation/Application.php:1717)
[stacktrace]
#0 /var/www/vendor/laravel/framework/src/Illuminate/Foundation/Console/Kernel.php(368): Illuminate\\Foundation\\Application->getNamespace()
#1 /var/www/vendor/laravel/framework/src/Illuminate/Foundation/Console/Kernel.php(498): Illuminate\\Foundation\\Console\\Kernel->load(Array)
#2 /var/www/vendor/laravel/framework/src/Illuminate/Foundation/Console/Kernel.php(483): Illuminate\\Foundation\\Console\\Kernel->discoverCommands()
#3 /var/www/vendor/laravel/framework/src/Illuminate/Foundation/Console/Kernel.php(196): Illuminate\\Foundation\\Console\\Kernel->bootstrap()
#4 /var/www/vendor/laravel/framework/src/Illuminate/Foundation/Application.php(1235): Illuminate\\Foundation\\Console\\Kernel->handle(Object(Symfony\\Component\\Console\\Input\\ArgvInput), Object(Symfony\\Component\\Console\\Output\\ConsoleOutput))
#5 /var/www/artisan(13): Illuminate\\Foundation\\Application->handleCommand(Object(Symfony\\Component\\Console\\Input\\ArgvInput))
#6 {main}
"} 
[2026-06-06 04:59:12] local.ERROR: Unable to detect application namespace. {"exception":"[object] (RuntimeException(code: 0): Unable to detect application namespace. at /var/www/vendor/laravel/framework/src/Illuminate/Foundation/Application.php:1717)
[stacktrace]
#0 /var/www/vendor/laravel/framework/src/Illuminate/Foundation/Console/Kernel.php(368): Illuminate\\Foundation\\Application->getNamespace()
#1 /var/www/vendor/laravel/framework/src/Illuminate/Foundation/Console/Kernel.php(498): Illuminate\\Foundation\\Console\\Kernel->load(Array)
#2 /var/www/vendor/laravel/framework/src/Illuminate/Foundation/Console/Kernel.php(483): Illuminate\\Foundation\\Console\\Kernel->discoverCommands()
#3 /var/www/vendor/laravel/framework/src/Illuminate/Foundation/Console/Kernel.php(196): Illuminate\\Foundation\\Console\\Kernel->bootstrap()
#4 /var/www/vendor/laravel/framework/src/Illuminate/Foundation/Application.php(1235): Illuminate\\Foundation\\Console\\Kernel->handle(Object(Symfony\\Component\\Console\\Input\\ArgvInput), Object(Symfony\\Component\\Console\\Output\\ConsoleOutput))
#5 /var/www/artisan(13): Illuminate\\Foundation\\Application->handleCommand(Object(Symfony\\Component\\Console\\Input\\ArgvInput))
#6 {main}
"} 
[2026-06-06 05:00:15] local.ERROR: Unable to detect application namespace. {"exception":"[object] (RuntimeException(code: 0): Unable to detect application namespace. at /var/www/vendor/laravel/framework/src/Illuminate/Foundation/Application.php:1717)
[stacktrace]
#0 /var/www/vendor/laravel/framework/src/Illuminate/Foundation/Console/Kernel.php(368): Illuminate\\Foundation\\Application->getNamespace()
#1 /var/www/vendor/laravel/framework/src/Illuminate/Foundation/Console/Kernel.php(498): Illuminate\\Foundation\\Console\\Kernel->load(Array)
#2 /var/www/vendor/laravel/framework/src/Illuminate/Foundation/Console/Kernel.php(483): Illuminate\\Foundation\\Console\\Kernel->discoverCommands()
#3 /var/www/vendor/laravel/framework/src/Illuminate/Foundation/Console/Kernel.php(196): Illuminate\\Foundation\\Console\\Kernel->bootstrap()
#4 /var/www/vendor/laravel/framework/src/Illuminate/Foundation/Application.php(1235): Illuminate\\Foundation\\Console\\Kernel->handle(Object(Symfony\\Component\\Console\\Input\\ArgvInput), Object(Symfony\\Component\\Console\\Output\\ConsoleOutput))
#5 /var/www/artisan(13): Illuminate\\Foundation\\Application->handleCommand(Object(Symfony\\Component\\Console\\Input\\ArgvInput))
#6 {main}
"} 
[2026-06-06 05:01:19] local.ERROR: Unable to detect application namespace. {"exception":"[object] (RuntimeException(code: 0): Unable to detect application namespace. at /var/www/vendor/laravel/framework/src/Illuminate/Foundation/Application.php:1717)
[stacktrace]
#0 /var/www/vendor/laravel/framework/src/Illuminate/Foundation/Console/Kernel.php(368): Illuminate\\Foundation\\Application->getNamespace()
#1 /var/www/vendor/laravel/framework/src/Illuminate/Foundation/Console/Kernel.php(498): Illuminate\\Foundation\\Console\\Kernel->load(Array)
#2 /var/www/vendor/laravel/framework/src/Illuminate/Foundation/Console/Kernel.php(483): Illuminate\\Foundation\\Console\\Kernel->discoverCommands()
#3 /var/www/vendor/laravel/framework/src/Illuminate/Foundation/Console/Kernel.php(196): Illuminate\\Foundation\\Console\\Kernel->bootstrap()
#4 /var/www/vendor/laravel/framework/src/Illuminate/Foundation/Application.php(1235): Illuminate\\Foundation\\Console\\Kernel->handle(Object(Symfony\\Component\\Console\\Input\\ArgvInput), Object(Symfony\\Component\\Console\\Output\\ConsoleOutput))
#5 /var/www/artisan(13): Illuminate\\Foundation\\Application->handleCommand(Object(Symfony\\Component\\Console\\Input\\ArgvInput))
#6 {main}
"} 
[2026-06-06 05:02:22] local.ERROR: Unable to detect application namespace. {"exception":"[object] (RuntimeException(code: 0): Unable to detect application namespace. at /var/www/vendor/laravel/framework/src/Illuminate/Foundation/Application.php:1717)
[stacktrace]
#0 /var/www/vendor/laravel/framework/src/Illuminate/Foundation/Console/Kernel.php(368): Illuminate\\Foundation\\Application->getNamespace()
#1 /var/www/vendor/laravel/framework/src/Illuminate/Foundation/Console/Kernel.php(498): Illuminate\\Foundation\\Console\\Kernel->load(Array)
#2 /var/www/vendor/laravel/framework/src/Illuminate/Foundation/Console/Kernel.php(483): Illuminate\\Foundation\\Console\\Kernel->discoverCommands()
#3 /var/www/vendor/laravel/framework/src/Illuminate/Foundation/Console/Kernel.php(196): Illuminate\\Foundation\\Console\\Kernel->bootstrap()
#4 /var/www/vendor/laravel/framework/src/Illuminate/Foundation/Application.php(1235): Illuminate\\Foundation\\Console\\Kernel->handle(Object(Symfony\\Component\\Console\\Input\\ArgvInput), Object(Symfony\\Component\\Console\\Output\\ConsoleOutput))
#5 /var/www/artisan(13): Illuminate\\Foundation\\Application->handleCommand(Object(Symfony\\Component\\Console\\Input\\ArgvInput))
#6 {main}
"} 
[2026-06-06 05:03:26] local.ERROR: Unable to detect application namespace. {"exception":"[object] (RuntimeException(code: 0): Unable to detect application namespace. at /var/www/vendor/laravel/framework/src/Illuminate/Foundation/Application.php:1717)
[stacktrace]
#0 /var/www/vendor/laravel/framework/src/Illuminate/Foundation/Console/Kernel.php(368): Illuminate\\Foundation\\Application->getNamespace()
#1 /var/www/vendor/laravel/framework/src/Illuminate/Foundation/Console/Kernel.php(498): Illuminate\\Foundation\\Console\\Kernel->load(Array)
#2 /var/www/vendor/laravel/framework/src/Illuminate/Foundation/Console/Kernel.php(483): Illuminate\\Foundation\\Console\\Kernel->discoverCommands()
#3 /var/www/vendor/laravel/framework/src/Illuminate/Foundation/Console/Kernel.php(196): Illuminate\\Foundation\\Console\\Kernel->bootstrap()
#4 /var/www/vendor/laravel/framework/src/Illuminate/Foundation/Application.php(1235): Illuminate\\Foundation\\Console\\Kernel->handle(Object(Symfony\\Component\\Console\\Input\\ArgvInput), Object(Symfony\\Component\\Console\\Output\\ConsoleOutput))
#5 /var/www/artisan(13): Illuminate\\Foundation\\Application->handleCommand(Object(Symfony\\Component\\Console\\Input\\ArgvInput))
#6 {main}
"} 
[2026-06-06 05:04:29] local.ERROR: Unable to detect application namespace. {"exception":"[object] (RuntimeException(code: 0): Unable to detect application namespace. at /var/www/vendor/laravel/framework/src/Illuminate/Foundation/Application.php:1717)
[stacktrace]
#0 /var/www/vendor/laravel/framework/src/Illuminate/Foundation/Console/Kernel.php(368): Illuminate\\Foundation\\Application->getNamespace()
#1 /var/www/vendor/laravel/framework/src/Illuminate/Foundation/Console/Kernel.php(498): Illuminate\\Foundation\\Console\\Kernel->load(Array)
#2 /var/www/vendor/laravel/framework/src/Illuminate/Foundation/Console/Kernel.php(483): Illuminate\\Foundation\\Console\\Kernel->discoverCommands()
#3 /var/www/vendor/laravel/framework/src/Illuminate/Foundation/Console/Kernel.php(196): Illuminate\\Foundation\\Console\\Kernel->bootstrap()
#4 /var/www/vendor/laravel/framework/src/Illuminate/Foundation/Application.php(1235): Illuminate\\Foundation\\Console\\Kernel->handle(Object(Symfony\\Component\\Console\\Input\\ArgvInput), Object(Symfony\\Component\\Console\\Output\\ConsoleOutput))
#5 /var/www/artisan(13): Illuminate\\Foundation\\Application->handleCommand(Object(Symfony\\Component\\Console\\Input\\ArgvInput))
#6 {main}
"} 
[2026-06-06 05:05:32] local.ERROR: Unable to detect application namespace. {"exception":"[object] (RuntimeException(code: 0): Unable to detect application namespace. at /var/www/vendor/laravel/framework/src/Illuminate/Foundation/Application.php:1717)
[stacktrace]
#0 /var/www/vendor/laravel/framework/src/Illuminate/Foundation/Console/Kernel.php(368): Illuminate\\Foundation\\Application->getNamespace()
#1 /var/www/vendor/laravel/framework/src/Illuminate/Foundation/Console/Kernel.php(498): Illuminate\\Foundation\\Console\\Kernel->load(Array)
#2 /var/www/vendor/laravel/framework/src/Illuminate/Foundation/Console/Kernel.php(483): Illuminate\\Foundation\\Console\\Kernel->discoverCommands()
#3 /var/www/vendor/laravel/framework/src/Illuminate/Foundation/Console/Kernel.php(196): Illuminate\\Foundation\\Console\\Kernel->bootstrap()
#4 /var/www/vendor/laravel/framework/src/Illuminate/Foundation/Application.php(1235): Illuminate\\Foundation\\Console\\Kernel->handle(Object(Symfony\\Component\\Console\\Input\\ArgvInput), Object(Symfony\\Component\\Console\\Output\\ConsoleOutput))
#5 /var/www/artisan(13): Illuminate\\Foundation\\Application->handleCommand(Object(Symfony\\Component\\Console\\Input\\ArgvInput))
#6 {main}
"} 
[2026-06-06 05:06:36] local.ERROR: Unable to detect application namespace. {"exception":"[object] (RuntimeException(code: 0): Unable to detect application namespace. at /var/www/vendor/laravel/framework/src/Illuminate/Foundation/Application.php:1717)
[stacktrace]
#0 /var/www/vendor/laravel/framework/src/Illuminate/Foundation/Console/Kernel.php(368): Illuminate\\Foundation\\Application->getNamespace()
#1 /var/www/vendor/laravel/framework/src/Illuminate/Foundation/Console/Kernel.php(498): Illuminate\\Foundation\\Console\\Kernel->load(Array)
#2 /var/www/vendor/laravel/framework/src/Illuminate/Foundation/Console/Kernel.php(483): Illuminate\\Foundation\\Console\\Kernel->discoverCommands()
#3 /var/www/vendor/laravel/framework/src/Illuminate/Foundation/Console/Kernel.php(196): Illuminate\\Foundation\\Console\\Kernel->bootstrap()
#4 /var/www/vendor/laravel/framework/src/Illuminate/Foundation/Application.php(1235): Illuminate\\Foundation\\Console\\Kernel->handle(Object(Symfony\\Component\\Console\\Input\\ArgvInput), Object(Symfony\\Component\\Console\\Output\\ConsoleOutput))
#5 /var/www/artisan(13): Illuminate\\Foundation\\Application->handleCommand(Object(Symfony\\Component\\Console\\Input\\ArgvInput))
#6 {main}
"} 
[2026-06-06 05:07:39] local.ERROR: Unable to detect application namespace. {"exception":"[object] (RuntimeException(code: 0): Unable to detect application namespace. at /var/www/vendor/laravel/framework/src/Illuminate/Foundation/Application.php:1717)
[stacktrace]
#0 /var/www/vendor/laravel/framework/src/Illuminate/Foundation/Console/Kernel.php(368): Illuminate\\Foundation\\Application->getNamespace()
#1 /var/www/vendor/laravel/framework/src/Illuminate/Foundation/Console/Kernel.php(498): Illuminate\\Foundation\\Console\\Kernel->load(Array)
#2 /var/www/vendor/laravel/framework/src/Illuminate/Foundation/Console/Kernel.php(483): Illuminate\\Foundation\\Console\\Kernel->discoverCommands()
#3 /var/www/vendor/laravel/framework/src/Illuminate/Foundation/Console/Kernel.php(196): Illuminate\\Foundation\\Console\\Kernel->bootstrap()
#4 /var/www/vendor/laravel/framework/src/Illuminate/Foundation/Application.php(1235): Illuminate\\Foundation\\Console\\Kernel->handle(Object(Symfony\\Component\\Console\\Input\\ArgvInput), Object(Symfony\\Component\\Console\\Output\\ConsoleOutput))
#5 /var/www/artisan(13): Illuminate\\Foundation\\Application->handleCommand(Object(Symfony\\Component\\Console\\Input\\ArgvInput))
#6 {main}
"} 
[2026-06-06 05:08:42] local.ERROR: Unable to detect application namespace. {"exception":"[object] (RuntimeException(code: 0): Unable to detect application namespace. at /var/www/vendor/laravel/framework/src/Illuminate/Foundation/Application.php:1717)
[stacktrace]
#0 /var/www/vendor/laravel/framework/src/Illuminate/Foundation/Console/Kernel.php(368): Illuminate\\Foundation\\Application->getNamespace()
#1 /var/www/vendor/laravel/framework/src/Illuminate/Foundation/Console/Kernel.php(498): Illuminate\\Foundation\\Console\\Kernel->load(Array)
#2 /var/www/vendor/laravel/framework/src/Illuminate/Foundation/Console/Kernel.php(483): Illuminate\\Foundation\\Console\\Kernel->discoverCommands()
#3 /var/www/vendor/laravel/framework/src/Illuminate/Foundation/Console/Kernel.php(196): Illuminate\\Foundation\\Console\\Kernel->bootstrap()
#4 /var/www/vendor/laravel/framework/src/Illuminate/Foundation/Application.php(1235): Illuminate\\Foundation\\Console\\Kernel->handle(Object(Symfony\\Component\\Console\\Input\\ArgvInput), Object(Symfony\\Component\\Console\\Output\\ConsoleOutput))
#5 /var/www/artisan(13): Illuminate\\Foundation\\Application->handleCommand(Object(Symfony\\Component\\Console\\Input\\ArgvInput))
#6 {main}
"} 
[2026-06-06 05:09:46] local.ERROR: Unable to detect application namespace. {"exception":"[object] (RuntimeException(code: 0): Unable to detect application namespace. at /var/www/vendor/laravel/framework/src/Illuminate/Foundation/Application.php:1717)
[stacktrace]
#0 /var/www/vendor/laravel/framework/src/Illuminate/Foundation/Console/Kernel.php(368): Illuminate\\Foundation\\Application->getNamespace()
#1 /var/www/vendor/laravel/framework/src/Illuminate/Foundation/Console/Kernel.php(498): Illuminate\\Foundation\\Console\\Kernel->load(Array)
#2 /var/www/vendor/laravel/framework/src/Illuminate/Foundation/Console/Kernel.php(483): Illuminate\\Foundation\\Console\\Kernel->discoverCommands()
#3 /var/www/vendor/laravel/framework/src/Illuminate/Foundation/Console/Kernel.php(196): Illuminate\\Foundation\\Console\\Kernel->bootstrap()
#4 /var/www/vendor/laravel/framework/src/Illuminate/Foundation/Application.php(1235): Illuminate\\Foundation\\Console\\Kernel->handle(Object(Symfony\\Component\\Console\\Input\\ArgvInput), Object(Symfony\\Component\\Console\\Output\\ConsoleOutput))
#5 /var/www/artisan(13): Illuminate\\Foundation\\Application->handleCommand(Object(Symfony\\Component\\Console\\Input\\ArgvInput))
#6 {main}
"} 
[2026-06-06 05:10:49] local.ERROR: Unable to detect application namespace. {"exception":"[object] (RuntimeException(code: 0): Unable to detect application namespace. at /var/www/vendor/laravel/framework/src/Illuminate/Foundation/Application.php:1717)
[stacktrace]
#0 /var/www/vendor/laravel/framework/src/Illuminate/Foundation/Console/Kernel.php(368): Illuminate\\Foundation\\Application->getNamespace()
#1 /var/www/vendor/laravel/framework/src/Illuminate/Foundation/Console/Kernel.php(498): Illuminate\\Foundation\\Console\\Kernel->load(Array)
#2 /var/www/vendor/laravel/framework/src/Illuminate/Foundation/Console/Kernel.php(483): Illuminate\\Foundation\\Console\\Kernel->discoverCommands()
#3 /var/www/vendor/laravel/framework/src/Illuminate/Foundation/Console/Kernel.php(196): Illuminate\\Foundation\\Console\\Kernel->bootstrap()
#4 /var/www/vendor/laravel/framework/src/Illuminate/Foundation/Application.php(1235): Illuminate\\Foundation\\Console\\Kernel->handle(Object(Symfony\\Component\\Console\\Input\\ArgvInput), Object(Symfony\\Component\\Console\\Output\\ConsoleOutput))
#5 /var/www/artisan(13): Illuminate\\Foundation\\Application->handleCommand(Object(Symfony\\Component\\Console\\Input\\ArgvInput))
#6 {main}
"} 
[2026-06-06 05:11:52] local.ERROR: Unable to detect application namespace. {"exception":"[object] (RuntimeException(code: 0): Unable to detect application namespace. at /var/www/vendor/laravel/framework/src/Illuminate/Foundation/Application.php:1717)
[stacktrace]
#0 /var/www/vendor/laravel/framework/src/Illuminate/Foundation/Console/Kernel.php(368): Illuminate\\Foundation\\Application->getNamespace()
#1 /var/www/vendor/laravel/framework/src/Illuminate/Foundation/Console/Kernel.php(498): Illuminate\\Foundation\\Console\\Kernel->load(Array)
#2 /var/www/vendor/laravel/framework/src/Illuminate/Foundation/Console/Kernel.php(483): Illuminate\\Foundation\\Console\\Kernel->discoverCommands()
#3 /var/www/vendor/laravel/framework/src/Illuminate/Foundation/Console/Kernel.php(196): Illuminate\\Foundation\\Console\\Kernel->bootstrap()
#4 /var/www/vendor/laravel/framework/src/Illuminate/Foundation/Application.php(1235): Illuminate\\Foundation\\Console\\Kernel->handle(Object(Symfony\\Component\\Console\\Input\\ArgvInput), Object(Symfony\\Component\\Console\\Output\\ConsoleOutput))
#5 /var/www/artisan(13): Illuminate\\Foundation\\Application->handleCommand(Object(Symfony\\Component\\Console\\Input\\ArgvInput))
#6 {main}
"} 
[2026-06-06 05:12:55] local.ERROR: Unable to detect application namespace. {"exception":"[object] (RuntimeException(code: 0): Unable to detect application namespace. at /var/www/vendor/laravel/framework/src/Illuminate/Foundation/Application.php:1717)
[stacktrace]
#0 /var/www/vendor/laravel/framework/src/Illuminate/Foundation/Console/Kernel.php(368): Illuminate\\Foundation\\Application->getNamespace()
#1 /var/www/vendor/laravel/framework/src/Illuminate/Foundation/Console/Kernel.php(498): Illuminate\\Foundation\\Console\\Kernel->load(Array)
#2 /var/www/vendor/laravel/framework/src/Illuminate/Foundation/Console/Kernel.php(483): Illuminate\\Foundation\\Console\\Kernel->discoverCommands()
#3 /var/www/vendor/laravel/framework/src/Illuminate/Foundation/Console/Kernel.php(196): Illuminate\\Foundation\\Console\\Kernel->bootstrap()
#4 /var/www/vendor/laravel/framework/src/Illuminate/Foundation/Application.php(1235): Illuminate\\Foundation\\Console\\Kernel->handle(Object(Symfony\\Component\\Console\\Input\\ArgvInput), Object(Symfony\\Component\\Console\\Output\\ConsoleOutput))
#5 /var/www/artisan(13): Illuminate\\Foundation\\Application->handleCommand(Object(Symfony\\Component\\Console\\Input\\ArgvInput))
#6 {main}
"} 
[2026-06-06 05:13:59] local.ERROR: Unable to detect application namespace. {"exception":"[object] (RuntimeException(code: 0): Unable to detect application namespace. at /var/www/vendor/laravel/framework/src/Illuminate/Foundation/Application.php:1717)
[stacktrace]
#0 /var/www/vendor/laravel/framework/src/Illuminate/Foundation/Console/Kernel.php(368): Illuminate\\Foundation\\Application->getNamespace()
#1 /var/www/vendor/laravel/framework/src/Illuminate/Foundation/Console/Kernel.php(498): Illuminate\\Foundation\\Console\\Kernel->load(Array)
#2 /var/www/vendor/laravel/framework/src/Illuminate/Foundation/Console/Kernel.php(483): Illuminate\\Foundation\\Console\\Kernel->discoverCommands()
#3 /var/www/vendor/laravel/framework/src/Illuminate/Foundation/Console/Kernel.php(196): Illuminate\\Foundation\\Console\\Kernel->bootstrap()
#4 /var/www/vendor/laravel/framework/src/Illuminate/Foundation/Application.php(1235): Illuminate\\Foundation\\Console\\Kernel->handle(Object(Symfony\\Component\\Console\\Input\\ArgvInput), Object(Symfony\\Component\\Console\\Output\\ConsoleOutput))
#5 /var/www/artisan(13): Illuminate\\Foundation\\Application->handleCommand(Object(Symfony\\Component\\Console\\Input\\ArgvInput))
#6 {main}
"} 
[2026-06-06 05:15:02] local.ERROR: Unable to detect application namespace. {"exception":"[object] (RuntimeException(code: 0): Unable to detect application namespace. at /var/www/vendor/laravel/framework/src/Illuminate/Foundation/Application.php:1717)
[stacktrace]
#0 /var/www/vendor/laravel/framework/src/Illuminate/Foundation/Console/Kernel.php(368): Illuminate\\Foundation\\Application->getNamespace()
#1 /var/www/vendor/laravel/framework/src/Illuminate/Foundation/Console/Kernel.php(498): Illuminate\\Foundation\\Console\\Kernel->load(Array)
#2 /var/www/vendor/laravel/framework/src/Illuminate/Foundation/Console/Kernel.php(483): Illuminate\\Foundation\\Console\\Kernel->discoverCommands()
#3 /var/www/vendor/laravel/framework/src/Illuminate/Foundation/Console/Kernel.php(196): Illuminate\\Foundation\\Console\\Kernel->bootstrap()
#4 /var/www/vendor/laravel/framework/src/Illuminate/Foundation/Application.php(1235): Illuminate\\Foundation\\Console\\Kernel->handle(Object(Symfony\\Component\\Console\\Input\\ArgvInput), Object(Symfony\\Component\\Console\\Output\\ConsoleOutput))
#5 /var/www/artisan(13): Illuminate\\Foundation\\Application->handleCommand(Object(Symfony\\Component\\Console\\Input\\ArgvInput))
#6 {main}
"} 
[2026-06-06 05:16:05] local.ERROR: Unable to detect application namespace. {"exception":"[object] (RuntimeException(code: 0): Unable to detect application namespace. at /var/www/vendor/laravel/framework/src/Illuminate/Foundation/Application.php:1717)
[stacktrace]
#0 /var/www/vendor/laravel/framework/src/Illuminate/Foundation/Console/Kernel.php(368): Illuminate\\Foundation\\Application->getNamespace()
#1 /var/www/vendor/laravel/framework/src/Illuminate/Foundation/Console/Kernel.php(498): Illuminate\\Foundation\\Console\\Kernel->load(Array)
#2 /var/www/vendor/laravel/framework/src/Illuminate/Foundation/Console/Kernel.php(483): Illuminate\\Foundation\\Console\\Kernel->discoverCommands()
#3 /var/www/vendor/laravel/framework/src/Illuminate/Foundation/Console/Kernel.php(196): Illuminate\\Foundation\\Console\\Kernel->bootstrap()
#4 /var/www/vendor/laravel/framework/src/Illuminate/Foundation/Application.php(1235): Illuminate\\Foundation\\Console\\Kernel->handle(Object(Symfony\\Component\\Console\\Input\\ArgvInput), Object(Symfony\\Component\\Console\\Output\\ConsoleOutput))
#5 /var/www/artisan(13): Illuminate\\Foundation\\Application->handleCommand(Object(Symfony\\Component\\Console\\Input\\ArgvInput))
#6 {main}
"} 
[2026-06-06 05:17:09] local.ERROR: Unable to detect application namespace. {"exception":"[object] (RuntimeException(code: 0): Unable to detect application namespace. at /var/www/vendor/laravel/framework/src/Illuminate/Foundation/Application.php:1717)
[stacktrace]
#0 /var/www/vendor/laravel/framework/src/Illuminate/Foundation/Console/Kernel.php(368): Illuminate\\Foundation\\Application->getNamespace()
#1 /var/www/vendor/laravel/framework/src/Illuminate/Foundation/Console/Kernel.php(498): Illuminate\\Foundation\\Console\\Kernel->load(Array)
#2 /var/www/vendor/laravel/framework/src/Illuminate/Foundation/Console/Kernel.php(483): Illuminate\\Foundation\\Console\\Kernel->discoverCommands()
#3 /var/www/vendor/laravel/framework/src/Illuminate/Foundation/Console/Kernel.php(196): Illuminate\\Foundation\\Console\\Kernel->bootstrap()
#4 /var/www/vendor/laravel/framework/src/Illuminate/Foundation/Application.php(1235): Illuminate\\Foundation\\Console\\Kernel->handle(Object(Symfony\\Component\\Console\\Input\\ArgvInput), Object(Symfony\\Component\\Console\\Output\\ConsoleOutput))
#5 /var/www/artisan(13): Illuminate\\Foundation\\Application->handleCommand(Object(Symfony\\Component\\Console\\Input\\ArgvInput))
#6 {main}
"} 
[2026-06-06 05:18:12] local.ERROR: Unable to detect application namespace. {"exception":"[object] (RuntimeException(code: 0): Unable to detect application namespace. at /var/www/vendor/laravel/framework/src/Illuminate/Foundation/Application.php:1717)
[stacktrace]
#0 /var/www/vendor/laravel/framework/src/Illuminate/Foundation/Console/Kernel.php(368): Illuminate\\Foundation\\Application->getNamespace()
#1 /var/www/vendor/laravel/framework/src/Illuminate/Foundation/Console/Kernel.php(498): Illuminate\\Foundation\\Console\\Kernel->load(Array)
#2 /var/www/vendor/laravel/framework/src/Illuminate/Foundation/Console/Kernel.php(483): Illuminate\\Foundation\\Console\\Kernel->discoverCommands()
#3 /var/www/vendor/laravel/framework/src/Illuminate/Foundation/Console/Kernel.php(196): Illuminate\\Foundation\\Console\\Kernel->bootstrap()
#4 /var/www/vendor/laravel/framework/src/Illuminate/Foundation/Application.php(1235): Illuminate\\Foundation\\Console\\Kernel->handle(Object(Symfony\\Component\\Console\\Input\\ArgvInput), Object(Symfony\\Component\\Console\\Output\\ConsoleOutput))
#5 /var/www/artisan(13): Illuminate\\Foundation\\Application->handleCommand(Object(Symfony\\Component\\Console\\Input\\ArgvInput))
#6 {main}
"} 
[2026-06-06 05:19:15] local.ERROR: Unable to detect application namespace. {"exception":"[object] (RuntimeException(code: 0): Unable to detect application namespace. at /var/www/vendor/laravel/framework/src/Illuminate/Foundation/Application.php:1717)
[stacktrace]
#0 /var/www/vendor/laravel/framework/src/Illuminate/Foundation/Console/Kernel.php(368): Illuminate\\Foundation\\Application->getNamespace()
#1 /var/www/vendor/laravel/framework/src/Illuminate/Foundation/Console/Kernel.php(498): Illuminate\\Foundation\\Console\\Kernel->load(Array)
#2 /var/www/vendor/laravel/framework/src/Illuminate/Foundation/Console/Kernel.php(483): Illuminate\\Foundation\\Console\\Kernel->discoverCommands()
#3 /var/www/vendor/laravel/framework/src/Illuminate/Foundation/Console/Kernel.php(196): Illuminate\\Foundation\\Console\\Kernel->bootstrap()
#4 /var/www/vendor/laravel/framework/src/Illuminate/Foundation/Application.php(1235): Illuminate\\Foundation\\Console\\Kernel->handle(Object(Symfony\\Component\\Console\\Input\\ArgvInput), Object(Symfony\\Component\\Console\\Output\\ConsoleOutput))
#5 /var/www/artisan(13): Illuminate\\Foundation\\Application->handleCommand(Object(Symfony\\Component\\Console\\Input\\ArgvInput))
#6 {main}
"} 
[2026-06-06 05:20:18] local.ERROR: Unable to detect application namespace. {"exception":"[object] (RuntimeException(code: 0): Unable to detect application namespace. at /var/www/vendor/laravel/framework/src/Illuminate/Foundation/Application.php:1717)
[stacktrace]
#0 /var/www/vendor/laravel/framework/src/Illuminate/Foundation/Console/Kernel.php(368): Illuminate\\Foundation\\Application->getNamespace()
#1 /var/www/vendor/laravel/framework/src/Illuminate/Foundation/Console/Kernel.php(498): Illuminate\\Foundation\\Console\\Kernel->load(Array)
#2 /var/www/vendor/laravel/framework/src/Illuminate/Foundation/Console/Kernel.php(483): Illuminate\\Foundation\\Console\\Kernel->discoverCommands()
#3 /var/www/vendor/laravel/framework/src/Illuminate/Foundation/Console/Kernel.php(196): Illuminate\\Foundation\\Console\\Kernel->bootstrap()
#4 /var/www/vendor/laravel/framework/src/Illuminate/Foundation/Application.php(1235): Illuminate\\Foundation\\Console\\Kernel->handle(Object(Symfony\\Component\\Console\\Input\\ArgvInput), Object(Symfony\\Component\\Console\\Output\\ConsoleOutput))
#5 /var/www/artisan(13): Illuminate\\Foundation\\Application->handleCommand(Object(Symfony\\Component\\Console\\Input\\ArgvInput))
#6 {main}
"} 
[2026-06-06 05:21:22] local.ERROR: Unable to detect application namespace. {"exception":"[object] (RuntimeException(code: 0): Unable to detect application namespace. at /var/www/vendor/laravel/framework/src/Illuminate/Foundation/Application.php:1717)
[stacktrace]
#0 /var/www/vendor/laravel/framework/src/Illuminate/Foundation/Console/Kernel.php(368): Illuminate\\Foundation\\Application->getNamespace()
#1 /var/www/vendor/laravel/framework/src/Illuminate/Foundation/Console/Kernel.php(498): Illuminate\\Foundation\\Console\\Kernel->load(Array)
#2 /var/www/vendor/laravel/framework/src/Illuminate/Foundation/Console/Kernel.php(483): Illuminate\\Foundation\\Console\\Kernel->discoverCommands()
#3 /var/www/vendor/laravel/framework/src/Illuminate/Foundation/Console/Kernel.php(196): Illuminate\\Foundation\\Console\\Kernel->bootstrap()
#4 /var/www/vendor/laravel/framework/src/Illuminate/Foundation/Application.php(1235): Illuminate\\Foundation\\Console\\Kernel->handle(Object(Symfony\\Component\\Console\\Input\\ArgvInput), Object(Symfony\\Component\\Console\\Output\\ConsoleOutput))
#5 /var/www/artisan(13): Illuminate\\Foundation\\Application->handleCommand(Object(Symfony\\Component\\Console\\Input\\ArgvInput))
#6 {main}
"} 
[2026-06-06 05:22:25] local.ERROR: Unable to detect application namespace. {"exception":"[object] (RuntimeException(code: 0): Unable to detect application namespace. at /var/www/vendor/laravel/framework/src/Illuminate/Foundation/Application.php:1717)
[stacktrace]
#0 /var/www/vendor/laravel/framework/src/Illuminate/Foundation/Console/Kernel.php(368): Illuminate\\Foundation\\Application->getNamespace()
#1 /var/www/vendor/laravel/framework/src/Illuminate/Foundation/Console/Kernel.php(498): Illuminate\\Foundation\\Console\\Kernel->load(Array)
#2 /var/www/vendor/laravel/framework/src/Illuminate/Foundation/Console/Kernel.php(483): Illuminate\\Foundation\\Console\\Kernel->discoverCommands()
#3 /var/www/vendor/laravel/framework/src/Illuminate/Foundation/Console/Kernel.php(196): Illuminate\\Foundation\\Console\\Kernel->bootstrap()
#4 /var/www/vendor/laravel/framework/src/Illuminate/Foundation/Application.php(1235): Illuminate\\Foundation\\Console\\Kernel->handle(Object(Symfony\\Component\\Console\\Input\\ArgvInput), Object(Symfony\\Component\\Console\\Output\\ConsoleOutput))
#5 /var/www/artisan(13): Illuminate\\Foundation\\Application->handleCommand(Object(Symfony\\Component\\Console\\Input\\ArgvInput))
#6 {main}
"} 
[2026-06-06 05:23:28] local.ERROR: Unable to detect application namespace. {"exception":"[object] (RuntimeException(code: 0): Unable to detect application namespace. at /var/www/vendor/laravel/framework/src/Illuminate/Foundation/Application.php:1717)
[stacktrace]
#0 /var/www/vendor/laravel/framework/src/Illuminate/Foundation/Console/Kernel.php(368): Illuminate\\Foundation\\Application->getNamespace()
#1 /var/www/vendor/laravel/framework/src/Illuminate/Foundation/Console/Kernel.php(498): Illuminate\\Foundation\\Console\\Kernel->load(Array)
#2 /var/www/vendor/laravel/framework/src/Illuminate/Foundation/Console/Kernel.php(483): Illuminate\\Foundation\\Console\\Kernel->discoverCommands()
#3 /var/www/vendor/laravel/framework/src/Illuminate/Foundation/Console/Kernel.php(196): Illuminate\\Foundation\\Console\\Kernel->bootstrap()
#4 /var/www/vendor/laravel/framework/src/Illuminate/Foundation/Application.php(1235): Illuminate\\Foundation\\Console\\Kernel->handle(Object(Symfony\\Component\\Console\\Input\\ArgvInput), Object(Symfony\\Component\\Console\\Output\\ConsoleOutput))
#5 /var/www/artisan(13): Illuminate\\Foundation\\Application->handleCommand(Object(Symfony\\Component\\Console\\Input\\ArgvInput))
#6 {main}
"} 
[2026-06-06 05:24:32] local.ERROR: Unable to detect application namespace. {"exception":"[object] (RuntimeException(code: 0): Unable to detect application namespace. at /var/www/vendor/laravel/framework/src/Illuminate/Foundation/Application.php:1717)
[stacktrace]
#0 /var/www/vendor/laravel/framework/src/Illuminate/Foundation/Console/Kernel.php(368): Illuminate\\Foundation\\Application->getNamespace()
#1 /var/www/vendor/laravel/framework/src/Illuminate/Foundation/Console/Kernel.php(498): Illuminate\\Foundation\\Console\\Kernel->load(Array)
#2 /var/www/vendor/laravel/framework/src/Illuminate/Foundation/Console/Kernel.php(483): Illuminate\\Foundation\\Console\\Kernel->discoverCommands()
#3 /var/www/vendor/laravel/framework/src/Illuminate/Foundation/Console/Kernel.php(196): Illuminate\\Foundation\\Console\\Kernel->bootstrap()
#4 /var/www/vendor/laravel/framework/src/Illuminate/Foundation/Application.php(1235): Illuminate\\Foundation\\Console\\Kernel->handle(Object(Symfony\\Component\\Console\\Input\\ArgvInput), Object(Symfony\\Component\\Console\\Output\\ConsoleOutput))
#5 /var/www/artisan(13): Illuminate\\Foundation\\Application->handleCommand(Object(Symfony\\Component\\Console\\Input\\ArgvInput))
#6 {main}
"} 
[2026-06-06 05:25:35] local.ERROR: Unable to detect application namespace. {"exception":"[object] (RuntimeException(code: 0): Unable to detect application namespace. at /var/www/vendor/laravel/framework/src/Illuminate/Foundation/Application.php:1717)
[stacktrace]
#0 /var/www/vendor/laravel/framework/src/Illuminate/Foundation/Console/Kernel.php(368): Illuminate\\Foundation\\Application->getNamespace()
#1 /var/www/vendor/laravel/framework/src/Illuminate/Foundation/Console/Kernel.php(498): Illuminate\\Foundation\\Console\\Kernel->load(Array)
#2 /var/www/vendor/laravel/framework/src/Illuminate/Foundation/Console/Kernel.php(483): Illuminate\\Foundation\\Console\\Kernel->discoverCommands()
#3 /var/www/vendor/laravel/framework/src/Illuminate/Foundation/Console/Kernel.php(196): Illuminate\\Foundation\\Console\\Kernel->bootstrap()
#4 /var/www/vendor/laravel/framework/src/Illuminate/Foundation/Application.php(1235): Illuminate\\Foundation\\Console\\Kernel->handle(Object(Symfony\\Component\\Console\\Input\\ArgvInput), Object(Symfony\\Component\\Console\\Output\\ConsoleOutput))
#5 /var/www/artisan(13): Illuminate\\Foundation\\Application->handleCommand(Object(Symfony\\Component\\Console\\Input\\ArgvInput))
#6 {main}
"} 
[2026-06-06 05:26:38] local.ERROR: Unable to detect application namespace. {"exception":"[object] (RuntimeException(code: 0): Unable to detect application namespace. at /var/www/vendor/laravel/framework/src/Illuminate/Foundation/Application.php:1717)
[stacktrace]
#0 /var/www/vendor/laravel/framework/src/Illuminate/Foundation/Console/Kernel.php(368): Illuminate\\Foundation\\Application->getNamespace()
#1 /var/www/vendor/laravel/framework/src/Illuminate/Foundation/Console/Kernel.php(498): Illuminate\\Foundation\\Console\\Kernel->load(Array)
#2 /var/www/vendor/laravel/framework/src/Illuminate/Foundation/Console/Kernel.php(483): Illuminate\\Foundation\\Console\\Kernel->discoverCommands()
#3 /var/www/vendor/laravel/framework/src/Illuminate/Foundation/Console/Kernel.php(196): Illuminate\\Foundation\\Console\\Kernel->bootstrap()
#4 /var/www/vendor/laravel/framework/src/Illuminate/Foundation/Application.php(1235): Illuminate\\Foundation\\Console\\Kernel->handle(Object(Symfony\\Component\\Console\\Input\\ArgvInput), Object(Symfony\\Component\\Console\\Output\\ConsoleOutput))
#5 /var/www/artisan(13): Illuminate\\Foundation\\Application->handleCommand(Object(Symfony\\Component\\Console\\Input\\ArgvInput))
#6 {main}
"} 
[2026-06-06 05:27:41] local.ERROR: Unable to detect application namespace. {"exception":"[object] (RuntimeException(code: 0): Unable to detect application namespace. at /var/www/vendor/laravel/framework/src/Illuminate/Foundation/Application.php:1717)
[stacktrace]
#0 /var/www/vendor/laravel/framework/src/Illuminate/Foundation/Console/Kernel.php(368): Illuminate\\Foundation\\Application->getNamespace()
#1 /var/www/vendor/laravel/framework/src/Illuminate/Foundation/Console/Kernel.php(498): Illuminate\\Foundation\\Console\\Kernel->load(Array)
#2 /var/www/vendor/laravel/framework/src/Illuminate/Foundation/Console/Kernel.php(483): Illuminate\\Foundation\\Console\\Kernel->discoverCommands()
#3 /var/www/vendor/laravel/framework/src/Illuminate/Foundation/Console/Kernel.php(196): Illuminate\\Foundation\\Console\\Kernel->bootstrap()
#4 /var/www/vendor/laravel/framework/src/Illuminate/Foundation/Application.php(1235): Illuminate\\Foundation\\Console\\Kernel->handle(Object(Symfony\\Component\\Console\\Input\\ArgvInput), Object(Symfony\\Component\\Console\\Output\\ConsoleOutput))
#5 /var/www/artisan(13): Illuminate\\Foundation\\Application->handleCommand(Object(Symfony\\Component\\Console\\Input\\ArgvInput))
#6 {main}
"} 
[2026-06-06 05:28:45] local.ERROR: Unable to detect application namespace. {"exception":"[object] (RuntimeException(code: 0): Unable to detect application namespace. at /var/www/vendor/laravel/framework/src/Illuminate/Foundation/Application.php:1717)
[stacktrace]
#0 /var/www/vendor/laravel/framework/src/Illuminate/Foundation/Console/Kernel.php(368): Illuminate\\Foundation\\Application->getNamespace()
#1 /var/www/vendor/laravel/framework/src/Illuminate/Foundation/Console/Kernel.php(498): Illuminate\\Foundation\\Console\\Kernel->load(Array)
#2 /var/www/vendor/laravel/framework/src/Illuminate/Foundation/Console/Kernel.php(483): Illuminate\\Foundation\\Console\\Kernel->discoverCommands()
#3 /var/www/vendor/laravel/framework/src/Illuminate/Foundation/Console/Kernel.php(196): Illuminate\\Foundation\\Console\\Kernel->bootstrap()
#4 /var/www/vendor/laravel/framework/src/Illuminate/Foundation/Application.php(1235): Illuminate\\Foundation\\Console\\Kernel->handle(Object(Symfony\\Component\\Console\\Input\\ArgvInput), Object(Symfony\\Component\\Console\\Output\\ConsoleOutput))
#5 /var/www/artisan(13): Illuminate\\Foundation\\Application->handleCommand(Object(Symfony\\Component\\Console\\Input\\ArgvInput))
#6 {main}
"} 
[2026-06-06 05:29:48] local.ERROR: Unable to detect application namespace. {"exception":"[object] (RuntimeException(code: 0): Unable to detect application namespace. at /var/www/vendor/laravel/framework/src/Illuminate/Foundation/Application.php:1717)
[stacktrace]
#0 /var/www/vendor/laravel/framework/src/Illuminate/Foundation/Console/Kernel.php(368): Illuminate\\Foundation\\Application->getNamespace()
#1 /var/www/vendor/laravel/framework/src/Illuminate/Foundation/Console/Kernel.php(498): Illuminate\\Foundation\\Console\\Kernel->load(Array)
#2 /var/www/vendor/laravel/framework/src/Illuminate/Foundation/Console/Kernel.php(483): Illuminate\\Foundation\\Console\\Kernel->discoverCommands()
#3 /var/www/vendor/laravel/framework/src/Illuminate/Foundation/Console/Kernel.php(196): Illuminate\\Foundation\\Console\\Kernel->bootstrap()
#4 /var/www/vendor/laravel/framework/src/Illuminate/Foundation/Application.php(1235): Illuminate\\Foundation\\Console\\Kernel->handle(Object(Symfony\\Component\\Console\\Input\\ArgvInput), Object(Symfony\\Component\\Console\\Output\\ConsoleOutput))
#5 /var/www/artisan(13): Illuminate\\Foundation\\Application->handleCommand(Object(Symfony\\Component\\Console\\Input\\ArgvInput))
#6 {main}
"} 
[2026-06-06 05:30:51] local.ERROR: Unable to detect application namespace. {"exception":"[object] (RuntimeException(code: 0): Unable to detect application namespace. at /var/www/vendor/laravel/framework/src/Illuminate/Foundation/Application.php:1717)
[stacktrace]
#0 /var/www/vendor/laravel/framework/src/Illuminate/Foundation/Console/Kernel.php(368): Illuminate\\Foundation\\Application->getNamespace()
#1 /var/www/vendor/laravel/framework/src/Illuminate/Foundation/Console/Kernel.php(498): Illuminate\\Foundation\\Console\\Kernel->load(Array)
#2 /var/www/vendor/laravel/framework/src/Illuminate/Foundation/Console/Kernel.php(483): Illuminate\\Foundation\\Console\\Kernel->discoverCommands()
#3 /var/www/vendor/laravel/framework/src/Illuminate/Foundation/Console/Kernel.php(196): Illuminate\\Foundation\\Console\\Kernel->bootstrap()
#4 /var/www/vendor/laravel/framework/src/Illuminate/Foundation/Application.php(1235): Illuminate\\Foundation\\Console\\Kernel->handle(Object(Symfony\\Component\\Console\\Input\\ArgvInput), Object(Symfony\\Component\\Console\\Output\\ConsoleOutput))
#5 /var/www/artisan(13): Illuminate\\Foundation\\Application->handleCommand(Object(Symfony\\Component\\Console\\Input\\ArgvInput))
#6 {main}
"} 
[2026-06-06 05:31:55] local.ERROR: Unable to detect application namespace. {"exception":"[object] (RuntimeException(code: 0): Unable to detect application namespace. at /var/www/vendor/laravel/framework/src/Illuminate/Foundation/Application.php:1717)
[stacktrace]
#0 /var/www/vendor/laravel/framework/src/Illuminate/Foundation/Console/Kernel.php(368): Illuminate\\Foundation\\Application->getNamespace()
#1 /var/www/vendor/laravel/framework/src/Illuminate/Foundation/Console/Kernel.php(498): Illuminate\\Foundation\\Console\\Kernel->load(Array)
#2 /var/www/vendor/laravel/framework/src/Illuminate/Foundation/Console/Kernel.php(483): Illuminate\\Foundation\\Console\\Kernel->discoverCommands()
#3 /var/www/vendor/laravel/framework/src/Illuminate/Foundation/Console/Kernel.php(196): Illuminate\\Foundation\\Console\\Kernel->bootstrap()
#4 /var/www/vendor/laravel/framework/src/Illuminate/Foundation/Application.php(1235): Illuminate\\Foundation\\Console\\Kernel->handle(Object(Symfony\\Component\\Console\\Input\\ArgvInput), Object(Symfony\\Component\\Console\\Output\\ConsoleOutput))
#5 /var/www/artisan(13): Illuminate\\Foundation\\Application->handleCommand(Object(Symfony\\Component\\Console\\Input\\ArgvInput))
#6 {main}
"} 
[2026-06-06 05:32:58] local.ERROR: Unable to detect application namespace. {"exception":"[object] (RuntimeException(code: 0): Unable to detect application namespace. at /var/www/vendor/laravel/framework/src/Illuminate/Foundation/Application.php:1717)
[stacktrace]
#0 /var/www/vendor/laravel/framework/src/Illuminate/Foundation/Console/Kernel.php(368): Illuminate\\Foundation\\Application->getNamespace()
#1 /var/www/vendor/laravel/framework/src/Illuminate/Foundation/Console/Kernel.php(498): Illuminate\\Foundation\\Console\\Kernel->load(Array)
#2 /var/www/vendor/laravel/framework/src/Illuminate/Foundation/Console/Kernel.php(483): Illuminate\\Foundation\\Console\\Kernel->discoverCommands()
#3 /var/www/vendor/laravel/framework/src/Illuminate/Foundation/Console/Kernel.php(196): Illuminate\\Foundation\\Console\\Kernel->bootstrap()
#4 /var/www/vendor/laravel/framework/src/Illuminate/Foundation/Application.php(1235): Illuminate\\Foundation\\Console\\Kernel->handle(Object(Symfony\\Component\\Console\\Input\\ArgvInput), Object(Symfony\\Component\\Console\\Output\\ConsoleOutput))
#5 /var/www/artisan(13): Illuminate\\Foundation\\Application->handleCommand(Object(Symfony\\Component\\Console\\Input\\ArgvInput))
#6 {main}
"} 
[2026-06-06 05:34:01] local.ERROR: Unable to detect application namespace. {"exception":"[object] (RuntimeException(code: 0): Unable to detect application namespace. at /var/www/vendor/laravel/framework/src/Illuminate/Foundation/Application.php:1717)
[stacktrace]
#0 /var/www/vendor/laravel/framework/src/Illuminate/Foundation/Console/Kernel.php(368): Illuminate\\Foundation\\Application->getNamespace()
#1 /var/www/vendor/laravel/framework/src/Illuminate/Foundation/Console/Kernel.php(498): Illuminate\\Foundation\\Console\\Kernel->load(Array)
#2 /var/www/vendor/laravel/framework/src/Illuminate/Foundation/Console/Kernel.php(483): Illuminate\\Foundation\\Console\\Kernel->discoverCommands()
#3 /var/www/vendor/laravel/framework/src/Illuminate/Foundation/Console/Kernel.php(196): Illuminate\\Foundation\\Console\\Kernel->bootstrap()
#4 /var/www/vendor/laravel/framework/src/Illuminate/Foundation/Application.php(1235): Illuminate\\Foundation\\Console\\Kernel->handle(Object(Symfony\\Component\\Console\\Input\\ArgvInput), Object(Symfony\\Component\\Console\\Output\\ConsoleOutput))
#5 /var/www/artisan(13): Illuminate\\Foundation\\Application->handleCommand(Object(Symfony\\Component\\Console\\Input\\ArgvInput))
#6 {main}
"} 
[2026-06-06 05:35:04] local.ERROR: Unable to detect application namespace. {"exception":"[object] (RuntimeException(code: 0): Unable to detect application namespace. at /var/www/vendor/laravel/framework/src/Illuminate/Foundation/Application.php:1717)
[stacktrace]
#0 /var/www/vendor/laravel/framework/src/Illuminate/Foundation/Console/Kernel.php(368): Illuminate\\Foundation\\Application->getNamespace()
#1 /var/www/vendor/laravel/framework/src/Illuminate/Foundation/Console/Kernel.php(498): Illuminate\\Foundation\\Console\\Kernel->load(Array)
#2 /var/www/vendor/laravel/framework/src/Illuminate/Foundation/Console/Kernel.php(483): Illuminate\\Foundation\\Console\\Kernel->discoverCommands()
#3 /var/www/vendor/laravel/framework/src/Illuminate/Foundation/Console/Kernel.php(196): Illuminate\\Foundation\\Console\\Kernel->bootstrap()
#4 /var/www/vendor/laravel/framework/src/Illuminate/Foundation/Application.php(1235): Illuminate\\Foundation\\Console\\Kernel->handle(Object(Symfony\\Component\\Console\\Input\\ArgvInput), Object(Symfony\\Component\\Console\\Output\\ConsoleOutput))
#5 /var/www/artisan(13): Illuminate\\Foundation\\Application->handleCommand(Object(Symfony\\Component\\Console\\Input\\ArgvInput))
#6 {main}
"} 
[2026-06-06 05:36:08] local.ERROR: Unable to detect application namespace. {"exception":"[object] (RuntimeException(code: 0): Unable to detect application namespace. at /var/www/vendor/laravel/framework/src/Illuminate/Foundation/Application.php:1717)
[stacktrace]
#0 /var/www/vendor/laravel/framework/src/Illuminate/Foundation/Console/Kernel.php(368): Illuminate\\Foundation\\Application->getNamespace()
#1 /var/www/vendor/laravel/framework/src/Illuminate/Foundation/Console/Kernel.php(498): Illuminate\\Foundation\\Console\\Kernel->load(Array)
#2 /var/www/vendor/laravel/framework/src/Illuminate/Foundation/Console/Kernel.php(483): Illuminate\\Foundation\\Console\\Kernel->discoverCommands()
#3 /var/www/vendor/laravel/framework/src/Illuminate/Foundation/Console/Kernel.php(196): Illuminate\\Foundation\\Console\\Kernel->bootstrap()
#4 /var/www/vendor/laravel/framework/src/Illuminate/Foundation/Application.php(1235): Illuminate\\Foundation\\Console\\Kernel->handle(Object(Symfony\\Component\\Console\\Input\\ArgvInput), Object(Symfony\\Component\\Console\\Output\\ConsoleOutput))
#5 /var/www/artisan(13): Illuminate\\Foundation\\Application->handleCommand(Object(Symfony\\Component\\Console\\Input\\ArgvInput))
#6 {main}
"} 
[2026-06-06 05:37:11] local.ERROR: Unable to detect application namespace. {"exception":"[object] (RuntimeException(code: 0): Unable to detect application namespace. at /var/www/vendor/laravel/framework/src/Illuminate/Foundation/Application.php:1717)
[stacktrace]
#0 /var/www/vendor/laravel/framework/src/Illuminate/Foundation/Console/Kernel.php(368): Illuminate\\Foundation\\Application->getNamespace()
#1 /var/www/vendor/laravel/framework/src/Illuminate/Foundation/Console/Kernel.php(498): Illuminate\\Foundation\\Console\\Kernel->load(Array)
#2 /var/www/vendor/laravel/framework/src/Illuminate/Foundation/Console/Kernel.php(483): Illuminate\\Foundation\\Console\\Kernel->discoverCommands()
#3 /var/www/vendor/laravel/framework/src/Illuminate/Foundation/Console/Kernel.php(196): Illuminate\\Foundation\\Console\\Kernel->bootstrap()
#4 /var/www/vendor/laravel/framework/src/Illuminate/Foundation/Application.php(1235): Illuminate\\Foundation\\Console\\Kernel->handle(Object(Symfony\\Component\\Console\\Input\\ArgvInput), Object(Symfony\\Component\\Console\\Output\\ConsoleOutput))
#5 /var/www/artisan(13): Illuminate\\Foundation\\Application->handleCommand(Object(Symfony\\Component\\Console\\Input\\ArgvInput))
#6 {main}
"} 
[2026-06-06 05:38:14] local.ERROR: Unable to detect application namespace. {"exception":"[object] (RuntimeException(code: 0): Unable to detect application namespace. at /var/www/vendor/laravel/framework/src/Illuminate/Foundation/Application.php:1717)
[stacktrace]
#0 /var/www/vendor/laravel/framework/src/Illuminate/Foundation/Console/Kernel.php(368): Illuminate\\Foundation\\Application->getNamespace()
#1 /var/www/vendor/laravel/framework/src/Illuminate/Foundation/Console/Kernel.php(498): Illuminate\\Foundation\\Console\\Kernel->load(Array)
#2 /var/www/vendor/laravel/framework/src/Illuminate/Foundation/Console/Kernel.php(483): Illuminate\\Foundation\\Console\\Kernel->discoverCommands()
#3 /var/www/vendor/laravel/framework/src/Illuminate/Foundation/Console/Kernel.php(196): Illuminate\\Foundation\\Console\\Kernel->bootstrap()
#4 /var/www/vendor/laravel/framework/src/Illuminate/Foundation/Application.php(1235): Illuminate\\Foundation\\Console\\Kernel->handle(Object(Symfony\\Component\\Console\\Input\\ArgvInput), Object(Symfony\\Component\\Console\\Output\\ConsoleOutput))
#5 /var/www/artisan(13): Illuminate\\Foundation\\Application->handleCommand(Object(Symfony\\Component\\Console\\Input\\ArgvInput))
#6 {main}
"} 
[2026-06-06 05:39:18] local.ERROR: Unable to detect application namespace. {"exception":"[object] (RuntimeException(code: 0): Unable to detect application namespace. at /var/www/vendor/laravel/framework/src/Illuminate/Foundation/Application.php:1717)
[stacktrace]
#0 /var/www/vendor/laravel/framework/src/Illuminate/Foundation/Console/Kernel.php(368): Illuminate\\Foundation\\Application->getNamespace()
#1 /var/www/vendor/laravel/framework/src/Illuminate/Foundation/Console/Kernel.php(498): Illuminate\\Foundation\\Console\\Kernel->load(Array)
#2 /var/www/vendor/laravel/framework/src/Illuminate/Foundation/Console/Kernel.php(483): Illuminate\\Foundation\\Console\\Kernel->discoverCommands()
#3 /var/www/vendor/laravel/framework/src/Illuminate/Foundation/Console/Kernel.php(196): Illuminate\\Foundation\\Console\\Kernel->bootstrap()
#4 /var/www/vendor/laravel/framework/src/Illuminate/Foundation/Application.php(1235): Illuminate\\Foundation\\Console\\Kernel->handle(Object(Symfony\\Component\\Console\\Input\\ArgvInput), Object(Symfony\\Component\\Console\\Output\\ConsoleOutput))
#5 /var/www/artisan(13): Illuminate\\Foundation\\Application->handleCommand(Object(Symfony\\Component\\Console\\Input\\ArgvInput))
#6 {main}
"} 
[2026-06-06 05:40:21] local.ERROR: Unable to detect application namespace. {"exception":"[object] (RuntimeException(code: 0): Unable to detect application namespace. at /var/www/vendor/laravel/framework/src/Illuminate/Foundation/Application.php:1717)
[stacktrace]
#0 /var/www/vendor/laravel/framework/src/Illuminate/Foundation/Console/Kernel.php(368): Illuminate\\Foundation\\Application->getNamespace()
#1 /var/www/vendor/laravel/framework/src/Illuminate/Foundation/Console/Kernel.php(498): Illuminate\\Foundation\\Console\\Kernel->load(Array)
#2 /var/www/vendor/laravel/framework/src/Illuminate/Foundation/Console/Kernel.php(483): Illuminate\\Foundation\\Console\\Kernel->discoverCommands()
#3 /var/www/vendor/laravel/framework/src/Illuminate/Foundation/Console/Kernel.php(196): Illuminate\\Foundation\\Console\\Kernel->bootstrap()
#4 /var/www/vendor/laravel/framework/src/Illuminate/Foundation/Application.php(1235): Illuminate\\Foundation\\Console\\Kernel->handle(Object(Symfony\\Component\\Console\\Input\\ArgvInput), Object(Symfony\\Component\\Console\\Output\\ConsoleOutput))
#5 /var/www/artisan(13): Illuminate\\Foundation\\Application->handleCommand(Object(Symfony\\Component\\Console\\Input\\ArgvInput))
#6 {main}
"} 
[2026-06-06 05:41:24] local.ERROR: Unable to detect application namespace. {"exception":"[object] (RuntimeException(code: 0): Unable to detect application namespace. at /var/www/vendor/laravel/framework/src/Illuminate/Foundation/Application.php:1717)
[stacktrace]
#0 /var/www/vendor/laravel/framework/src/Illuminate/Foundation/Console/Kernel.php(368): Illuminate\\Foundation\\Application->getNamespace()
#1 /var/www/vendor/laravel/framework/src/Illuminate/Foundation/Console/Kernel.php(498): Illuminate\\Foundation\\Console\\Kernel->load(Array)
#2 /var/www/vendor/laravel/framework/src/Illuminate/Foundation/Console/Kernel.php(483): Illuminate\\Foundation\\Console\\Kernel->discoverCommands()
#3 /var/www/vendor/laravel/framework/src/Illuminate/Foundation/Console/Kernel.php(196): Illuminate\\Foundation\\Console\\Kernel->bootstrap()
#4 /var/www/vendor/laravel/framework/src/Illuminate/Foundation/Application.php(1235): Illuminate\\Foundation\\Console\\Kernel->handle(Object(Symfony\\Component\\Console\\Input\\ArgvInput), Object(Symfony\\Component\\Console\\Output\\ConsoleOutput))
#5 /var/www/artisan(13): Illuminate\\Foundation\\Application->handleCommand(Object(Symfony\\Component\\Console\\Input\\ArgvInput))
#6 {main}
"} 
[2026-06-06 05:42:28] local.ERROR: Unable to detect application namespace. {"exception":"[object] (RuntimeException(code: 0): Unable to detect application namespace. at /var/www/vendor/laravel/framework/src/Illuminate/Foundation/Application.php:1717)
[stacktrace]
#0 /var/www/vendor/laravel/framework/src/Illuminate/Foundation/Console/Kernel.php(368): Illuminate\\Foundation\\Application->getNamespace()
#1 /var/www/vendor/laravel/framework/src/Illuminate/Foundation/Console/Kernel.php(498): Illuminate\\Foundation\\Console\\Kernel->load(Array)
#2 /var/www/vendor/laravel/framework/src/Illuminate/Foundation/Console/Kernel.php(483): Illuminate\\Foundation\\Console\\Kernel->discoverCommands()
#3 /var/www/vendor/laravel/framework/src/Illuminate/Foundation/Console/Kernel.php(196): Illuminate\\Foundation\\Console\\Kernel->bootstrap()
#4 /var/www/vendor/laravel/framework/src/Illuminate/Foundation/Application.php(1235): Illuminate\\Foundation\\Console\\Kernel->handle(Object(Symfony\\Component\\Console\\Input\\ArgvInput), Object(Symfony\\Component\\Console\\Output\\ConsoleOutput))
#5 /var/www/artisan(13): Illuminate\\Foundation\\Application->handleCommand(Object(Symfony\\Component\\Console\\Input\\ArgvInput))
#6 {main}
"} 
[2026-06-06 05:43:31] local.ERROR: Unable to detect application namespace. {"exception":"[object] (RuntimeException(code: 0): Unable to detect application namespace. at /var/www/vendor/laravel/framework/src/Illuminate/Foundation/Application.php:1717)
[stacktrace]
#0 /var/www/vendor/laravel/framework/src/Illuminate/Foundation/Console/Kernel.php(368): Illuminate\\Foundation\\Application->getNamespace()
#1 /var/www/vendor/laravel/framework/src/Illuminate/Foundation/Console/Kernel.php(498): Illuminate\\Foundation\\Console\\Kernel->load(Array)
#2 /var/www/vendor/laravel/framework/src/Illuminate/Foundation/Console/Kernel.php(483): Illuminate\\Foundation\\Console\\Kernel->discoverCommands()
#3 /var/www/vendor/laravel/framework/src/Illuminate/Foundation/Console/Kernel.php(196): Illuminate\\Foundation\\Console\\Kernel->bootstrap()
#4 /var/www/vendor/laravel/framework/src/Illuminate/Foundation/Application.php(1235): Illuminate\\Foundation\\Console\\Kernel->handle(Object(Symfony\\Component\\Console\\Input\\ArgvInput), Object(Symfony\\Component\\Console\\Output\\ConsoleOutput))
#5 /var/www/artisan(13): Illuminate\\Foundation\\Application->handleCommand(Object(Symfony\\Component\\Console\\Input\\ArgvInput))
#6 {main}
"} 
[2026-06-06 05:44:34] local.ERROR: Unable to detect application namespace. {"exception":"[object] (RuntimeException(code: 0): Unable to detect application namespace. at /var/www/vendor/laravel/framework/src/Illuminate/Foundation/Application.php:1717)
[stacktrace]
#0 /var/www/vendor/laravel/framework/src/Illuminate/Foundation/Console/Kernel.php(368): Illuminate\\Foundation\\Application->getNamespace()
#1 /var/www/vendor/laravel/framework/src/Illuminate/Foundation/Console/Kernel.php(498): Illuminate\\Foundation\\Console\\Kernel->load(Array)
#2 /var/www/vendor/laravel/framework/src/Illuminate/Foundation/Console/Kernel.php(483): Illuminate\\Foundation\\Console\\Kernel->discoverCommands()
#3 /var/www/vendor/laravel/framework/src/Illuminate/Foundation/Console/Kernel.php(196): Illuminate\\Foundation\\Console\\Kernel->bootstrap()
#4 /var/www/vendor/laravel/framework/src/Illuminate/Foundation/Application.php(1235): Illuminate\\Foundation\\Console\\Kernel->handle(Object(Symfony\\Component\\Console\\Input\\ArgvInput), Object(Symfony\\Component\\Console\\Output\\ConsoleOutput))
#5 /var/www/artisan(13): Illuminate\\Foundation\\Application->handleCommand(Object(Symfony\\Component\\Console\\Input\\ArgvInput))
#6 {main}
"} 
[2026-06-06 05:45:38] local.ERROR: Unable to detect application namespace. {"exception":"[object] (RuntimeException(code: 0): Unable to detect application namespace. at /var/www/vendor/laravel/framework/src/Illuminate/Foundation/Application.php:1717)
[stacktrace]
#0 /var/www/vendor/laravel/framework/src/Illuminate/Foundation/Console/Kernel.php(368): Illuminate\\Foundation\\Application->getNamespace()
#1 /var/www/vendor/laravel/framework/src/Illuminate/Foundation/Console/Kernel.php(498): Illuminate\\Foundation\\Console\\Kernel->load(Array)
#2 /var/www/vendor/laravel/framework/src/Illuminate/Foundation/Console/Kernel.php(483): Illuminate\\Foundation\\Console\\Kernel->discoverCommands()
#3 /var/www/vendor/laravel/framework/src/Illuminate/Foundation/Console/Kernel.php(196): Illuminate\\Foundation\\Console\\Kernel->bootstrap()
#4 /var/www/vendor/laravel/framework/src/Illuminate/Foundation/Application.php(1235): Illuminate\\Foundation\\Console\\Kernel->handle(Object(Symfony\\Component\\Console\\Input\\ArgvInput), Object(Symfony\\Component\\Console\\Output\\ConsoleOutput))
#5 /var/www/artisan(13): Illuminate\\Foundation\\Application->handleCommand(Object(Symfony\\Component\\Console\\Input\\ArgvInput))
#6 {main}
"} 
[2026-06-06 05:46:41] local.ERROR: Unable to detect application namespace. {"exception":"[object] (RuntimeException(code: 0): Unable to detect application namespace. at /var/www/vendor/laravel/framework/src/Illuminate/Foundation/Application.php:1717)
[stacktrace]
#0 /var/www/vendor/laravel/framework/src/Illuminate/Foundation/Console/Kernel.php(368): Illuminate\\Foundation\\Application->getNamespace()
#1 /var/www/vendor/laravel/framework/src/Illuminate/Foundation/Console/Kernel.php(498): Illuminate\\Foundation\\Console\\Kernel->load(Array)
#2 /var/www/vendor/laravel/framework/src/Illuminate/Foundation/Console/Kernel.php(483): Illuminate\\Foundation\\Console\\Kernel->discoverCommands()
#3 /var/www/vendor/laravel/framework/src/Illuminate/Foundation/Console/Kernel.php(196): Illuminate\\Foundation\\Console\\Kernel->bootstrap()
#4 /var/www/vendor/laravel/framework/src/Illuminate/Foundation/Application.php(1235): Illuminate\\Foundation\\Console\\Kernel->handle(Object(Symfony\\Component\\Console\\Input\\ArgvInput), Object(Symfony\\Component\\Console\\Output\\ConsoleOutput))
#5 /var/www/artisan(13): Illuminate\\Foundation\\Application->handleCommand(Object(Symfony\\Component\\Console\\Input\\ArgvInput))
#6 {main}
"} 
[2026-06-06 05:47:44] local.ERROR: Unable to detect application namespace. {"exception":"[object] (RuntimeException(code: 0): Unable to detect application namespace. at /var/www/vendor/laravel/framework/src/Illuminate/Foundation/Application.php:1717)
[stacktrace]
#0 /var/www/vendor/laravel/framework/src/Illuminate/Foundation/Console/Kernel.php(368): Illuminate\\Foundation\\Application->getNamespace()
#1 /var/www/vendor/laravel/framework/src/Illuminate/Foundation/Console/Kernel.php(498): Illuminate\\Foundation\\Console\\Kernel->load(Array)
#2 /var/www/vendor/laravel/framework/src/Illuminate/Foundation/Console/Kernel.php(483): Illuminate\\Foundation\\Console\\Kernel->discoverCommands()
#3 /var/www/vendor/laravel/framework/src/Illuminate/Foundation/Console/Kernel.php(196): Illuminate\\Foundation\\Console\\Kernel->bootstrap()
#4 /var/www/vendor/laravel/framework/src/Illuminate/Foundation/Application.php(1235): Illuminate\\Foundation\\Console\\Kernel->handle(Object(Symfony\\Component\\Console\\Input\\ArgvInput), Object(Symfony\\Component\\Console\\Output\\ConsoleOutput))
#5 /var/www/artisan(13): Illuminate\\Foundation\\Application->handleCommand(Object(Symfony\\Component\\Console\\Input\\ArgvInput))
#6 {main}
"} 
[2026-06-06 05:48:48] local.ERROR: Unable to detect application namespace. {"exception":"[object] (RuntimeException(code: 0): Unable to detect application namespace. at /var/www/vendor/laravel/framework/src/Illuminate/Foundation/Application.php:1717)
[stacktrace]
#0 /var/www/vendor/laravel/framework/src/Illuminate/Foundation/Console/Kernel.php(368): Illuminate\\Foundation\\Application->getNamespace()
#1 /var/www/vendor/laravel/framework/src/Illuminate/Foundation/Console/Kernel.php(498): Illuminate\\Foundation\\Console\\Kernel->load(Array)
#2 /var/www/vendor/laravel/framework/src/Illuminate/Foundation/Console/Kernel.php(483): Illuminate\\Foundation\\Console\\Kernel->discoverCommands()
#3 /var/www/vendor/laravel/framework/src/Illuminate/Foundation/Console/Kernel.php(196): Illuminate\\Foundation\\Console\\Kernel->bootstrap()
#4 /var/www/vendor/laravel/framework/src/Illuminate/Foundation/Application.php(1235): Illuminate\\Foundation\\Console\\Kernel->handle(Object(Symfony\\Component\\Console\\Input\\ArgvInput), Object(Symfony\\Component\\Console\\Output\\ConsoleOutput))
#5 /var/www/artisan(13): Illuminate\\Foundation\\Application->handleCommand(Object(Symfony\\Component\\Console\\Input\\ArgvInput))
#6 {main}
"} 
[2026-06-06 05:49:51] local.ERROR: Unable to detect application namespace. {"exception":"[object] (RuntimeException(code: 0): Unable to detect application namespace. at /var/www/vendor/laravel/framework/src/Illuminate/Foundation/Application.php:1717)
[stacktrace]
#0 /var/www/vendor/laravel/framework/src/Illuminate/Foundation/Console/Kernel.php(368): Illuminate\\Foundation\\Application->getNamespace()
#1 /var/www/vendor/laravel/framework/src/Illuminate/Foundation/Console/Kernel.php(498): Illuminate\\Foundation\\Console\\Kernel->load(Array)
#2 /var/www/vendor/laravel/framework/src/Illuminate/Foundation/Console/Kernel.php(483): Illuminate\\Foundation\\Console\\Kernel->discoverCommands()
#3 /var/www/vendor/laravel/framework/src/Illuminate/Foundation/Console/Kernel.php(196): Illuminate\\Foundation\\Console\\Kernel->bootstrap()
#4 /var/www/vendor/laravel/framework/src/Illuminate/Foundation/Application.php(1235): Illuminate\\Foundation\\Console\\Kernel->handle(Object(Symfony\\Component\\Console\\Input\\ArgvInput), Object(Symfony\\Component\\Console\\Output\\ConsoleOutput))
#5 /var/www/artisan(13): Illuminate\\Foundation\\Application->handleCommand(Object(Symfony\\Component\\Console\\Input\\ArgvInput))
#6 {main}
"} 
[2026-06-06 05:50:54] local.ERROR: Unable to detect application namespace. {"exception":"[object] (RuntimeException(code: 0): Unable to detect application namespace. at /var/www/vendor/laravel/framework/src/Illuminate/Foundation/Application.php:1717)
[stacktrace]
#0 /var/www/vendor/laravel/framework/src/Illuminate/Foundation/Console/Kernel.php(368): Illuminate\\Foundation\\Application->getNamespace()
#1 /var/www/vendor/laravel/framework/src/Illuminate/Foundation/Console/Kernel.php(498): Illuminate\\Foundation\\Console\\Kernel->load(Array)
#2 /var/www/vendor/laravel/framework/src/Illuminate/Foundation/Console/Kernel.php(483): Illuminate\\Foundation\\Console\\Kernel->discoverCommands()
#3 /var/www/vendor/laravel/framework/src/Illuminate/Foundation/Console/Kernel.php(196): Illuminate\\Foundation\\Console\\Kernel->bootstrap()
#4 /var/www/vendor/laravel/framework/src/Illuminate/Foundation/Application.php(1235): Illuminate\\Foundation\\Console\\Kernel->handle(Object(Symfony\\Component\\Console\\Input\\ArgvInput), Object(Symfony\\Component\\Console\\Output\\ConsoleOutput))
#5 /var/www/artisan(13): Illuminate\\Foundation\\Application->handleCommand(Object(Symfony\\Component\\Console\\Input\\ArgvInput))
#6 {main}
"} 
[2026-06-06 05:51:58] local.ERROR: Unable to detect application namespace. {"exception":"[object] (RuntimeException(code: 0): Unable to detect application namespace. at /var/www/vendor/laravel/framework/src/Illuminate/Foundation/Application.php:1717)
[stacktrace]
#0 /var/www/vendor/laravel/framework/src/Illuminate/Foundation/Console/Kernel.php(368): Illuminate\\Foundation\\Application->getNamespace()
#1 /var/www/vendor/laravel/framework/src/Illuminate/Foundation/Console/Kernel.php(498): Illuminate\\Foundation\\Console\\Kernel->load(Array)
#2 /var/www/vendor/laravel/framework/src/Illuminate/Foundation/Console/Kernel.php(483): Illuminate\\Foundation\\Console\\Kernel->discoverCommands()
#3 /var/www/vendor/laravel/framework/src/Illuminate/Foundation/Console/Kernel.php(196): Illuminate\\Foundation\\Console\\Kernel->bootstrap()
#4 /var/www/vendor/laravel/framework/src/Illuminate/Foundation/Application.php(1235): Illuminate\\Foundation\\Console\\Kernel->handle(Object(Symfony\\Component\\Console\\Input\\ArgvInput), Object(Symfony\\Component\\Console\\Output\\ConsoleOutput))
#5 /var/www/artisan(13): Illuminate\\Foundation\\Application->handleCommand(Object(Symfony\\Component\\Console\\Input\\ArgvInput))
#6 {main}
"} 
[2026-06-06 05:53:01] local.ERROR: Unable to detect application namespace. {"exception":"[object] (RuntimeException(code: 0): Unable to detect application namespace. at /var/www/vendor/laravel/framework/src/Illuminate/Foundation/Application.php:1717)
[stacktrace]
#0 /var/www/vendor/laravel/framework/src/Illuminate/Foundation/Console/Kernel.php(368): Illuminate\\Foundation\\Application->getNamespace()
#1 /var/www/vendor/laravel/framework/src/Illuminate/Foundation/Console/Kernel.php(498): Illuminate\\Foundation\\Console\\Kernel->load(Array)
#2 /var/www/vendor/laravel/framework/src/Illuminate/Foundation/Console/Kernel.php(483): Illuminate\\Foundation\\Console\\Kernel->discoverCommands()
#3 /var/www/vendor/laravel/framework/src/Illuminate/Foundation/Console/Kernel.php(196): Illuminate\\Foundation\\Console\\Kernel->bootstrap()
#4 /var/www/vendor/laravel/framework/src/Illuminate/Foundation/Application.php(1235): Illuminate\\Foundation\\Console\\Kernel->handle(Object(Symfony\\Component\\Console\\Input\\ArgvInput), Object(Symfony\\Component\\Console\\Output\\ConsoleOutput))
#5 /var/www/artisan(13): Illuminate\\Foundation\\Application->handleCommand(Object(Symfony\\Component\\Console\\Input\\ArgvInput))
#6 {main}
"} 
[2026-06-06 05:54:05] local.ERROR: Unable to detect application namespace. {"exception":"[object] (RuntimeException(code: 0): Unable to detect application namespace. at /var/www/vendor/laravel/framework/src/Illuminate/Foundation/Application.php:1717)
[stacktrace]
#0 /var/www/vendor/laravel/framework/src/Illuminate/Foundation/Console/Kernel.php(368): Illuminate\\Foundation\\Application->getNamespace()
#1 /var/www/vendor/laravel/framework/src/Illuminate/Foundation/Console/Kernel.php(498): Illuminate\\Foundation\\Console\\Kernel->load(Array)
#2 /var/www/vendor/laravel/framework/src/Illuminate/Foundation/Console/Kernel.php(483): Illuminate\\Foundation\\Console\\Kernel->discoverCommands()
#3 /var/www/vendor/laravel/framework/src/Illuminate/Foundation/Console/Kernel.php(196): Illuminate\\Foundation\\Console\\Kernel->bootstrap()
#4 /var/www/vendor/laravel/framework/src/Illuminate/Foundation/Application.php(1235): Illuminate\\Foundation\\Console\\Kernel->handle(Object(Symfony\\Component\\Console\\Input\\ArgvInput), Object(Symfony\\Component\\Console\\Output\\ConsoleOutput))
#5 /var/www/artisan(13): Illuminate\\Foundation\\Application->handleCommand(Object(Symfony\\Component\\Console\\Input\\ArgvInput))
#6 {main}
"} 
[2026-06-06 05:55:08] local.ERROR: Unable to detect application namespace. {"exception":"[object] (RuntimeException(code: 0): Unable to detect application namespace. at /var/www/vendor/laravel/framework/src/Illuminate/Foundation/Application.php:1717)
[stacktrace]
#0 /var/www/vendor/laravel/framework/src/Illuminate/Foundation/Console/Kernel.php(368): Illuminate\\Foundation\\Application->getNamespace()
#1 /var/www/vendor/laravel/framework/src/Illuminate/Foundation/Console/Kernel.php(498): Illuminate\\Foundation\\Console\\Kernel->load(Array)
#2 /var/www/vendor/laravel/framework/src/Illuminate/Foundation/Console/Kernel.php(483): Illuminate\\Foundation\\Console\\Kernel->discoverCommands()
#3 /var/www/vendor/laravel/framework/src/Illuminate/Foundation/Console/Kernel.php(196): Illuminate\\Foundation\\Console\\Kernel->bootstrap()
#4 /var/www/vendor/laravel/framework/src/Illuminate/Foundation/Application.php(1235): Illuminate\\Foundation\\Console\\Kernel->handle(Object(Symfony\\Component\\Console\\Input\\ArgvInput), Object(Symfony\\Component\\Console\\Output\\ConsoleOutput))
#5 /var/www/artisan(13): Illuminate\\Foundation\\Application->handleCommand(Object(Symfony\\Component\\Console\\Input\\ArgvInput))
#6 {main}
"} 
[2026-06-06 05:56:11] local.ERROR: Unable to detect application namespace. {"exception":"[object] (RuntimeException(code: 0): Unable to detect application namespace. at /var/www/vendor/laravel/framework/src/Illuminate/Foundation/Application.php:1717)
[stacktrace]
#0 /var/www/vendor/laravel/framework/src/Illuminate/Foundation/Console/Kernel.php(368): Illuminate\\Foundation\\Application->getNamespace()
#1 /var/www/vendor/laravel/framework/src/Illuminate/Foundation/Console/Kernel.php(498): Illuminate\\Foundation\\Console\\Kernel->load(Array)
#2 /var/www/vendor/laravel/framework/src/Illuminate/Foundation/Console/Kernel.php(483): Illuminate\\Foundation\\Console\\Kernel->discoverCommands()
#3 /var/www/vendor/laravel/framework/src/Illuminate/Foundation/Console/Kernel.php(196): Illuminate\\Foundation\\Console\\Kernel->bootstrap()
#4 /var/www/vendor/laravel/framework/src/Illuminate/Foundation/Application.php(1235): Illuminate\\Foundation\\Console\\Kernel->handle(Object(Symfony\\Component\\Console\\Input\\ArgvInput), Object(Symfony\\Component\\Console\\Output\\ConsoleOutput))
#5 /var/www/artisan(13): Illuminate\\Foundation\\Application->handleCommand(Object(Symfony\\Component\\Console\\Input\\ArgvInput))
#6 {main}
"} 
[2026-06-06 05:57:15] local.ERROR: Unable to detect application namespace. {"exception":"[object] (RuntimeException(code: 0): Unable to detect application namespace. at /var/www/vendor/laravel/framework/src/Illuminate/Foundation/Application.php:1717)
[stacktrace]
#0 /var/www/vendor/laravel/framework/src/Illuminate/Foundation/Console/Kernel.php(368): Illuminate\\Foundation\\Application->getNamespace()
#1 /var/www/vendor/laravel/framework/src/Illuminate/Foundation/Console/Kernel.php(498): Illuminate\\Foundation\\Console\\Kernel->load(Array)
#2 /var/www/vendor/laravel/framework/src/Illuminate/Foundation/Console/Kernel.php(483): Illuminate\\Foundation\\Console\\Kernel->discoverCommands()
#3 /var/www/vendor/laravel/framework/src/Illuminate/Foundation/Console/Kernel.php(196): Illuminate\\Foundation\\Console\\Kernel->bootstrap()
#4 /var/www/vendor/laravel/framework/src/Illuminate/Foundation/Application.php(1235): Illuminate\\Foundation\\Console\\Kernel->handle(Object(Symfony\\Component\\Console\\Input\\ArgvInput), Object(Symfony\\Component\\Console\\Output\\ConsoleOutput))
#5 /var/www/artisan(13): Illuminate\\Foundation\\Application->handleCommand(Object(Symfony\\Component\\Console\\Input\\ArgvInput))
#6 {main}
"} 
[2026-06-06 05:58:18] local.ERROR: Unable to detect application namespace. {"exception":"[object] (RuntimeException(code: 0): Unable to detect application namespace. at /var/www/vendor/laravel/framework/src/Illuminate/Foundation/Application.php:1717)
[stacktrace]
#0 /var/www/vendor/laravel/framework/src/Illuminate/Foundation/Console/Kernel.php(368): Illuminate\\Foundation\\Application->getNamespace()
#1 /var/www/vendor/laravel/framework/src/Illuminate/Foundation/Console/Kernel.php(498): Illuminate\\Foundation\\Console\\Kernel->load(Array)
#2 /var/www/vendor/laravel/framework/src/Illuminate/Foundation/Console/Kernel.php(483): Illuminate\\Foundation\\Console\\Kernel->discoverCommands()
#3 /var/www/vendor/laravel/framework/src/Illuminate/Foundation/Console/Kernel.php(196): Illuminate\\Foundation\\Console\\Kernel->bootstrap()
#4 /var/www/vendor/laravel/framework/src/Illuminate/Foundation/Application.php(1235): Illuminate\\Foundation\\Console\\Kernel->handle(Object(Symfony\\Component\\Console\\Input\\ArgvInput), Object(Symfony\\Component\\Console\\Output\\ConsoleOutput))
#5 /var/www/artisan(13): Illuminate\\Foundation\\Application->handleCommand(Object(Symfony\\Component\\Console\\Input\\ArgvInput))
#6 {main}
"} 
[2026-06-06 05:59:21] local.ERROR: Unable to detect application namespace. {"exception":"[object] (RuntimeException(code: 0): Unable to detect application namespace. at /var/www/vendor/laravel/framework/src/Illuminate/Foundation/Application.php:1717)
[stacktrace]
#0 /var/www/vendor/laravel/framework/src/Illuminate/Foundation/Console/Kernel.php(368): Illuminate\\Foundation\\Application->getNamespace()
#1 /var/www/vendor/laravel/framework/src/Illuminate/Foundation/Console/Kernel.php(498): Illuminate\\Foundation\\Console\\Kernel->load(Array)
#2 /var/www/vendor/laravel/framework/src/Illuminate/Foundation/Console/Kernel.php(483): Illuminate\\Foundation\\Console\\Kernel->discoverCommands()
#3 /var/www/vendor/laravel/framework/src/Illuminate/Foundation/Console/Kernel.php(196): Illuminate\\Foundation\\Console\\Kernel->bootstrap()
#4 /var/www/vendor/laravel/framework/src/Illuminate/Foundation/Application.php(1235): Illuminate\\Foundation\\Console\\Kernel->handle(Object(Symfony\\Component\\Console\\Input\\ArgvInput), Object(Symfony\\Component\\Console\\Output\\ConsoleOutput))
#5 /var/www/artisan(13): Illuminate\\Foundation\\Application->handleCommand(Object(Symfony\\Component\\Console\\Input\\ArgvInput))
#6 {main}
"} 
[2026-06-06 06:00:25] local.ERROR: Unable to detect application namespace. {"exception":"[object] (RuntimeException(code: 0): Unable to detect application namespace. at /var/www/vendor/laravel/framework/src/Illuminate/Foundation/Application.php:1717)
[stacktrace]
#0 /var/www/vendor/laravel/framework/src/Illuminate/Foundation/Console/Kernel.php(368): Illuminate\\Foundation\\Application->getNamespace()
#1 /var/www/vendor/laravel/framework/src/Illuminate/Foundation/Console/Kernel.php(498): Illuminate\\Foundation\\Console\\Kernel->load(Array)
#2 /var/www/vendor/laravel/framework/src/Illuminate/Foundation/Console/Kernel.php(483): Illuminate\\Foundation\\Console\\Kernel->discoverCommands()
#3 /var/www/vendor/laravel/framework/src/Illuminate/Foundation/Console/Kernel.php(196): Illuminate\\Foundation\\Console\\Kernel->bootstrap()
#4 /var/www/vendor/laravel/framework/src/Illuminate/Foundation/Application.php(1235): Illuminate\\Foundation\\Console\\Kernel->handle(Object(Symfony\\Component\\Console\\Input\\ArgvInput), Object(Symfony\\Component\\Console\\Output\\ConsoleOutput))
#5 /var/www/artisan(13): Illuminate\\Foundation\\Application->handleCommand(Object(Symfony\\Component\\Console\\Input\\ArgvInput))
#6 {main}
"} 
[2026-06-06 06:01:28] local.ERROR: Unable to detect application namespace. {"exception":"[object] (RuntimeException(code: 0): Unable to detect application namespace. at /var/www/vendor/laravel/framework/src/Illuminate/Foundation/Application.php:1717)
[stacktrace]
#0 /var/www/vendor/laravel/framework/src/Illuminate/Foundation/Console/Kernel.php(368): Illuminate\\Foundation\\Application->getNamespace()
#1 /var/www/vendor/laravel/framework/src/Illuminate/Foundation/Console/Kernel.php(498): Illuminate\\Foundation\\Console\\Kernel->load(Array)
#2 /var/www/vendor/laravel/framework/src/Illuminate/Foundation/Console/Kernel.php(483): Illuminate\\Foundation\\Console\\Kernel->discoverCommands()
#3 /var/www/vendor/laravel/framework/src/Illuminate/Foundation/Console/Kernel.php(196): Illuminate\\Foundation\\Console\\Kernel->bootstrap()
#4 /var/www/vendor/laravel/framework/src/Illuminate/Foundation/Application.php(1235): Illuminate\\Foundation\\Console\\Kernel->handle(Object(Symfony\\Component\\Console\\Input\\ArgvInput), Object(Symfony\\Component\\Console\\Output\\ConsoleOutput))
#5 /var/www/artisan(13): Illuminate\\Foundation\\Application->handleCommand(Object(Symfony\\Component\\Console\\Input\\ArgvInput))
#6 {main}
"} 
[2026-06-06 06:02:31] local.ERROR: Unable to detect application namespace. {"exception":"[object] (RuntimeException(code: 0): Unable to detect application namespace. at /var/www/vendor/laravel/framework/src/Illuminate/Foundation/Application.php:1717)
[stacktrace]
#0 /var/www/vendor/laravel/framework/src/Illuminate/Foundation/Console/Kernel.php(368): Illuminate\\Foundation\\Application->getNamespace()
#1 /var/www/vendor/laravel/framework/src/Illuminate/Foundation/Console/Kernel.php(498): Illuminate\\Foundation\\Console\\Kernel->load(Array)
#2 /var/www/vendor/laravel/framework/src/Illuminate/Foundation/Console/Kernel.php(483): Illuminate\\Foundation\\Console\\Kernel->discoverCommands()
#3 /var/www/vendor/laravel/framework/src/Illuminate/Foundation/Console/Kernel.php(196): Illuminate\\Foundation\\Console\\Kernel->bootstrap()
#4 /var/www/vendor/laravel/framework/src/Illuminate/Foundation/Application.php(1235): Illuminate\\Foundation\\Console\\Kernel->handle(Object(Symfony\\Component\\Console\\Input\\ArgvInput), Object(Symfony\\Component\\Console\\Output\\ConsoleOutput))
#5 /var/www/artisan(13): Illuminate\\Foundation\\Application->handleCommand(Object(Symfony\\Component\\Console\\Input\\ArgvInput))
#6 {main}
"} 
[2026-06-06 06:03:34] local.ERROR: Unable to detect application namespace. {"exception":"[object] (RuntimeException(code: 0): Unable to detect application namespace. at /var/www/vendor/laravel/framework/src/Illuminate/Foundation/Application.php:1717)
[stacktrace]
#0 /var/www/vendor/laravel/framework/src/Illuminate/Foundation/Console/Kernel.php(368): Illuminate\\Foundation\\Application->getNamespace()
#1 /var/www/vendor/laravel/framework/src/Illuminate/Foundation/Console/Kernel.php(498): Illuminate\\Foundation\\Console\\Kernel->load(Array)
#2 /var/www/vendor/laravel/framework/src/Illuminate/Foundation/Console/Kernel.php(483): Illuminate\\Foundation\\Console\\Kernel->discoverCommands()
#3 /var/www/vendor/laravel/framework/src/Illuminate/Foundation/Console/Kernel.php(196): Illuminate\\Foundation\\Console\\Kernel->bootstrap()
#4 /var/www/vendor/laravel/framework/src/Illuminate/Foundation/Application.php(1235): Illuminate\\Foundation\\Console\\Kernel->handle(Object(Symfony\\Component\\Console\\Input\\ArgvInput), Object(Symfony\\Component\\Console\\Output\\ConsoleOutput))
#5 /var/www/artisan(13): Illuminate\\Foundation\\Application->handleCommand(Object(Symfony\\Component\\Console\\Input\\ArgvInput))
#6 {main}
"} 
[2026-06-06 06:04:38] local.ERROR: Unable to detect application namespace. {"exception":"[object] (RuntimeException(code: 0): Unable to detect application namespace. at /var/www/vendor/laravel/framework/src/Illuminate/Foundation/Application.php:1717)
[stacktrace]
#0 /var/www/vendor/laravel/framework/src/Illuminate/Foundation/Console/Kernel.php(368): Illuminate\\Foundation\\Application->getNamespace()
#1 /var/www/vendor/laravel/framework/src/Illuminate/Foundation/Console/Kernel.php(498): Illuminate\\Foundation\\Console\\Kernel->load(Array)
#2 /var/www/vendor/laravel/framework/src/Illuminate/Foundation/Console/Kernel.php(483): Illuminate\\Foundation\\Console\\Kernel->discoverCommands()
#3 /var/www/vendor/laravel/framework/src/Illuminate/Foundation/Console/Kernel.php(196): Illuminate\\Foundation\\Console\\Kernel->bootstrap()
#4 /var/www/vendor/laravel/framework/src/Illuminate/Foundation/Application.php(1235): Illuminate\\Foundation\\Console\\Kernel->handle(Object(Symfony\\Component\\Console\\Input\\ArgvInput), Object(Symfony\\Component\\Console\\Output\\ConsoleOutput))
#5 /var/www/artisan(13): Illuminate\\Foundation\\Application->handleCommand(Object(Symfony\\Component\\Console\\Input\\ArgvInput))
#6 {main}
"} 
[2026-06-06 06:05:41] local.ERROR: Unable to detect application namespace. {"exception":"[object] (RuntimeException(code: 0): Unable to detect application namespace. at /var/www/vendor/laravel/framework/src/Illuminate/Foundation/Application.php:1717)
[stacktrace]
#0 /var/www/vendor/laravel/framework/src/Illuminate/Foundation/Console/Kernel.php(368): Illuminate\\Foundation\\Application->getNamespace()
#1 /var/www/vendor/laravel/framework/src/Illuminate/Foundation/Console/Kernel.php(498): Illuminate\\Foundation\\Console\\Kernel->load(Array)
#2 /var/www/vendor/laravel/framework/src/Illuminate/Foundation/Console/Kernel.php(483): Illuminate\\Foundation\\Console\\Kernel->discoverCommands()
#3 /var/www/vendor/laravel/framework/src/Illuminate/Foundation/Console/Kernel.php(196): Illuminate\\Foundation\\Console\\Kernel->bootstrap()
#4 /var/www/vendor/laravel/framework/src/Illuminate/Foundation/Application.php(1235): Illuminate\\Foundation\\Console\\Kernel->handle(Object(Symfony\\Component\\Console\\Input\\ArgvInput), Object(Symfony\\Component\\Console\\Output\\ConsoleOutput))
#5 /var/www/artisan(13): Illuminate\\Foundation\\Application->handleCommand(Object(Symfony\\Component\\Console\\Input\\ArgvInput))
#6 {main}
"} 
[2026-06-06 06:06:44] local.ERROR: Unable to detect application namespace. {"exception":"[object] (RuntimeException(code: 0): Unable to detect application namespace. at /var/www/vendor/laravel/framework/src/Illuminate/Foundation/Application.php:1717)
[stacktrace]
#0 /var/www/vendor/laravel/framework/src/Illuminate/Foundation/Console/Kernel.php(368): Illuminate\\Foundation\\Application->getNamespace()
#1 /var/www/vendor/laravel/framework/src/Illuminate/Foundation/Console/Kernel.php(498): Illuminate\\Foundation\\Console\\Kernel->load(Array)
#2 /var/www/vendor/laravel/framework/src/Illuminate/Foundation/Console/Kernel.php(483): Illuminate\\Foundation\\Console\\Kernel->discoverCommands()
#3 /var/www/vendor/laravel/framework/src/Illuminate/Foundation/Console/Kernel.php(196): Illuminate\\Foundation\\Console\\Kernel->bootstrap()
#4 /var/www/vendor/laravel/framework/src/Illuminate/Foundation/Application.php(1235): Illuminate\\Foundation\\Console\\Kernel->handle(Object(Symfony\\Component\\Console\\Input\\ArgvInput), Object(Symfony\\Component\\Console\\Output\\ConsoleOutput))
#5 /var/www/artisan(13): Illuminate\\Foundation\\Application->handleCommand(Object(Symfony\\Component\\Console\\Input\\ArgvInput))
#6 {main}
"} 
[2026-06-06 06:07:48] local.ERROR: Unable to detect application namespace. {"exception":"[object] (RuntimeException(code: 0): Unable to detect application namespace. at /var/www/vendor/laravel/framework/src/Illuminate/Foundation/Application.php:1717)
[stacktrace]
#0 /var/www/vendor/laravel/framework/src/Illuminate/Foundation/Console/Kernel.php(368): Illuminate\\Foundation\\Application->getNamespace()
#1 /var/www/vendor/laravel/framework/src/Illuminate/Foundation/Console/Kernel.php(498): Illuminate\\Foundation\\Console\\Kernel->load(Array)
#2 /var/www/vendor/laravel/framework/src/Illuminate/Foundation/Console/Kernel.php(483): Illuminate\\Foundation\\Console\\Kernel->discoverCommands()
#3 /var/www/vendor/laravel/framework/src/Illuminate/Foundation/Console/Kernel.php(196): Illuminate\\Foundation\\Console\\Kernel->bootstrap()
#4 /var/www/vendor/laravel/framework/src/Illuminate/Foundation/Application.php(1235): Illuminate\\Foundation\\Console\\Kernel->handle(Object(Symfony\\Component\\Console\\Input\\ArgvInput), Object(Symfony\\Component\\Console\\Output\\ConsoleOutput))
#5 /var/www/artisan(13): Illuminate\\Foundation\\Application->handleCommand(Object(Symfony\\Component\\Console\\Input\\ArgvInput))
#6 {main}
"} 
[2026-06-06 06:08:51] local.ERROR: Unable to detect application namespace. {"exception":"[object] (RuntimeException(code: 0): Unable to detect application namespace. at /var/www/vendor/laravel/framework/src/Illuminate/Foundation/Application.php:1717)
[stacktrace]
#0 /var/www/vendor/laravel/framework/src/Illuminate/Foundation/Console/Kernel.php(368): Illuminate\\Foundation\\Application->getNamespace()
#1 /var/www/vendor/laravel/framework/src/Illuminate/Foundation/Console/Kernel.php(498): Illuminate\\Foundation\\Console\\Kernel->load(Array)
#2 /var/www/vendor/laravel/framework/src/Illuminate/Foundation/Console/Kernel.php(483): Illuminate\\Foundation\\Console\\Kernel->discoverCommands()
#3 /var/www/vendor/laravel/framework/src/Illuminate/Foundation/Console/Kernel.php(196): Illuminate\\Foundation\\Console\\Kernel->bootstrap()
#4 /var/www/vendor/laravel/framework/src/Illuminate/Foundation/Application.php(1235): Illuminate\\Foundation\\Console\\Kernel->handle(Object(Symfony\\Component\\Console\\Input\\ArgvInput), Object(Symfony\\Component\\Console\\Output\\ConsoleOutput))
#5 /var/www/artisan(13): Illuminate\\Foundation\\Application->handleCommand(Object(Symfony\\Component\\Console\\Input\\ArgvInput))
#6 {main}
"} 
[2026-06-06 06:09:54] local.ERROR: Unable to detect application namespace. {"exception":"[object] (RuntimeException(code: 0): Unable to detect application namespace. at /var/www/vendor/laravel/framework/src/Illuminate/Foundation/Application.php:1717)
[stacktrace]
#0 /var/www/vendor/laravel/framework/src/Illuminate/Foundation/Console/Kernel.php(368): Illuminate\\Foundation\\Application->getNamespace()
#1 /var/www/vendor/laravel/framework/src/Illuminate/Foundation/Console/Kernel.php(498): Illuminate\\Foundation\\Console\\Kernel->load(Array)
#2 /var/www/vendor/laravel/framework/src/Illuminate/Foundation/Console/Kernel.php(483): Illuminate\\Foundation\\Console\\Kernel->discoverCommands()
#3 /var/www/vendor/laravel/framework/src/Illuminate/Foundation/Console/Kernel.php(196): Illuminate\\Foundation\\Console\\Kernel->bootstrap()
#4 /var/www/vendor/laravel/framework/src/Illuminate/Foundation/Application.php(1235): Illuminate\\Foundation\\Console\\Kernel->handle(Object(Symfony\\Component\\Console\\Input\\ArgvInput), Object(Symfony\\Component\\Console\\Output\\ConsoleOutput))
#5 /var/www/artisan(13): Illuminate\\Foundation\\Application->handleCommand(Object(Symfony\\Component\\Console\\Input\\ArgvInput))
#6 {main}
"} 
[2026-06-06 06:10:58] local.ERROR: Unable to detect application namespace. {"exception":"[object] (RuntimeException(code: 0): Unable to detect application namespace. at /var/www/vendor/laravel/framework/src/Illuminate/Foundation/Application.php:1717)
[stacktrace]
#0 /var/www/vendor/laravel/framework/src/Illuminate/Foundation/Console/Kernel.php(368): Illuminate\\Foundation\\Application->getNamespace()
#1 /var/www/vendor/laravel/framework/src/Illuminate/Foundation/Console/Kernel.php(498): Illuminate\\Foundation\\Console\\Kernel->load(Array)
#2 /var/www/vendor/laravel/framework/src/Illuminate/Foundation/Console/Kernel.php(483): Illuminate\\Foundation\\Console\\Kernel->discoverCommands()
#3 /var/www/vendor/laravel/framework/src/Illuminate/Foundation/Console/Kernel.php(196): Illuminate\\Foundation\\Console\\Kernel->bootstrap()
#4 /var/www/vendor/laravel/framework/src/Illuminate/Foundation/Application.php(1235): Illuminate\\Foundation\\Console\\Kernel->handle(Object(Symfony\\Component\\Console\\Input\\ArgvInput), Object(Symfony\\Component\\Console\\Output\\ConsoleOutput))
#5 /var/www/artisan(13): Illuminate\\Foundation\\Application->handleCommand(Object(Symfony\\Component\\Console\\Input\\ArgvInput))
#6 {main}
"} 
[2026-06-06 06:12:01] local.ERROR: Unable to detect application namespace. {"exception":"[object] (RuntimeException(code: 0): Unable to detect application namespace. at /var/www/vendor/laravel/framework/src/Illuminate/Foundation/Application.php:1717)
[stacktrace]
#0 /var/www/vendor/laravel/framework/src/Illuminate/Foundation/Console/Kernel.php(368): Illuminate\\Foundation\\Application->getNamespace()
#1 /var/www/vendor/laravel/framework/src/Illuminate/Foundation/Console/Kernel.php(498): Illuminate\\Foundation\\Console\\Kernel->load(Array)
#2 /var/www/vendor/laravel/framework/src/Illuminate/Foundation/Console/Kernel.php(483): Illuminate\\Foundation\\Console\\Kernel->discoverCommands()
#3 /var/www/vendor/laravel/framework/src/Illuminate/Foundation/Console/Kernel.php(196): Illuminate\\Foundation\\Console\\Kernel->bootstrap()
#4 /var/www/vendor/laravel/framework/src/Illuminate/Foundation/Application.php(1235): Illuminate\\Foundation\\Console\\Kernel->handle(Object(Symfony\\Component\\Console\\Input\\ArgvInput), Object(Symfony\\Component\\Console\\Output\\ConsoleOutput))
#5 /var/www/artisan(13): Illuminate\\Foundation\\Application->handleCommand(Object(Symfony\\Component\\Console\\Input\\ArgvInput))
#6 {main}
"} 
[2026-06-06 06:13:04] local.ERROR: Unable to detect application namespace. {"exception":"[object] (RuntimeException(code: 0): Unable to detect application namespace. at /var/www/vendor/laravel/framework/src/Illuminate/Foundation/Application.php:1717)
[stacktrace]
#0 /var/www/vendor/laravel/framework/src/Illuminate/Foundation/Console/Kernel.php(368): Illuminate\\Foundation\\Application->getNamespace()
#1 /var/www/vendor/laravel/framework/src/Illuminate/Foundation/Console/Kernel.php(498): Illuminate\\Foundation\\Console\\Kernel->load(Array)
#2 /var/www/vendor/laravel/framework/src/Illuminate/Foundation/Console/Kernel.php(483): Illuminate\\Foundation\\Console\\Kernel->discoverCommands()
#3 /var/www/vendor/laravel/framework/src/Illuminate/Foundation/Console/Kernel.php(196): Illuminate\\Foundation\\Console\\Kernel->bootstrap()
#4 /var/www/vendor/laravel/framework/src/Illuminate/Foundation/Application.php(1235): Illuminate\\Foundation\\Console\\Kernel->handle(Object(Symfony\\Component\\Console\\Input\\ArgvInput), Object(Symfony\\Component\\Console\\Output\\ConsoleOutput))
#5 /var/www/artisan(13): Illuminate\\Foundation\\Application->handleCommand(Object(Symfony\\Component\\Console\\Input\\ArgvInput))
#6 {main}
"} 
[2026-06-06 06:14:08] local.ERROR: Unable to detect application namespace. {"exception":"[object] (RuntimeException(code: 0): Unable to detect application namespace. at /var/www/vendor/laravel/framework/src/Illuminate/Foundation/Application.php:1717)
[stacktrace]
#0 /var/www/vendor/laravel/framework/src/Illuminate/Foundation/Console/Kernel.php(368): Illuminate\\Foundation\\Application->getNamespace()
#1 /var/www/vendor/laravel/framework/src/Illuminate/Foundation/Console/Kernel.php(498): Illuminate\\Foundation\\Console\\Kernel->load(Array)
#2 /var/www/vendor/laravel/framework/src/Illuminate/Foundation/Console/Kernel.php(483): Illuminate\\Foundation\\Console\\Kernel->discoverCommands()
#3 /var/www/vendor/laravel/framework/src/Illuminate/Foundation/Console/Kernel.php(196): Illuminate\\Foundation\\Console\\Kernel->bootstrap()
#4 /var/www/vendor/laravel/framework/src/Illuminate/Foundation/Application.php(1235): Illuminate\\Foundation\\Console\\Kernel->handle(Object(Symfony\\Component\\Console\\Input\\ArgvInput), Object(Symfony\\Component\\Console\\Output\\ConsoleOutput))
#5 /var/www/artisan(13): Illuminate\\Foundation\\Application->handleCommand(Object(Symfony\\Component\\Console\\Input\\ArgvInput))
#6 {main}
"} 
[2026-06-06 06:15:11] local.ERROR: Unable to detect application namespace. {"exception":"[object] (RuntimeException(code: 0): Unable to detect application namespace. at /var/www/vendor/laravel/framework/src/Illuminate/Foundation/Application.php:1717)
[stacktrace]
#0 /var/www/vendor/laravel/framework/src/Illuminate/Foundation/Console/Kernel.php(368): Illuminate\\Foundation\\Application->getNamespace()
#1 /var/www/vendor/laravel/framework/src/Illuminate/Foundation/Console/Kernel.php(498): Illuminate\\Foundation\\Console\\Kernel->load(Array)
#2 /var/www/vendor/laravel/framework/src/Illuminate/Foundation/Console/Kernel.php(483): Illuminate\\Foundation\\Console\\Kernel->discoverCommands()
#3 /var/www/vendor/laravel/framework/src/Illuminate/Foundation/Console/Kernel.php(196): Illuminate\\Foundation\\Console\\Kernel->bootstrap()
#4 /var/www/vendor/laravel/framework/src/Illuminate/Foundation/Application.php(1235): Illuminate\\Foundation\\Console\\Kernel->handle(Object(Symfony\\Component\\Console\\Input\\ArgvInput), Object(Symfony\\Component\\Console\\Output\\ConsoleOutput))
#5 /var/www/artisan(13): Illuminate\\Foundation\\Application->handleCommand(Object(Symfony\\Component\\Console\\Input\\ArgvInput))
#6 {main}
"} 
[2026-06-06 06:16:14] local.ERROR: Unable to detect application namespace. {"exception":"[object] (RuntimeException(code: 0): Unable to detect application namespace. at /var/www/vendor/laravel/framework/src/Illuminate/Foundation/Application.php:1717)
[stacktrace]
#0 /var/www/vendor/laravel/framework/src/Illuminate/Foundation/Console/Kernel.php(368): Illuminate\\Foundation\\Application->getNamespace()
#1 /var/www/vendor/laravel/framework/src/Illuminate/Foundation/Console/Kernel.php(498): Illuminate\\Foundation\\Console\\Kernel->load(Array)
#2 /var/www/vendor/laravel/framework/src/Illuminate/Foundation/Console/Kernel.php(483): Illuminate\\Foundation\\Console\\Kernel->discoverCommands()
#3 /var/www/vendor/laravel/framework/src/Illuminate/Foundation/Console/Kernel.php(196): Illuminate\\Foundation\\Console\\Kernel->bootstrap()
#4 /var/www/vendor/laravel/framework/src/Illuminate/Foundation/Application.php(1235): Illuminate\\Foundation\\Console\\Kernel->handle(Object(Symfony\\Component\\Console\\Input\\ArgvInput), Object(Symfony\\Component\\Console\\Output\\ConsoleOutput))
#5 /var/www/artisan(13): Illuminate\\Foundation\\Application->handleCommand(Object(Symfony\\Component\\Console\\Input\\ArgvInput))
#6 {main}
"} 
[2026-06-06 06:17:18] local.ERROR: Unable to detect application namespace. {"exception":"[object] (RuntimeException(code: 0): Unable to detect application namespace. at /var/www/vendor/laravel/framework/src/Illuminate/Foundation/Application.php:1717)
[stacktrace]
#0 /var/www/vendor/laravel/framework/src/Illuminate/Foundation/Console/Kernel.php(368): Illuminate\\Foundation\\Application->getNamespace()
#1 /var/www/vendor/laravel/framework/src/Illuminate/Foundation/Console/Kernel.php(498): Illuminate\\Foundation\\Console\\Kernel->load(Array)
#2 /var/www/vendor/laravel/framework/src/Illuminate/Foundation/Console/Kernel.php(483): Illuminate\\Foundation\\Console\\Kernel->discoverCommands()
#3 /var/www/vendor/laravel/framework/src/Illuminate/Foundation/Console/Kernel.php(196): Illuminate\\Foundation\\Console\\Kernel->bootstrap()
#4 /var/www/vendor/laravel/framework/src/Illuminate/Foundation/Application.php(1235): Illuminate\\Foundation\\Console\\Kernel->handle(Object(Symfony\\Component\\Console\\Input\\ArgvInput), Object(Symfony\\Component\\Console\\Output\\ConsoleOutput))
#5 /var/www/artisan(13): Illuminate\\Foundation\\Application->handleCommand(Object(Symfony\\Component\\Console\\Input\\ArgvInput))
#6 {main}
"} 
[2026-06-06 06:18:21] local.ERROR: Unable to detect application namespace. {"exception":"[object] (RuntimeException(code: 0): Unable to detect application namespace. at /var/www/vendor/laravel/framework/src/Illuminate/Foundation/Application.php:1717)
[stacktrace]
#0 /var/www/vendor/laravel/framework/src/Illuminate/Foundation/Console/Kernel.php(368): Illuminate\\Foundation\\Application->getNamespace()
#1 /var/www/vendor/laravel/framework/src/Illuminate/Foundation/Console/Kernel.php(498): Illuminate\\Foundation\\Console\\Kernel->load(Array)
#2 /var/www/vendor/laravel/framework/src/Illuminate/Foundation/Console/Kernel.php(483): Illuminate\\Foundation\\Console\\Kernel->discoverCommands()
#3 /var/www/vendor/laravel/framework/src/Illuminate/Foundation/Console/Kernel.php(196): Illuminate\\Foundation\\Console\\Kernel->bootstrap()
#4 /var/www/vendor/laravel/framework/src/Illuminate/Foundation/Application.php(1235): Illuminate\\Foundation\\Console\\Kernel->handle(Object(Symfony\\Component\\Console\\Input\\ArgvInput), Object(Symfony\\Component\\Console\\Output\\ConsoleOutput))
#5 /var/www/artisan(13): Illuminate\\Foundation\\Application->handleCommand(Object(Symfony\\Component\\Console\\Input\\ArgvInput))
#6 {main}
"} 
[2026-06-06 06:19:24] local.ERROR: Unable to detect application namespace. {"exception":"[object] (RuntimeException(code: 0): Unable to detect application namespace. at /var/www/vendor/laravel/framework/src/Illuminate/Foundation/Application.php:1717)
[stacktrace]
#0 /var/www/vendor/laravel/framework/src/Illuminate/Foundation/Console/Kernel.php(368): Illuminate\\Foundation\\Application->getNamespace()
#1 /var/www/vendor/laravel/framework/src/Illuminate/Foundation/Console/Kernel.php(498): Illuminate\\Foundation\\Console\\Kernel->load(Array)
#2 /var/www/vendor/laravel/framework/src/Illuminate/Foundation/Console/Kernel.php(483): Illuminate\\Foundation\\Console\\Kernel->discoverCommands()
#3 /var/www/vendor/laravel/framework/src/Illuminate/Foundation/Console/Kernel.php(196): Illuminate\\Foundation\\Console\\Kernel->bootstrap()
#4 /var/www/vendor/laravel/framework/src/Illuminate/Foundation/Application.php(1235): Illuminate\\Foundation\\Console\\Kernel->handle(Object(Symfony\\Component\\Console\\Input\\ArgvInput), Object(Symfony\\Component\\Console\\Output\\ConsoleOutput))
#5 /var/www/artisan(13): Illuminate\\Foundation\\Application->handleCommand(Object(Symfony\\Component\\Console\\Input\\ArgvInput))
#6 {main}
"} 
[2026-06-06 06:20:27] local.ERROR: Unable to detect application namespace. {"exception":"[object] (RuntimeException(code: 0): Unable to detect application namespace. at /var/www/vendor/laravel/framework/src/Illuminate/Foundation/Application.php:1717)
[stacktrace]
#0 /var/www/vendor/laravel/framework/src/Illuminate/Foundation/Console/Kernel.php(368): Illuminate\\Foundation\\Application->getNamespace()
#1 /var/www/vendor/laravel/framework/src/Illuminate/Foundation/Console/Kernel.php(498): Illuminate\\Foundation\\Console\\Kernel->load(Array)
#2 /var/www/vendor/laravel/framework/src/Illuminate/Foundation/Console/Kernel.php(483): Illuminate\\Foundation\\Console\\Kernel->discoverCommands()
#3 /var/www/vendor/laravel/framework/src/Illuminate/Foundation/Console/Kernel.php(196): Illuminate\\Foundation\\Console\\Kernel->bootstrap()
#4 /var/www/vendor/laravel/framework/src/Illuminate/Foundation/Application.php(1235): Illuminate\\Foundation\\Console\\Kernel->handle(Object(Symfony\\Component\\Console\\Input\\ArgvInput), Object(Symfony\\Component\\Console\\Output\\ConsoleOutput))
#5 /var/www/artisan(13): Illuminate\\Foundation\\Application->handleCommand(Object(Symfony\\Component\\Console\\Input\\ArgvInput))
#6 {main}
"} 
[2026-06-06 06:21:31] local.ERROR: Unable to detect application namespace. {"exception":"[object] (RuntimeException(code: 0): Unable to detect application namespace. at /var/www/vendor/laravel/framework/src/Illuminate/Foundation/Application.php:1717)
[stacktrace]
#0 /var/www/vendor/laravel/framework/src/Illuminate/Foundation/Console/Kernel.php(368): Illuminate\\Foundation\\Application->getNamespace()
#1 /var/www/vendor/laravel/framework/src/Illuminate/Foundation/Console/Kernel.php(498): Illuminate\\Foundation\\Console\\Kernel->load(Array)
#2 /var/www/vendor/laravel/framework/src/Illuminate/Foundation/Console/Kernel.php(483): Illuminate\\Foundation\\Console\\Kernel->discoverCommands()
#3 /var/www/vendor/laravel/framework/src/Illuminate/Foundation/Console/Kernel.php(196): Illuminate\\Foundation\\Console\\Kernel->bootstrap()
#4 /var/www/vendor/laravel/framework/src/Illuminate/Foundation/Application.php(1235): Illuminate\\Foundation\\Console\\Kernel->handle(Object(Symfony\\Component\\Console\\Input\\ArgvInput), Object(Symfony\\Component\\Console\\Output\\ConsoleOutput))
#5 /var/www/artisan(13): Illuminate\\Foundation\\Application->handleCommand(Object(Symfony\\Component\\Console\\Input\\ArgvInput))
#6 {main}
"} 
[2026-06-06 06:22:34] local.ERROR: Unable to detect application namespace. {"exception":"[object] (RuntimeException(code: 0): Unable to detect application namespace. at /var/www/vendor/laravel/framework/src/Illuminate/Foundation/Application.php:1717)
[stacktrace]
#0 /var/www/vendor/laravel/framework/src/Illuminate/Foundation/Console/Kernel.php(368): Illuminate\\Foundation\\Application->getNamespace()
#1 /var/www/vendor/laravel/framework/src/Illuminate/Foundation/Console/Kernel.php(498): Illuminate\\Foundation\\Console\\Kernel->load(Array)
#2 /var/www/vendor/laravel/framework/src/Illuminate/Foundation/Console/Kernel.php(483): Illuminate\\Foundation\\Console\\Kernel->discoverCommands()
#3 /var/www/vendor/laravel/framework/src/Illuminate/Foundation/Console/Kernel.php(196): Illuminate\\Foundation\\Console\\Kernel->bootstrap()
#4 /var/www/vendor/laravel/framework/src/Illuminate/Foundation/Application.php(1235): Illuminate\\Foundation\\Console\\Kernel->handle(Object(Symfony\\Component\\Console\\Input\\ArgvInput), Object(Symfony\\Component\\Console\\Output\\ConsoleOutput))
#5 /var/www/artisan(13): Illuminate\\Foundation\\Application->handleCommand(Object(Symfony\\Component\\Console\\Input\\ArgvInput))
#6 {main}
"} 
[2026-06-06 06:23:37] local.ERROR: Unable to detect application namespace. {"exception":"[object] (RuntimeException(code: 0): Unable to detect application namespace. at /var/www/vendor/laravel/framework/src/Illuminate/Foundation/Application.php:1717)
[stacktrace]
#0 /var/www/vendor/laravel/framework/src/Illuminate/Foundation/Console/Kernel.php(368): Illuminate\\Foundation\\Application->getNamespace()
#1 /var/www/vendor/laravel/framework/src/Illuminate/Foundation/Console/Kernel.php(498): Illuminate\\Foundation\\Console\\Kernel->load(Array)
#2 /var/www/vendor/laravel/framework/src/Illuminate/Foundation/Console/Kernel.php(483): Illuminate\\Foundation\\Console\\Kernel->discoverCommands()
#3 /var/www/vendor/laravel/framework/src/Illuminate/Foundation/Console/Kernel.php(196): Illuminate\\Foundation\\Console\\Kernel->bootstrap()
#4 /var/www/vendor/laravel/framework/src/Illuminate/Foundation/Application.php(1235): Illuminate\\Foundation\\Console\\Kernel->handle(Object(Symfony\\Component\\Console\\Input\\ArgvInput), Object(Symfony\\Component\\Console\\Output\\ConsoleOutput))
#5 /var/www/artisan(13): Illuminate\\Foundation\\Application->handleCommand(Object(Symfony\\Component\\Console\\Input\\ArgvInput))
#6 {main}
"} 
[2026-06-06 06:24:41] local.ERROR: Unable to detect application namespace. {"exception":"[object] (RuntimeException(code: 0): Unable to detect application namespace. at /var/www/vendor/laravel/framework/src/Illuminate/Foundation/Application.php:1717)
[stacktrace]
#0 /var/www/vendor/laravel/framework/src/Illuminate/Foundation/Console/Kernel.php(368): Illuminate\\Foundation\\Application->getNamespace()
#1 /var/www/vendor/laravel/framework/src/Illuminate/Foundation/Console/Kernel.php(498): Illuminate\\Foundation\\Console\\Kernel->load(Array)
#2 /var/www/vendor/laravel/framework/src/Illuminate/Foundation/Console/Kernel.php(483): Illuminate\\Foundation\\Console\\Kernel->discoverCommands()
#3 /var/www/vendor/laravel/framework/src/Illuminate/Foundation/Console/Kernel.php(196): Illuminate\\Foundation\\Console\\Kernel->bootstrap()
#4 /var/www/vendor/laravel/framework/src/Illuminate/Foundation/Application.php(1235): Illuminate\\Foundation\\Console\\Kernel->handle(Object(Symfony\\Component\\Console\\Input\\ArgvInput), Object(Symfony\\Component\\Console\\Output\\ConsoleOutput))
#5 /var/www/artisan(13): Illuminate\\Foundation\\Application->handleCommand(Object(Symfony\\Component\\Console\\Input\\ArgvInput))
#6 {main}
"} 
[2026-06-06 06:25:44] local.ERROR: Unable to detect application namespace. {"exception":"[object] (RuntimeException(code: 0): Unable to detect application namespace. at /var/www/vendor/laravel/framework/src/Illuminate/Foundation/Application.php:1717)
[stacktrace]
#0 /var/www/vendor/laravel/framework/src/Illuminate/Foundation/Console/Kernel.php(368): Illuminate\\Foundation\\Application->getNamespace()
#1 /var/www/vendor/laravel/framework/src/Illuminate/Foundation/Console/Kernel.php(498): Illuminate\\Foundation\\Console\\Kernel->load(Array)
#2 /var/www/vendor/laravel/framework/src/Illuminate/Foundation/Console/Kernel.php(483): Illuminate\\Foundation\\Console\\Kernel->discoverCommands()
#3 /var/www/vendor/laravel/framework/src/Illuminate/Foundation/Console/Kernel.php(196): Illuminate\\Foundation\\Console\\Kernel->bootstrap()
#4 /var/www/vendor/laravel/framework/src/Illuminate/Foundation/Application.php(1235): Illuminate\\Foundation\\Console\\Kernel->handle(Object(Symfony\\Component\\Console\\Input\\ArgvInput), Object(Symfony\\Component\\Console\\Output\\ConsoleOutput))
#5 /var/www/artisan(13): Illuminate\\Foundation\\Application->handleCommand(Object(Symfony\\Component\\Console\\Input\\ArgvInput))
#6 {main}
"} 
[2026-06-06 06:26:47] local.ERROR: Unable to detect application namespace. {"exception":"[object] (RuntimeException(code: 0): Unable to detect application namespace. at /var/www/vendor/laravel/framework/src/Illuminate/Foundation/Application.php:1717)
[stacktrace]
#0 /var/www/vendor/laravel/framework/src/Illuminate/Foundation/Console/Kernel.php(368): Illuminate\\Foundation\\Application->getNamespace()
#1 /var/www/vendor/laravel/framework/src/Illuminate/Foundation/Console/Kernel.php(498): Illuminate\\Foundation\\Console\\Kernel->load(Array)
#2 /var/www/vendor/laravel/framework/src/Illuminate/Foundation/Console/Kernel.php(483): Illuminate\\Foundation\\Console\\Kernel->discoverCommands()
#3 /var/www/vendor/laravel/framework/src/Illuminate/Foundation/Console/Kernel.php(196): Illuminate\\Foundation\\Console\\Kernel->bootstrap()
#4 /var/www/vendor/laravel/framework/src/Illuminate/Foundation/Application.php(1235): Illuminate\\Foundation\\Console\\Kernel->handle(Object(Symfony\\Component\\Console\\Input\\ArgvInput), Object(Symfony\\Component\\Console\\Output\\ConsoleOutput))
#5 /var/www/artisan(13): Illuminate\\Foundation\\Application->handleCommand(Object(Symfony\\Component\\Console\\Input\\ArgvInput))
#6 {main}
"} 
[2026-06-06 06:27:50] local.ERROR: Unable to detect application namespace. {"exception":"[object] (RuntimeException(code: 0): Unable to detect application namespace. at /var/www/vendor/laravel/framework/src/Illuminate/Foundation/Application.php:1717)
[stacktrace]
#0 /var/www/vendor/laravel/framework/src/Illuminate/Foundation/Console/Kernel.php(368): Illuminate\\Foundation\\Application->getNamespace()
#1 /var/www/vendor/laravel/framework/src/Illuminate/Foundation/Console/Kernel.php(498): Illuminate\\Foundation\\Console\\Kernel->load(Array)
#2 /var/www/vendor/laravel/framework/src/Illuminate/Foundation/Console/Kernel.php(483): Illuminate\\Foundation\\Console\\Kernel->discoverCommands()
#3 /var/www/vendor/laravel/framework/src/Illuminate/Foundation/Console/Kernel.php(196): Illuminate\\Foundation\\Console\\Kernel->bootstrap()
#4 /var/www/vendor/laravel/framework/src/Illuminate/Foundation/Application.php(1235): Illuminate\\Foundation\\Console\\Kernel->handle(Object(Symfony\\Component\\Console\\Input\\ArgvInput), Object(Symfony\\Component\\Console\\Output\\ConsoleOutput))
#5 /var/www/artisan(13): Illuminate\\Foundation\\Application->handleCommand(Object(Symfony\\Component\\Console\\Input\\ArgvInput))
#6 {main}
"} 
[2026-06-06 06:28:54] local.ERROR: Unable to detect application namespace. {"exception":"[object] (RuntimeException(code: 0): Unable to detect application namespace. at /var/www/vendor/laravel/framework/src/Illuminate/Foundation/Application.php:1717)
[stacktrace]
#0 /var/www/vendor/laravel/framework/src/Illuminate/Foundation/Console/Kernel.php(368): Illuminate\\Foundation\\Application->getNamespace()
#1 /var/www/vendor/laravel/framework/src/Illuminate/Foundation/Console/Kernel.php(498): Illuminate\\Foundation\\Console\\Kernel->load(Array)
#2 /var/www/vendor/laravel/framework/src/Illuminate/Foundation/Console/Kernel.php(483): Illuminate\\Foundation\\Console\\Kernel->discoverCommands()
#3 /var/www/vendor/laravel/framework/src/Illuminate/Foundation/Console/Kernel.php(196): Illuminate\\Foundation\\Console\\Kernel->bootstrap()
#4 /var/www/vendor/laravel/framework/src/Illuminate/Foundation/Application.php(1235): Illuminate\\Foundation\\Console\\Kernel->handle(Object(Symfony\\Component\\Console\\Input\\ArgvInput), Object(Symfony\\Component\\Console\\Output\\ConsoleOutput))
#5 /var/www/artisan(13): Illuminate\\Foundation\\Application->handleCommand(Object(Symfony\\Component\\Console\\Input\\ArgvInput))
#6 {main}
"} 
[2026-06-06 06:29:57] local.ERROR: Unable to detect application namespace. {"exception":"[object] (RuntimeException(code: 0): Unable to detect application namespace. at /var/www/vendor/laravel/framework/src/Illuminate/Foundation/Application.php:1717)
[stacktrace]
#0 /var/www/vendor/laravel/framework/src/Illuminate/Foundation/Console/Kernel.php(368): Illuminate\\Foundation\\Application->getNamespace()
#1 /var/www/vendor/laravel/framework/src/Illuminate/Foundation/Console/Kernel.php(498): Illuminate\\Foundation\\Console\\Kernel->load(Array)
#2 /var/www/vendor/laravel/framework/src/Illuminate/Foundation/Console/Kernel.php(483): Illuminate\\Foundation\\Console\\Kernel->discoverCommands()
#3 /var/www/vendor/laravel/framework/src/Illuminate/Foundation/Console/Kernel.php(196): Illuminate\\Foundation\\Console\\Kernel->bootstrap()
#4 /var/www/vendor/laravel/framework/src/Illuminate/Foundation/Application.php(1235): Illuminate\\Foundation\\Console\\Kernel->handle(Object(Symfony\\Component\\Console\\Input\\ArgvInput), Object(Symfony\\Component\\Console\\Output\\ConsoleOutput))
#5 /var/www/artisan(13): Illuminate\\Foundation\\Application->handleCommand(Object(Symfony\\Component\\Console\\Input\\ArgvInput))
#6 {main}
"} 
[2026-06-06 06:31:00] local.ERROR: Unable to detect application namespace. {"exception":"[object] (RuntimeException(code: 0): Unable to detect application namespace. at /var/www/vendor/laravel/framework/src/Illuminate/Foundation/Application.php:1717)
[stacktrace]
#0 /var/www/vendor/laravel/framework/src/Illuminate/Foundation/Console/Kernel.php(368): Illuminate\\Foundation\\Application->getNamespace()
#1 /var/www/vendor/laravel/framework/src/Illuminate/Foundation/Console/Kernel.php(498): Illuminate\\Foundation\\Console\\Kernel->load(Array)
#2 /var/www/vendor/laravel/framework/src/Illuminate/Foundation/Console/Kernel.php(483): Illuminate\\Foundation\\Console\\Kernel->discoverCommands()
#3 /var/www/vendor/laravel/framework/src/Illuminate/Foundation/Console/Kernel.php(196): Illuminate\\Foundation\\Console\\Kernel->bootstrap()
#4 /var/www/vendor/laravel/framework/src/Illuminate/Foundation/Application.php(1235): Illuminate\\Foundation\\Console\\Kernel->handle(Object(Symfony\\Component\\Console\\Input\\ArgvInput), Object(Symfony\\Component\\Console\\Output\\ConsoleOutput))
#5 /var/www/artisan(13): Illuminate\\Foundation\\Application->handleCommand(Object(Symfony\\Component\\Console\\Input\\ArgvInput))
#6 {main}
"} 
[2026-06-06 06:32:04] local.ERROR: Unable to detect application namespace. {"exception":"[object] (RuntimeException(code: 0): Unable to detect application namespace. at /var/www/vendor/laravel/framework/src/Illuminate/Foundation/Application.php:1717)
[stacktrace]
#0 /var/www/vendor/laravel/framework/src/Illuminate/Foundation/Console/Kernel.php(368): Illuminate\\Foundation\\Application->getNamespace()
#1 /var/www/vendor/laravel/framework/src/Illuminate/Foundation/Console/Kernel.php(498): Illuminate\\Foundation\\Console\\Kernel->load(Array)
#2 /var/www/vendor/laravel/framework/src/Illuminate/Foundation/Console/Kernel.php(483): Illuminate\\Foundation\\Console\\Kernel->discoverCommands()
#3 /var/www/vendor/laravel/framework/src/Illuminate/Foundation/Console/Kernel.php(196): Illuminate\\Foundation\\Console\\Kernel->bootstrap()
#4 /var/www/vendor/laravel/framework/src/Illuminate/Foundation/Application.php(1235): Illuminate\\Foundation\\Console\\Kernel->handle(Object(Symfony\\Component\\Console\\Input\\ArgvInput), Object(Symfony\\Component\\Console\\Output\\ConsoleOutput))
#5 /var/www/artisan(13): Illuminate\\Foundation\\Application->handleCommand(Object(Symfony\\Component\\Console\\Input\\ArgvInput))
#6 {main}
"} 
[2026-06-06 06:33:07] local.ERROR: Unable to detect application namespace. {"exception":"[object] (RuntimeException(code: 0): Unable to detect application namespace. at /var/www/vendor/laravel/framework/src/Illuminate/Foundation/Application.php:1717)
[stacktrace]
#0 /var/www/vendor/laravel/framework/src/Illuminate/Foundation/Console/Kernel.php(368): Illuminate\\Foundation\\Application->getNamespace()
#1 /var/www/vendor/laravel/framework/src/Illuminate/Foundation/Console/Kernel.php(498): Illuminate\\Foundation\\Console\\Kernel->load(Array)
#2 /var/www/vendor/laravel/framework/src/Illuminate/Foundation/Console/Kernel.php(483): Illuminate\\Foundation\\Console\\Kernel->discoverCommands()
#3 /var/www/vendor/laravel/framework/src/Illuminate/Foundation/Console/Kernel.php(196): Illuminate\\Foundation\\Console\\Kernel->bootstrap()
#4 /var/www/vendor/laravel/framework/src/Illuminate/Foundation/Application.php(1235): Illuminate\\Foundation\\Console\\Kernel->handle(Object(Symfony\\Component\\Console\\Input\\ArgvInput), Object(Symfony\\Component\\Console\\Output\\ConsoleOutput))
#5 /var/www/artisan(13): Illuminate\\Foundation\\Application->handleCommand(Object(Symfony\\Component\\Console\\Input\\ArgvInput))
#6 {main}
"} 
[2026-06-06 06:34:10] local.ERROR: Unable to detect application namespace. {"exception":"[object] (RuntimeException(code: 0): Unable to detect application namespace. at /var/www/vendor/laravel/framework/src/Illuminate/Foundation/Application.php:1717)
[stacktrace]
#0 /var/www/vendor/laravel/framework/src/Illuminate/Foundation/Console/Kernel.php(368): Illuminate\\Foundation\\Application->getNamespace()
#1 /var/www/vendor/laravel/framework/src/Illuminate/Foundation/Console/Kernel.php(498): Illuminate\\Foundation\\Console\\Kernel->load(Array)
#2 /var/www/vendor/laravel/framework/src/Illuminate/Foundation/Console/Kernel.php(483): Illuminate\\Foundation\\Console\\Kernel->discoverCommands()
#3 /var/www/vendor/laravel/framework/src/Illuminate/Foundation/Console/Kernel.php(196): Illuminate\\Foundation\\Console\\Kernel->bootstrap()
#4 /var/www/vendor/laravel/framework/src/Illuminate/Foundation/Application.php(1235): Illuminate\\Foundation\\Console\\Kernel->handle(Object(Symfony\\Component\\Console\\Input\\ArgvInput), Object(Symfony\\Component\\Console\\Output\\ConsoleOutput))
#5 /var/www/artisan(13): Illuminate\\Foundation\\Application->handleCommand(Object(Symfony\\Component\\Console\\Input\\ArgvInput))
#6 {main}
"} 
[2026-06-06 06:35:14] local.ERROR: Unable to detect application namespace. {"exception":"[object] (RuntimeException(code: 0): Unable to detect application namespace. at /var/www/vendor/laravel/framework/src/Illuminate/Foundation/Application.php:1717)
[stacktrace]
#0 /var/www/vendor/laravel/framework/src/Illuminate/Foundation/Console/Kernel.php(368): Illuminate\\Foundation\\Application->getNamespace()
#1 /var/www/vendor/laravel/framework/src/Illuminate/Foundation/Console/Kernel.php(498): Illuminate\\Foundation\\Console\\Kernel->load(Array)
#2 /var/www/vendor/laravel/framework/src/Illuminate/Foundation/Console/Kernel.php(483): Illuminate\\Foundation\\Console\\Kernel->discoverCommands()
#3 /var/www/vendor/laravel/framework/src/Illuminate/Foundation/Console/Kernel.php(196): Illuminate\\Foundation\\Console\\Kernel->bootstrap()
#4 /var/www/vendor/laravel/framework/src/Illuminate/Foundation/Application.php(1235): Illuminate\\Foundation\\Console\\Kernel->handle(Object(Symfony\\Component\\Console\\Input\\ArgvInput), Object(Symfony\\Component\\Console\\Output\\ConsoleOutput))
#5 /var/www/artisan(13): Illuminate\\Foundation\\Application->handleCommand(Object(Symfony\\Component\\Console\\Input\\ArgvInput))
#6 {main}
"} 
[2026-06-06 06:36:17] local.ERROR: Unable to detect application namespace. {"exception":"[object] (RuntimeException(code: 0): Unable to detect application namespace. at /var/www/vendor/laravel/framework/src/Illuminate/Foundation/Application.php:1717)
[stacktrace]
#0 /var/www/vendor/laravel/framework/src/Illuminate/Foundation/Console/Kernel.php(368): Illuminate\\Foundation\\Application->getNamespace()
#1 /var/www/vendor/laravel/framework/src/Illuminate/Foundation/Console/Kernel.php(498): Illuminate\\Foundation\\Console\\Kernel->load(Array)
#2 /var/www/vendor/laravel/framework/src/Illuminate/Foundation/Console/Kernel.php(483): Illuminate\\Foundation\\Console\\Kernel->discoverCommands()
#3 /var/www/vendor/laravel/framework/src/Illuminate/Foundation/Console/Kernel.php(196): Illuminate\\Foundation\\Console\\Kernel->bootstrap()
#4 /var/www/vendor/laravel/framework/src/Illuminate/Foundation/Application.php(1235): Illuminate\\Foundation\\Console\\Kernel->handle(Object(Symfony\\Component\\Console\\Input\\ArgvInput), Object(Symfony\\Component\\Console\\Output\\ConsoleOutput))
#5 /var/www/artisan(13): Illuminate\\Foundation\\Application->handleCommand(Object(Symfony\\Component\\Console\\Input\\ArgvInput))
#6 {main}
"} 
[2026-06-06 06:37:20] local.ERROR: Unable to detect application namespace. {"exception":"[object] (RuntimeException(code: 0): Unable to detect application namespace. at /var/www/vendor/laravel/framework/src/Illuminate/Foundation/Application.php:1717)
[stacktrace]
#0 /var/www/vendor/laravel/framework/src/Illuminate/Foundation/Console/Kernel.php(368): Illuminate\\Foundation\\Application->getNamespace()
#1 /var/www/vendor/laravel/framework/src/Illuminate/Foundation/Console/Kernel.php(498): Illuminate\\Foundation\\Console\\Kernel->load(Array)
#2 /var/www/vendor/laravel/framework/src/Illuminate/Foundation/Console/Kernel.php(483): Illuminate\\Foundation\\Console\\Kernel->discoverCommands()
#3 /var/www/vendor/laravel/framework/src/Illuminate/Foundation/Console/Kernel.php(196): Illuminate\\Foundation\\Console\\Kernel->bootstrap()
#4 /var/www/vendor/laravel/framework/src/Illuminate/Foundation/Application.php(1235): Illuminate\\Foundation\\Console\\Kernel->handle(Object(Symfony\\Component\\Console\\Input\\ArgvInput), Object(Symfony\\Component\\Console\\Output\\ConsoleOutput))
#5 /var/www/artisan(13): Illuminate\\Foundation\\Application->handleCommand(Object(Symfony\\Component\\Console\\Input\\ArgvInput))
#6 {main}
"} 
[2026-06-06 06:38:24] local.ERROR: Unable to detect application namespace. {"exception":"[object] (RuntimeException(code: 0): Unable to detect application namespace. at /var/www/vendor/laravel/framework/src/Illuminate/Foundation/Application.php:1717)
[stacktrace]
#0 /var/www/vendor/laravel/framework/src/Illuminate/Foundation/Console/Kernel.php(368): Illuminate\\Foundation\\Application->getNamespace()
#1 /var/www/vendor/laravel/framework/src/Illuminate/Foundation/Console/Kernel.php(498): Illuminate\\Foundation\\Console\\Kernel->load(Array)
#2 /var/www/vendor/laravel/framework/src/Illuminate/Foundation/Console/Kernel.php(483): Illuminate\\Foundation\\Console\\Kernel->discoverCommands()
#3 /var/www/vendor/laravel/framework/src/Illuminate/Foundation/Console/Kernel.php(196): Illuminate\\Foundation\\Console\\Kernel->bootstrap()
#4 /var/www/vendor/laravel/framework/src/Illuminate/Foundation/Application.php(1235): Illuminate\\Foundation\\Console\\Kernel->handle(Object(Symfony\\Component\\Console\\Input\\ArgvInput), Object(Symfony\\Component\\Console\\Output\\ConsoleOutput))
#5 /var/www/artisan(13): Illuminate\\Foundation\\Application->handleCommand(Object(Symfony\\Component\\Console\\Input\\ArgvInput))
#6 {main}
"} 
[2026-06-06 06:39:27] local.ERROR: Unable to detect application namespace. {"exception":"[object] (RuntimeException(code: 0): Unable to detect application namespace. at /var/www/vendor/laravel/framework/src/Illuminate/Foundation/Application.php:1717)
[stacktrace]
#0 /var/www/vendor/laravel/framework/src/Illuminate/Foundation/Console/Kernel.php(368): Illuminate\\Foundation\\Application->getNamespace()
#1 /var/www/vendor/laravel/framework/src/Illuminate/Foundation/Console/Kernel.php(498): Illuminate\\Foundation\\Console\\Kernel->load(Array)
#2 /var/www/vendor/laravel/framework/src/Illuminate/Foundation/Console/Kernel.php(483): Illuminate\\Foundation\\Console\\Kernel->discoverCommands()
#3 /var/www/vendor/laravel/framework/src/Illuminate/Foundation/Console/Kernel.php(196): Illuminate\\Foundation\\Console\\Kernel->bootstrap()
#4 /var/www/vendor/laravel/framework/src/Illuminate/Foundation/Application.php(1235): Illuminate\\Foundation\\Console\\Kernel->handle(Object(Symfony\\Component\\Console\\Input\\ArgvInput), Object(Symfony\\Component\\Console\\Output\\ConsoleOutput))
#5 /var/www/artisan(13): Illuminate\\Foundation\\Application->handleCommand(Object(Symfony\\Component\\Console\\Input\\ArgvInput))
#6 {main}
"} 
[2026-06-06 06:40:30] local.ERROR: Unable to detect application namespace. {"exception":"[object] (RuntimeException(code: 0): Unable to detect application namespace. at /var/www/vendor/laravel/framework/src/Illuminate/Foundation/Application.php:1717)
[stacktrace]
#0 /var/www/vendor/laravel/framework/src/Illuminate/Foundation/Console/Kernel.php(368): Illuminate\\Foundation\\Application->getNamespace()
#1 /var/www/vendor/laravel/framework/src/Illuminate/Foundation/Console/Kernel.php(498): Illuminate\\Foundation\\Console\\Kernel->load(Array)
#2 /var/www/vendor/laravel/framework/src/Illuminate/Foundation/Console/Kernel.php(483): Illuminate\\Foundation\\Console\\Kernel->discoverCommands()
#3 /var/www/vendor/laravel/framework/src/Illuminate/Foundation/Console/Kernel.php(196): Illuminate\\Foundation\\Console\\Kernel->bootstrap()
#4 /var/www/vendor/laravel/framework/src/Illuminate/Foundation/Application.php(1235): Illuminate\\Foundation\\Console\\Kernel->handle(Object(Symfony\\Component\\Console\\Input\\ArgvInput), Object(Symfony\\Component\\Console\\Output\\ConsoleOutput))
#5 /var/www/artisan(13): Illuminate\\Foundation\\Application->handleCommand(Object(Symfony\\Component\\Console\\Input\\ArgvInput))
#6 {main}
"} 
[2026-06-06 06:41:34] local.ERROR: Unable to detect application namespace. {"exception":"[object] (RuntimeException(code: 0): Unable to detect application namespace. at /var/www/vendor/laravel/framework/src/Illuminate/Foundation/Application.php:1717)
[stacktrace]
#0 /var/www/vendor/laravel/framework/src/Illuminate/Foundation/Console/Kernel.php(368): Illuminate\\Foundation\\Application->getNamespace()
#1 /var/www/vendor/laravel/framework/src/Illuminate/Foundation/Console/Kernel.php(498): Illuminate\\Foundation\\Console\\Kernel->load(Array)
#2 /var/www/vendor/laravel/framework/src/Illuminate/Foundation/Console/Kernel.php(483): Illuminate\\Foundation\\Console\\Kernel->discoverCommands()
#3 /var/www/vendor/laravel/framework/src/Illuminate/Foundation/Console/Kernel.php(196): Illuminate\\Foundation\\Console\\Kernel->bootstrap()
#4 /var/www/vendor/laravel/framework/src/Illuminate/Foundation/Application.php(1235): Illuminate\\Foundation\\Console\\Kernel->handle(Object(Symfony\\Component\\Console\\Input\\ArgvInput), Object(Symfony\\Component\\Console\\Output\\ConsoleOutput))
#5 /var/www/artisan(13): Illuminate\\Foundation\\Application->handleCommand(Object(Symfony\\Component\\Console\\Input\\ArgvInput))
#6 {main}
"} 
[2026-06-06 06:42:37] local.ERROR: Unable to detect application namespace. {"exception":"[object] (RuntimeException(code: 0): Unable to detect application namespace. at /var/www/vendor/laravel/framework/src/Illuminate/Foundation/Application.php:1717)
[stacktrace]
#0 /var/www/vendor/laravel/framework/src/Illuminate/Foundation/Console/Kernel.php(368): Illuminate\\Foundation\\Application->getNamespace()
#1 /var/www/vendor/laravel/framework/src/Illuminate/Foundation/Console/Kernel.php(498): Illuminate\\Foundation\\Console\\Kernel->load(Array)
#2 /var/www/vendor/laravel/framework/src/Illuminate/Foundation/Console/Kernel.php(483): Illuminate\\Foundation\\Console\\Kernel->discoverCommands()
#3 /var/www/vendor/laravel/framework/src/Illuminate/Foundation/Console/Kernel.php(196): Illuminate\\Foundation\\Console\\Kernel->bootstrap()
#4 /var/www/vendor/laravel/framework/src/Illuminate/Foundation/Application.php(1235): Illuminate\\Foundation\\Console\\Kernel->handle(Object(Symfony\\Component\\Console\\Input\\ArgvInput), Object(Symfony\\Component\\Console\\Output\\ConsoleOutput))
#5 /var/www/artisan(13): Illuminate\\Foundation\\Application->handleCommand(Object(Symfony\\Component\\Console\\Input\\ArgvInput))
#6 {main}
"} 
[2026-06-06 06:43:40] local.ERROR: Unable to detect application namespace. {"exception":"[object] (RuntimeException(code: 0): Unable to detect application namespace. at /var/www/vendor/laravel/framework/src/Illuminate/Foundation/Application.php:1717)
[stacktrace]
#0 /var/www/vendor/laravel/framework/src/Illuminate/Foundation/Console/Kernel.php(368): Illuminate\\Foundation\\Application->getNamespace()
#1 /var/www/vendor/laravel/framework/src/Illuminate/Foundation/Console/Kernel.php(498): Illuminate\\Foundation\\Console\\Kernel->load(Array)
#2 /var/www/vendor/laravel/framework/src/Illuminate/Foundation/Console/Kernel.php(483): Illuminate\\Foundation\\Console\\Kernel->discoverCommands()
#3 /var/www/vendor/laravel/framework/src/Illuminate/Foundation/Console/Kernel.php(196): Illuminate\\Foundation\\Console\\Kernel->bootstrap()
#4 /var/www/vendor/laravel/framework/src/Illuminate/Foundation/Application.php(1235): Illuminate\\Foundation\\Console\\Kernel->handle(Object(Symfony\\Component\\Console\\Input\\ArgvInput), Object(Symfony\\Component\\Console\\Output\\ConsoleOutput))
#5 /var/www/artisan(13): Illuminate\\Foundation\\Application->handleCommand(Object(Symfony\\Component\\Console\\Input\\ArgvInput))
#6 {main}
"} 
[2026-06-06 06:44:43] local.ERROR: Unable to detect application namespace. {"exception":"[object] (RuntimeException(code: 0): Unable to detect application namespace. at /var/www/vendor/laravel/framework/src/Illuminate/Foundation/Application.php:1717)
[stacktrace]
#0 /var/www/vendor/laravel/framework/src/Illuminate/Foundation/Console/Kernel.php(368): Illuminate\\Foundation\\Application->getNamespace()
#1 /var/www/vendor/laravel/framework/src/Illuminate/Foundation/Console/Kernel.php(498): Illuminate\\Foundation\\Console\\Kernel->load(Array)
#2 /var/www/vendor/laravel/framework/src/Illuminate/Foundation/Console/Kernel.php(483): Illuminate\\Foundation\\Console\\Kernel->discoverCommands()
#3 /var/www/vendor/laravel/framework/src/Illuminate/Foundation/Console/Kernel.php(196): Illuminate\\Foundation\\Console\\Kernel->bootstrap()
#4 /var/www/vendor/laravel/framework/src/Illuminate/Foundation/Application.php(1235): Illuminate\\Foundation\\Console\\Kernel->handle(Object(Symfony\\Component\\Console\\Input\\ArgvInput), Object(Symfony\\Component\\Console\\Output\\ConsoleOutput))
#5 /var/www/artisan(13): Illuminate\\Foundation\\Application->handleCommand(Object(Symfony\\Component\\Console\\Input\\ArgvInput))
#6 {main}
"} 
[2026-06-06 06:45:47] local.ERROR: Unable to detect application namespace. {"exception":"[object] (RuntimeException(code: 0): Unable to detect application namespace. at /var/www/vendor/laravel/framework/src/Illuminate/Foundation/Application.php:1717)
[stacktrace]
#0 /var/www/vendor/laravel/framework/src/Illuminate/Foundation/Console/Kernel.php(368): Illuminate\\Foundation\\Application->getNamespace()
#1 /var/www/vendor/laravel/framework/src/Illuminate/Foundation/Console/Kernel.php(498): Illuminate\\Foundation\\Console\\Kernel->load(Array)
#2 /var/www/vendor/laravel/framework/src/Illuminate/Foundation/Console/Kernel.php(483): Illuminate\\Foundation\\Console\\Kernel->discoverCommands()
#3 /var/www/vendor/laravel/framework/src/Illuminate/Foundation/Console/Kernel.php(196): Illuminate\\Foundation\\Console\\Kernel->bootstrap()
#4 /var/www/vendor/laravel/framework/src/Illuminate/Foundation/Application.php(1235): Illuminate\\Foundation\\Console\\Kernel->handle(Object(Symfony\\Component\\Console\\Input\\ArgvInput), Object(Symfony\\Component\\Console\\Output\\ConsoleOutput))
#5 /var/www/artisan(13): Illuminate\\Foundation\\Application->handleCommand(Object(Symfony\\Component\\Console\\Input\\ArgvInput))
#6 {main}
"} 
[2026-06-06 06:46:50] local.ERROR: Unable to detect application namespace. {"exception":"[object] (RuntimeException(code: 0): Unable to detect application namespace. at /var/www/vendor/laravel/framework/src/Illuminate/Foundation/Application.php:1717)
[stacktrace]
#0 /var/www/vendor/laravel/framework/src/Illuminate/Foundation/Console/Kernel.php(368): Illuminate\\Foundation\\Application->getNamespace()
#1 /var/www/vendor/laravel/framework/src/Illuminate/Foundation/Console/Kernel.php(498): Illuminate\\Foundation\\Console\\Kernel->load(Array)
#2 /var/www/vendor/laravel/framework/src/Illuminate/Foundation/Console/Kernel.php(483): Illuminate\\Foundation\\Console\\Kernel->discoverCommands()
#3 /var/www/vendor/laravel/framework/src/Illuminate/Foundation/Console/Kernel.php(196): Illuminate\\Foundation\\Console\\Kernel->bootstrap()
#4 /var/www/vendor/laravel/framework/src/Illuminate/Foundation/Application.php(1235): Illuminate\\Foundation\\Console\\Kernel->handle(Object(Symfony\\Component\\Console\\Input\\ArgvInput), Object(Symfony\\Component\\Console\\Output\\ConsoleOutput))
#5 /var/www/artisan(13): Illuminate\\Foundation\\Application->handleCommand(Object(Symfony\\Component\\Console\\Input\\ArgvInput))
#6 {main}
"} 
[2026-06-06 06:47:53] local.ERROR: Unable to detect application namespace. {"exception":"[object] (RuntimeException(code: 0): Unable to detect application namespace. at /var/www/vendor/laravel/framework/src/Illuminate/Foundation/Application.php:1717)
[stacktrace]
#0 /var/www/vendor/laravel/framework/src/Illuminate/Foundation/Console/Kernel.php(368): Illuminate\\Foundation\\Application->getNamespace()
#1 /var/www/vendor/laravel/framework/src/Illuminate/Foundation/Console/Kernel.php(498): Illuminate\\Foundation\\Console\\Kernel->load(Array)
#2 /var/www/vendor/laravel/framework/src/Illuminate/Foundation/Console/Kernel.php(483): Illuminate\\Foundation\\Console\\Kernel->discoverCommands()
#3 /var/www/vendor/laravel/framework/src/Illuminate/Foundation/Console/Kernel.php(196): Illuminate\\Foundation\\Console\\Kernel->bootstrap()
#4 /var/www/vendor/laravel/framework/src/Illuminate/Foundation/Application.php(1235): Illuminate\\Foundation\\Console\\Kernel->handle(Object(Symfony\\Component\\Console\\Input\\ArgvInput), Object(Symfony\\Component\\Console\\Output\\ConsoleOutput))
#5 /var/www/artisan(13): Illuminate\\Foundation\\Application->handleCommand(Object(Symfony\\Component\\Console\\Input\\ArgvInput))
#6 {main}
"} 
[2026-06-06 06:48:57] local.ERROR: Unable to detect application namespace. {"exception":"[object] (RuntimeException(code: 0): Unable to detect application namespace. at /var/www/vendor/laravel/framework/src/Illuminate/Foundation/Application.php:1717)
[stacktrace]
#0 /var/www/vendor/laravel/framework/src/Illuminate/Foundation/Console/Kernel.php(368): Illuminate\\Foundation\\Application->getNamespace()
#1 /var/www/vendor/laravel/framework/src/Illuminate/Foundation/Console/Kernel.php(498): Illuminate\\Foundation\\Console\\Kernel->load(Array)
#2 /var/www/vendor/laravel/framework/src/Illuminate/Foundation/Console/Kernel.php(483): Illuminate\\Foundation\\Console\\Kernel->discoverCommands()
#3 /var/www/vendor/laravel/framework/src/Illuminate/Foundation/Console/Kernel.php(196): Illuminate\\Foundation\\Console\\Kernel->bootstrap()
#4 /var/www/vendor/laravel/framework/src/Illuminate/Foundation/Application.php(1235): Illuminate\\Foundation\\Console\\Kernel->handle(Object(Symfony\\Component\\Console\\Input\\ArgvInput), Object(Symfony\\Component\\Console\\Output\\ConsoleOutput))
#5 /var/www/artisan(13): Illuminate\\Foundation\\Application->handleCommand(Object(Symfony\\Component\\Console\\Input\\ArgvInput))
#6 {main}
"} 
[2026-06-06 06:50:00] local.ERROR: Unable to detect application namespace. {"exception":"[object] (RuntimeException(code: 0): Unable to detect application namespace. at /var/www/vendor/laravel/framework/src/Illuminate/Foundation/Application.php:1717)
[stacktrace]
#0 /var/www/vendor/laravel/framework/src/Illuminate/Foundation/Console/Kernel.php(368): Illuminate\\Foundation\\Application->getNamespace()
#1 /var/www/vendor/laravel/framework/src/Illuminate/Foundation/Console/Kernel.php(498): Illuminate\\Foundation\\Console\\Kernel->load(Array)
#2 /var/www/vendor/laravel/framework/src/Illuminate/Foundation/Console/Kernel.php(483): Illuminate\\Foundation\\Console\\Kernel->discoverCommands()
#3 /var/www/vendor/laravel/framework/src/Illuminate/Foundation/Console/Kernel.php(196): Illuminate\\Foundation\\Console\\Kernel->bootstrap()
#4 /var/www/vendor/laravel/framework/src/Illuminate/Foundation/Application.php(1235): Illuminate\\Foundation\\Console\\Kernel->handle(Object(Symfony\\Component\\Console\\Input\\ArgvInput), Object(Symfony\\Component\\Console\\Output\\ConsoleOutput))
#5 /var/www/artisan(13): Illuminate\\Foundation\\Application->handleCommand(Object(Symfony\\Component\\Console\\Input\\ArgvInput))
#6 {main}
"} 
[2026-06-06 06:51:03] local.ERROR: Unable to detect application namespace. {"exception":"[object] (RuntimeException(code: 0): Unable to detect application namespace. at /var/www/vendor/laravel/framework/src/Illuminate/Foundation/Application.php:1717)
[stacktrace]
#0 /var/www/vendor/laravel/framework/src/Illuminate/Foundation/Console/Kernel.php(368): Illuminate\\Foundation\\Application->getNamespace()
#1 /var/www/vendor/laravel/framework/src/Illuminate/Foundation/Console/Kernel.php(498): Illuminate\\Foundation\\Console\\Kernel->load(Array)
#2 /var/www/vendor/laravel/framework/src/Illuminate/Foundation/Console/Kernel.php(483): Illuminate\\Foundation\\Console\\Kernel->discoverCommands()
#3 /var/www/vendor/laravel/framework/src/Illuminate/Foundation/Console/Kernel.php(196): Illuminate\\Foundation\\Console\\Kernel->bootstrap()
#4 /var/www/vendor/laravel/framework/src/Illuminate/Foundation/Application.php(1235): Illuminate\\Foundation\\Console\\Kernel->handle(Object(Symfony\\Component\\Console\\Input\\ArgvInput), Object(Symfony\\Component\\Console\\Output\\ConsoleOutput))
#5 /var/www/artisan(13): Illuminate\\Foundation\\Application->handleCommand(Object(Symfony\\Component\\Console\\Input\\ArgvInput))
#6 {main}
"} 
[2026-06-06 06:52:07] local.ERROR: Unable to detect application namespace. {"exception":"[object] (RuntimeException(code: 0): Unable to detect application namespace. at /var/www/vendor/laravel/framework/src/Illuminate/Foundation/Application.php:1717)
[stacktrace]
#0 /var/www/vendor/laravel/framework/src/Illuminate/Foundation/Console/Kernel.php(368): Illuminate\\Foundation\\Application->getNamespace()
#1 /var/www/vendor/laravel/framework/src/Illuminate/Foundation/Console/Kernel.php(498): Illuminate\\Foundation\\Console\\Kernel->load(Array)
#2 /var/www/vendor/laravel/framework/src/Illuminate/Foundation/Console/Kernel.php(483): Illuminate\\Foundation\\Console\\Kernel->discoverCommands()
#3 /var/www/vendor/laravel/framework/src/Illuminate/Foundation/Console/Kernel.php(196): Illuminate\\Foundation\\Console\\Kernel->bootstrap()
#4 /var/www/vendor/laravel/framework/src/Illuminate/Foundation/Application.php(1235): Illuminate\\Foundation\\Console\\Kernel->handle(Object(Symfony\\Component\\Console\\Input\\ArgvInput), Object(Symfony\\Component\\Console\\Output\\ConsoleOutput))
#5 /var/www/artisan(13): Illuminate\\Foundation\\Application->handleCommand(Object(Symfony\\Component\\Console\\Input\\ArgvInput))
#6 {main}
"} 
[2026-06-06 06:53:10] local.ERROR: Unable to detect application namespace. {"exception":"[object] (RuntimeException(code: 0): Unable to detect application namespace. at /var/www/vendor/laravel/framework/src/Illuminate/Foundation/Application.php:1717)
[stacktrace]
#0 /var/www/vendor/laravel/framework/src/Illuminate/Foundation/Console/Kernel.php(368): Illuminate\\Foundation\\Application->getNamespace()
#1 /var/www/vendor/laravel/framework/src/Illuminate/Foundation/Console/Kernel.php(498): Illuminate\\Foundation\\Console\\Kernel->load(Array)
#2 /var/www/vendor/laravel/framework/src/Illuminate/Foundation/Console/Kernel.php(483): Illuminate\\Foundation\\Console\\Kernel->discoverCommands()
#3 /var/www/vendor/laravel/framework/src/Illuminate/Foundation/Console/Kernel.php(196): Illuminate\\Foundation\\Console\\Kernel->bootstrap()
#4 /var/www/vendor/laravel/framework/src/Illuminate/Foundation/Application.php(1235): Illuminate\\Foundation\\Console\\Kernel->handle(Object(Symfony\\Component\\Console\\Input\\ArgvInput), Object(Symfony\\Component\\Console\\Output\\ConsoleOutput))
#5 /var/www/artisan(13): Illuminate\\Foundation\\Application->handleCommand(Object(Symfony\\Component\\Console\\Input\\ArgvInput))
#6 {main}
"} 
[2026-06-06 06:54:13] local.ERROR: Unable to detect application namespace. {"exception":"[object] (RuntimeException(code: 0): Unable to detect application namespace. at /var/www/vendor/laravel/framework/src/Illuminate/Foundation/Application.php:1717)
[stacktrace]
#0 /var/www/vendor/laravel/framework/src/Illuminate/Foundation/Console/Kernel.php(368): Illuminate\\Foundation\\Application->getNamespace()
#1 /var/www/vendor/laravel/framework/src/Illuminate/Foundation/Console/Kernel.php(498): Illuminate\\Foundation\\Console\\Kernel->load(Array)
#2 /var/www/vendor/laravel/framework/src/Illuminate/Foundation/Console/Kernel.php(483): Illuminate\\Foundation\\Console\\Kernel->discoverCommands()
#3 /var/www/vendor/laravel/framework/src/Illuminate/Foundation/Console/Kernel.php(196): Illuminate\\Foundation\\Console\\Kernel->bootstrap()
#4 /var/www/vendor/laravel/framework/src/Illuminate/Foundation/Application.php(1235): Illuminate\\Foundation\\Console\\Kernel->handle(Object(Symfony\\Component\\Console\\Input\\ArgvInput), Object(Symfony\\Component\\Console\\Output\\ConsoleOutput))
#5 /var/www/artisan(13): Illuminate\\Foundation\\Application->handleCommand(Object(Symfony\\Component\\Console\\Input\\ArgvInput))
#6 {main}
"} 
[2026-06-06 06:55:16] local.ERROR: Unable to detect application namespace. {"exception":"[object] (RuntimeException(code: 0): Unable to detect application namespace. at /var/www/vendor/laravel/framework/src/Illuminate/Foundation/Application.php:1717)
[stacktrace]
#0 /var/www/vendor/laravel/framework/src/Illuminate/Foundation/Console/Kernel.php(368): Illuminate\\Foundation\\Application->getNamespace()
#1 /var/www/vendor/laravel/framework/src/Illuminate/Foundation/Console/Kernel.php(498): Illuminate\\Foundation\\Console\\Kernel->load(Array)
#2 /var/www/vendor/laravel/framework/src/Illuminate/Foundation/Console/Kernel.php(483): Illuminate\\Foundation\\Console\\Kernel->discoverCommands()
#3 /var/www/vendor/laravel/framework/src/Illuminate/Foundation/Console/Kernel.php(196): Illuminate\\Foundation\\Console\\Kernel->bootstrap()
#4 /var/www/vendor/laravel/framework/src/Illuminate/Foundation/Application.php(1235): Illuminate\\Foundation\\Console\\Kernel->handle(Object(Symfony\\Component\\Console\\Input\\ArgvInput), Object(Symfony\\Component\\Console\\Output\\ConsoleOutput))
#5 /var/www/artisan(13): Illuminate\\Foundation\\Application->handleCommand(Object(Symfony\\Component\\Console\\Input\\ArgvInput))
#6 {main}
"} 
[2026-06-06 06:56:20] local.ERROR: Unable to detect application namespace. {"exception":"[object] (RuntimeException(code: 0): Unable to detect application namespace. at /var/www/vendor/laravel/framework/src/Illuminate/Foundation/Application.php:1717)
[stacktrace]
#0 /var/www/vendor/laravel/framework/src/Illuminate/Foundation/Console/Kernel.php(368): Illuminate\\Foundation\\Application->getNamespace()
#1 /var/www/vendor/laravel/framework/src/Illuminate/Foundation/Console/Kernel.php(498): Illuminate\\Foundation\\Console\\Kernel->load(Array)
#2 /var/www/vendor/laravel/framework/src/Illuminate/Foundation/Console/Kernel.php(483): Illuminate\\Foundation\\Console\\Kernel->discoverCommands()
#3 /var/www/vendor/laravel/framework/src/Illuminate/Foundation/Console/Kernel.php(196): Illuminate\\Foundation\\Console\\Kernel->bootstrap()
#4 /var/www/vendor/laravel/framework/src/Illuminate/Foundation/Application.php(1235): Illuminate\\Foundation\\Console\\Kernel->handle(Object(Symfony\\Component\\Console\\Input\\ArgvInput), Object(Symfony\\Component\\Console\\Output\\ConsoleOutput))
#5 /var/www/artisan(13): Illuminate\\Foundation\\Application->handleCommand(Object(Symfony\\Component\\Console\\Input\\ArgvInput))
#6 {main}
"} 
[2026-06-06 06:57:23] local.ERROR: Unable to detect application namespace. {"exception":"[object] (RuntimeException(code: 0): Unable to detect application namespace. at /var/www/vendor/laravel/framework/src/Illuminate/Foundation/Application.php:1717)
[stacktrace]
#0 /var/www/vendor/laravel/framework/src/Illuminate/Foundation/Console/Kernel.php(368): Illuminate\\Foundation\\Application->getNamespace()
#1 /var/www/vendor/laravel/framework/src/Illuminate/Foundation/Console/Kernel.php(498): Illuminate\\Foundation\\Console\\Kernel->load(Array)
#2 /var/www/vendor/laravel/framework/src/Illuminate/Foundation/Console/Kernel.php(483): Illuminate\\Foundation\\Console\\Kernel->discoverCommands()
#3 /var/www/vendor/laravel/framework/src/Illuminate/Foundation/Console/Kernel.php(196): Illuminate\\Foundation\\Console\\Kernel->bootstrap()
#4 /var/www/vendor/laravel/framework/src/Illuminate/Foundation/Application.php(1235): Illuminate\\Foundation\\Console\\Kernel->handle(Object(Symfony\\Component\\Console\\Input\\ArgvInput), Object(Symfony\\Component\\Console\\Output\\ConsoleOutput))
#5 /var/www/artisan(13): Illuminate\\Foundation\\Application->handleCommand(Object(Symfony\\Component\\Console\\Input\\ArgvInput))
#6 {main}
"} 
[2026-06-06 06:58:26] local.ERROR: Unable to detect application namespace. {"exception":"[object] (RuntimeException(code: 0): Unable to detect application namespace. at /var/www/vendor/laravel/framework/src/Illuminate/Foundation/Application.php:1717)
[stacktrace]
#0 /var/www/vendor/laravel/framework/src/Illuminate/Foundation/Console/Kernel.php(368): Illuminate\\Foundation\\Application->getNamespace()
#1 /var/www/vendor/laravel/framework/src/Illuminate/Foundation/Console/Kernel.php(498): Illuminate\\Foundation\\Console\\Kernel->load(Array)
#2 /var/www/vendor/laravel/framework/src/Illuminate/Foundation/Console/Kernel.php(483): Illuminate\\Foundation\\Console\\Kernel->discoverCommands()
#3 /var/www/vendor/laravel/framework/src/Illuminate/Foundation/Console/Kernel.php(196): Illuminate\\Foundation\\Console\\Kernel->bootstrap()
#4 /var/www/vendor/laravel/framework/src/Illuminate/Foundation/Application.php(1235): Illuminate\\Foundation\\Console\\Kernel->handle(Object(Symfony\\Component\\Console\\Input\\ArgvInput), Object(Symfony\\Component\\Console\\Output\\ConsoleOutput))
#5 /var/www/artisan(13): Illuminate\\Foundation\\Application->handleCommand(Object(Symfony\\Component\\Console\\Input\\ArgvInput))
#6 {main}
"} 
[2026-06-06 06:59:30] local.ERROR: Unable to detect application namespace. {"exception":"[object] (RuntimeException(code: 0): Unable to detect application namespace. at /var/www/vendor/laravel/framework/src/Illuminate/Foundation/Application.php:1717)
[stacktrace]
#0 /var/www/vendor/laravel/framework/src/Illuminate/Foundation/Console/Kernel.php(368): Illuminate\\Foundation\\Application->getNamespace()
#1 /var/www/vendor/laravel/framework/src/Illuminate/Foundation/Console/Kernel.php(498): Illuminate\\Foundation\\Console\\Kernel->load(Array)
#2 /var/www/vendor/laravel/framework/src/Illuminate/Foundation/Console/Kernel.php(483): Illuminate\\Foundation\\Console\\Kernel->discoverCommands()
#3 /var/www/vendor/laravel/framework/src/Illuminate/Foundation/Console/Kernel.php(196): Illuminate\\Foundation\\Console\\Kernel->bootstrap()
#4 /var/www/vendor/laravel/framework/src/Illuminate/Foundation/Application.php(1235): Illuminate\\Foundation\\Console\\Kernel->handle(Object(Symfony\\Component\\Console\\Input\\ArgvInput), Object(Symfony\\Component\\Console\\Output\\ConsoleOutput))
#5 /var/www/artisan(13): Illuminate\\Foundation\\Application->handleCommand(Object(Symfony\\Component\\Console\\Input\\ArgvInput))
#6 {main}
"} 
[2026-06-06 07:00:33] local.ERROR: Unable to detect application namespace. {"exception":"[object] (RuntimeException(code: 0): Unable to detect application namespace. at /var/www/vendor/laravel/framework/src/Illuminate/Foundation/Application.php:1717)
[stacktrace]
#0 /var/www/vendor/laravel/framework/src/Illuminate/Foundation/Console/Kernel.php(368): Illuminate\\Foundation\\Application->getNamespace()
#1 /var/www/vendor/laravel/framework/src/Illuminate/Foundation/Console/Kernel.php(498): Illuminate\\Foundation\\Console\\Kernel->load(Array)
#2 /var/www/vendor/laravel/framework/src/Illuminate/Foundation/Console/Kernel.php(483): Illuminate\\Foundation\\Console\\Kernel->discoverCommands()
#3 /var/www/vendor/laravel/framework/src/Illuminate/Foundation/Console/Kernel.php(196): Illuminate\\Foundation\\Console\\Kernel->bootstrap()
#4 /var/www/vendor/laravel/framework/src/Illuminate/Foundation/Application.php(1235): Illuminate\\Foundation\\Console\\Kernel->handle(Object(Symfony\\Component\\Console\\Input\\ArgvInput), Object(Symfony\\Component\\Console\\Output\\ConsoleOutput))
#5 /var/www/artisan(13): Illuminate\\Foundation\\Application->handleCommand(Object(Symfony\\Component\\Console\\Input\\ArgvInput))
#6 {main}
"} 
[2026-06-06 07:01:36] local.ERROR: Unable to detect application namespace. {"exception":"[object] (RuntimeException(code: 0): Unable to detect application namespace. at /var/www/vendor/laravel/framework/src/Illuminate/Foundation/Application.php:1717)
[stacktrace]
#0 /var/www/vendor/laravel/framework/src/Illuminate/Foundation/Console/Kernel.php(368): Illuminate\\Foundation\\Application->getNamespace()
#1 /var/www/vendor/laravel/framework/src/Illuminate/Foundation/Console/Kernel.php(498): Illuminate\\Foundation\\Console\\Kernel->load(Array)
#2 /var/www/vendor/laravel/framework/src/Illuminate/Foundation/Console/Kernel.php(483): Illuminate\\Foundation\\Console\\Kernel->discoverCommands()
#3 /var/www/vendor/laravel/framework/src/Illuminate/Foundation/Console/Kernel.php(196): Illuminate\\Foundation\\Console\\Kernel->bootstrap()
#4 /var/www/vendor/laravel/framework/src/Illuminate/Foundation/Application.php(1235): Illuminate\\Foundation\\Console\\Kernel->handle(Object(Symfony\\Component\\Console\\Input\\ArgvInput), Object(Symfony\\Component\\Console\\Output\\ConsoleOutput))
#5 /var/www/artisan(13): Illuminate\\Foundation\\Application->handleCommand(Object(Symfony\\Component\\Console\\Input\\ArgvInput))
#6 {main}
"} 
[2026-06-06 07:02:39] local.ERROR: Unable to detect application namespace. {"exception":"[object] (RuntimeException(code: 0): Unable to detect application namespace. at /var/www/vendor/laravel/framework/src/Illuminate/Foundation/Application.php:1717)
[stacktrace]
#0 /var/www/vendor/laravel/framework/src/Illuminate/Foundation/Console/Kernel.php(368): Illuminate\\Foundation\\Application->getNamespace()
#1 /var/www/vendor/laravel/framework/src/Illuminate/Foundation/Console/Kernel.php(498): Illuminate\\Foundation\\Console\\Kernel->load(Array)
#2 /var/www/vendor/laravel/framework/src/Illuminate/Foundation/Console/Kernel.php(483): Illuminate\\Foundation\\Console\\Kernel->discoverCommands()
#3 /var/www/vendor/laravel/framework/src/Illuminate/Foundation/Console/Kernel.php(196): Illuminate\\Foundation\\Console\\Kernel->bootstrap()
#4 /var/www/vendor/laravel/framework/src/Illuminate/Foundation/Application.php(1235): Illuminate\\Foundation\\Console\\Kernel->handle(Object(Symfony\\Component\\Console\\Input\\ArgvInput), Object(Symfony\\Component\\Console\\Output\\ConsoleOutput))
#5 /var/www/artisan(13): Illuminate\\Foundation\\Application->handleCommand(Object(Symfony\\Component\\Console\\Input\\ArgvInput))
#6 {main}
"} 
[2026-06-06 07:03:43] local.ERROR: Unable to detect application namespace. {"exception":"[object] (RuntimeException(code: 0): Unable to detect application namespace. at /var/www/vendor/laravel/framework/src/Illuminate/Foundation/Application.php:1717)
[stacktrace]
#0 /var/www/vendor/laravel/framework/src/Illuminate/Foundation/Console/Kernel.php(368): Illuminate\\Foundation\\Application->getNamespace()
#1 /var/www/vendor/laravel/framework/src/Illuminate/Foundation/Console/Kernel.php(498): Illuminate\\Foundation\\Console\\Kernel->load(Array)
#2 /var/www/vendor/laravel/framework/src/Illuminate/Foundation/Console/Kernel.php(483): Illuminate\\Foundation\\Console\\Kernel->discoverCommands()
#3 /var/www/vendor/laravel/framework/src/Illuminate/Foundation/Console/Kernel.php(196): Illuminate\\Foundation\\Console\\Kernel->bootstrap()
#4 /var/www/vendor/laravel/framework/src/Illuminate/Foundation/Application.php(1235): Illuminate\\Foundation\\Console\\Kernel->handle(Object(Symfony\\Component\\Console\\Input\\ArgvInput), Object(Symfony\\Component\\Console\\Output\\ConsoleOutput))
#5 /var/www/artisan(13): Illuminate\\Foundation\\Application->handleCommand(Object(Symfony\\Component\\Console\\Input\\ArgvInput))
#6 {main}
"} 
[2026-06-06 07:04:48] local.ERROR: Unable to detect application namespace. {"exception":"[object] (RuntimeException(code: 0): Unable to detect application namespace. at /var/www/vendor/laravel/framework/src/Illuminate/Foundation/Application.php:1717)
[stacktrace]
#0 /var/www/vendor/laravel/framework/src/Illuminate/Foundation/Console/Kernel.php(368): Illuminate\\Foundation\\Application->getNamespace()
#1 /var/www/vendor/laravel/framework/src/Illuminate/Foundation/Console/Kernel.php(498): Illuminate\\Foundation\\Console\\Kernel->load(Array)
#2 /var/www/vendor/laravel/framework/src/Illuminate/Foundation/Console/Kernel.php(483): Illuminate\\Foundation\\Console\\Kernel->discoverCommands()
#3 /var/www/vendor/laravel/framework/src/Illuminate/Foundation/Console/Kernel.php(196): Illuminate\\Foundation\\Console\\Kernel->bootstrap()
#4 /var/www/vendor/laravel/framework/src/Illuminate/Foundation/Application.php(1235): Illuminate\\Foundation\\Console\\Kernel->handle(Object(Symfony\\Component\\Console\\Input\\ArgvInput), Object(Symfony\\Component\\Console\\Output\\ConsoleOutput))
#5 /var/www/artisan(13): Illuminate\\Foundation\\Application->handleCommand(Object(Symfony\\Component\\Console\\Input\\ArgvInput))
#6 {main}
"} 
[2026-06-06 07:05:53] local.ERROR: Unable to detect application namespace. {"exception":"[object] (RuntimeException(code: 0): Unable to detect application namespace. at /var/www/vendor/laravel/framework/src/Illuminate/Foundation/Application.php:1717)
[stacktrace]
#0 /var/www/vendor/laravel/framework/src/Illuminate/Foundation/Console/Kernel.php(368): Illuminate\\Foundation\\Application->getNamespace()
#1 /var/www/vendor/laravel/framework/src/Illuminate/Foundation/Console/Kernel.php(498): Illuminate\\Foundation\\Console\\Kernel->load(Array)
#2 /var/www/vendor/laravel/framework/src/Illuminate/Foundation/Console/Kernel.php(483): Illuminate\\Foundation\\Console\\Kernel->discoverCommands()
#3 /var/www/vendor/laravel/framework/src/Illuminate/Foundation/Console/Kernel.php(196): Illuminate\\Foundation\\Console\\Kernel->bootstrap()
#4 /var/www/vendor/laravel/framework/src/Illuminate/Foundation/Application.php(1235): Illuminate\\Foundation\\Console\\Kernel->handle(Object(Symfony\\Component\\Console\\Input\\ArgvInput), Object(Symfony\\Component\\Console\\Output\\ConsoleOutput))
#5 /var/www/artisan(13): Illuminate\\Foundation\\Application->handleCommand(Object(Symfony\\Component\\Console\\Input\\ArgvInput))
#6 {main}
"} 
[2026-06-06 07:06:58] local.ERROR: Unable to detect application namespace. {"exception":"[object] (RuntimeException(code: 0): Unable to detect application namespace. at /var/www/vendor/laravel/framework/src/Illuminate/Foundation/Application.php:1717)
[stacktrace]
#0 /var/www/vendor/laravel/framework/src/Illuminate/Foundation/Console/Kernel.php(368): Illuminate\\Foundation\\Application->getNamespace()
#1 /var/www/vendor/laravel/framework/src/Illuminate/Foundation/Console/Kernel.php(498): Illuminate\\Foundation\\Console\\Kernel->load(Array)
#2 /var/www/vendor/laravel/framework/src/Illuminate/Foundation/Console/Kernel.php(483): Illuminate\\Foundation\\Console\\Kernel->discoverCommands()
#3 /var/www/vendor/laravel/framework/src/Illuminate/Foundation/Console/Kernel.php(196): Illuminate\\Foundation\\Console\\Kernel->bootstrap()
#4 /var/www/vendor/laravel/framework/src/Illuminate/Foundation/Application.php(1235): Illuminate\\Foundation\\Console\\Kernel->handle(Object(Symfony\\Component\\Console\\Input\\ArgvInput), Object(Symfony\\Component\\Console\\Output\\ConsoleOutput))
#5 /var/www/artisan(13): Illuminate\\Foundation\\Application->handleCommand(Object(Symfony\\Component\\Console\\Input\\ArgvInput))
#6 {main}
"} 
[2026-06-06 07:08:03] local.ERROR: Unable to detect application namespace. {"exception":"[object] (RuntimeException(code: 0): Unable to detect application namespace. at /var/www/vendor/laravel/framework/src/Illuminate/Foundation/Application.php:1717)
[stacktrace]
#0 /var/www/vendor/laravel/framework/src/Illuminate/Foundation/Console/Kernel.php(368): Illuminate\\Foundation\\Application->getNamespace()
#1 /var/www/vendor/laravel/framework/src/Illuminate/Foundation/Console/Kernel.php(498): Illuminate\\Foundation\\Console\\Kernel->load(Array)
#2 /var/www/vendor/laravel/framework/src/Illuminate/Foundation/Console/Kernel.php(483): Illuminate\\Foundation\\Console\\Kernel->discoverCommands()
#3 /var/www/vendor/laravel/framework/src/Illuminate/Foundation/Console/Kernel.php(196): Illuminate\\Foundation\\Console\\Kernel->bootstrap()
#4 /var/www/vendor/laravel/framework/src/Illuminate/Foundation/Application.php(1235): Illuminate\\Foundation\\Console\\Kernel->handle(Object(Symfony\\Component\\Console\\Input\\ArgvInput), Object(Symfony\\Component\\Console\\Output\\ConsoleOutput))
#5 /var/www/artisan(13): Illuminate\\Foundation\\Application->handleCommand(Object(Symfony\\Component\\Console\\Input\\ArgvInput))
#6 {main}
"} 
[2026-06-06 07:09:08] local.ERROR: Unable to detect application namespace. {"exception":"[object] (RuntimeException(code: 0): Unable to detect application namespace. at /var/www/vendor/laravel/framework/src/Illuminate/Foundation/Application.php:1717)
[stacktrace]
#0 /var/www/vendor/laravel/framework/src/Illuminate/Foundation/Console/Kernel.php(368): Illuminate\\Foundation\\Application->getNamespace()
#1 /var/www/vendor/laravel/framework/src/Illuminate/Foundation/Console/Kernel.php(498): Illuminate\\Foundation\\Console\\Kernel->load(Array)
#2 /var/www/vendor/laravel/framework/src/Illuminate/Foundation/Console/Kernel.php(483): Illuminate\\Foundation\\Console\\Kernel->discoverCommands()
#3 /var/www/vendor/laravel/framework/src/Illuminate/Foundation/Console/Kernel.php(196): Illuminate\\Foundation\\Console\\Kernel->bootstrap()
#4 /var/www/vendor/laravel/framework/src/Illuminate/Foundation/Application.php(1235): Illuminate\\Foundation\\Console\\Kernel->handle(Object(Symfony\\Component\\Console\\Input\\ArgvInput), Object(Symfony\\Component\\Console\\Output\\ConsoleOutput))
#5 /var/www/artisan(13): Illuminate\\Foundation\\Application->handleCommand(Object(Symfony\\Component\\Console\\Input\\ArgvInput))
#6 {main}
"} 
[2026-06-06 07:10:13] local.ERROR: Unable to detect application namespace. {"exception":"[object] (RuntimeException(code: 0): Unable to detect application namespace. at /var/www/vendor/laravel/framework/src/Illuminate/Foundation/Application.php:1717)
[stacktrace]
#0 /var/www/vendor/laravel/framework/src/Illuminate/Foundation/Console/Kernel.php(368): Illuminate\\Foundation\\Application->getNamespace()
#1 /var/www/vendor/laravel/framework/src/Illuminate/Foundation/Console/Kernel.php(498): Illuminate\\Foundation\\Console\\Kernel->load(Array)
#2 /var/www/vendor/laravel/framework/src/Illuminate/Foundation/Console/Kernel.php(483): Illuminate\\Foundation\\Console\\Kernel->discoverCommands()
#3 /var/www/vendor/laravel/framework/src/Illuminate/Foundation/Console/Kernel.php(196): Illuminate\\Foundation\\Console\\Kernel->bootstrap()
#4 /var/www/vendor/laravel/framework/src/Illuminate/Foundation/Application.php(1235): Illuminate\\Foundation\\Console\\Kernel->handle(Object(Symfony\\Component\\Console\\Input\\ArgvInput), Object(Symfony\\Component\\Console\\Output\\ConsoleOutput))
#5 /var/www/artisan(13): Illuminate\\Foundation\\Application->handleCommand(Object(Symfony\\Component\\Console\\Input\\ArgvInput))
#6 {main}
"} 
[2026-06-06 07:11:18] local.ERROR: Unable to detect application namespace. {"exception":"[object] (RuntimeException(code: 0): Unable to detect application namespace. at /var/www/vendor/laravel/framework/src/Illuminate/Foundation/Application.php:1717)
[stacktrace]
#0 /var/www/vendor/laravel/framework/src/Illuminate/Foundation/Console/Kernel.php(368): Illuminate\\Foundation\\Application->getNamespace()
#1 /var/www/vendor/laravel/framework/src/Illuminate/Foundation/Console/Kernel.php(498): Illuminate\\Foundation\\Console\\Kernel->load(Array)
#2 /var/www/vendor/laravel/framework/src/Illuminate/Foundation/Console/Kernel.php(483): Illuminate\\Foundation\\Console\\Kernel->discoverCommands()
#3 /var/www/vendor/laravel/framework/src/Illuminate/Foundation/Console/Kernel.php(196): Illuminate\\Foundation\\Console\\Kernel->bootstrap()
#4 /var/www/vendor/laravel/framework/src/Illuminate/Foundation/Application.php(1235): Illuminate\\Foundation\\Console\\Kernel->handle(Object(Symfony\\Component\\Console\\Input\\ArgvInput), Object(Symfony\\Component\\Console\\Output\\ConsoleOutput))
#5 /var/www/artisan(13): Illuminate\\Foundation\\Application->handleCommand(Object(Symfony\\Component\\Console\\Input\\ArgvInput))
#6 {main}
"} 
[2026-06-06 07:12:24] local.ERROR: Unable to detect application namespace. {"exception":"[object] (RuntimeException(code: 0): Unable to detect application namespace. at /var/www/vendor/laravel/framework/src/Illuminate/Foundation/Application.php:1717)
[stacktrace]
#0 /var/www/vendor/laravel/framework/src/Illuminate/Foundation/Console/Kernel.php(368): Illuminate\\Foundation\\Application->getNamespace()
#1 /var/www/vendor/laravel/framework/src/Illuminate/Foundation/Console/Kernel.php(498): Illuminate\\Foundation\\Console\\Kernel->load(Array)
#2 /var/www/vendor/laravel/framework/src/Illuminate/Foundation/Console/Kernel.php(483): Illuminate\\Foundation\\Console\\Kernel->discoverCommands()
#3 /var/www/vendor/laravel/framework/src/Illuminate/Foundation/Console/Kernel.php(196): Illuminate\\Foundation\\Console\\Kernel->bootstrap()
#4 /var/www/vendor/laravel/framework/src/Illuminate/Foundation/Application.php(1235): Illuminate\\Foundation\\Console\\Kernel->handle(Object(Symfony\\Component\\Console\\Input\\ArgvInput), Object(Symfony\\Component\\Console\\Output\\ConsoleOutput))
#5 /var/www/artisan(13): Illuminate\\Foundation\\Application->handleCommand(Object(Symfony\\Component\\Console\\Input\\ArgvInput))
#6 {main}
"} 
[2026-06-06 07:13:29] local.ERROR: Unable to detect application namespace. {"exception":"[object] (RuntimeException(code: 0): Unable to detect application namespace. at /var/www/vendor/laravel/framework/src/Illuminate/Foundation/Application.php:1717)
[stacktrace]
#0 /var/www/vendor/laravel/framework/src/Illuminate/Foundation/Console/Kernel.php(368): Illuminate\\Foundation\\Application->getNamespace()
#1 /var/www/vendor/laravel/framework/src/Illuminate/Foundation/Console/Kernel.php(498): Illuminate\\Foundation\\Console\\Kernel->load(Array)
#2 /var/www/vendor/laravel/framework/src/Illuminate/Foundation/Console/Kernel.php(483): Illuminate\\Foundation\\Console\\Kernel->discoverCommands()
#3 /var/www/vendor/laravel/framework/src/Illuminate/Foundation/Console/Kernel.php(196): Illuminate\\Foundation\\Console\\Kernel->bootstrap()
#4 /var/www/vendor/laravel/framework/src/Illuminate/Foundation/Application.php(1235): Illuminate\\Foundation\\Console\\Kernel->handle(Object(Symfony\\Component\\Console\\Input\\ArgvInput), Object(Symfony\\Component\\Console\\Output\\ConsoleOutput))
#5 /var/www/artisan(13): Illuminate\\Foundation\\Application->handleCommand(Object(Symfony\\Component\\Console\\Input\\ArgvInput))
#6 {main}
"} 
[2026-06-06 08:59:36] local.ERROR: Unable to detect application namespace. {"exception":"[object] (RuntimeException(code: 0): Unable to detect application namespace. at /var/www/vendor/laravel/framework/src/Illuminate/Foundation/Application.php:1717)
[stacktrace]
#0 /var/www/vendor/laravel/framework/src/Illuminate/Foundation/Console/Kernel.php(368): Illuminate\\Foundation\\Application->getNamespace()
#1 /var/www/vendor/laravel/framework/src/Illuminate/Foundation/Console/Kernel.php(498): Illuminate\\Foundation\\Console\\Kernel->load(Array)
#2 /var/www/vendor/laravel/framework/src/Illuminate/Foundation/Console/Kernel.php(483): Illuminate\\Foundation\\Console\\Kernel->discoverCommands()
#3 /var/www/vendor/laravel/framework/src/Illuminate/Foundation/Console/Kernel.php(196): Illuminate\\Foundation\\Console\\Kernel->bootstrap()
#4 /var/www/vendor/laravel/framework/src/Illuminate/Foundation/Application.php(1235): Illuminate\\Foundation\\Console\\Kernel->handle(Object(Symfony\\Component\\Console\\Input\\ArgvInput), Object(Symfony\\Component\\Console\\Output\\ConsoleOutput))
#5 /var/www/artisan(13): Illuminate\\Foundation\\Application->handleCommand(Object(Symfony\\Component\\Console\\Input\\ArgvInput))
#6 {main}
"} 
[2026-06-06 09:00:40] local.ERROR: Unable to detect application namespace. {"exception":"[object] (RuntimeException(code: 0): Unable to detect application namespace. at /var/www/vendor/laravel/framework/src/Illuminate/Foundation/Application.php:1717)
[stacktrace]
#0 /var/www/vendor/laravel/framework/src/Illuminate/Foundation/Console/Kernel.php(368): Illuminate\\Foundation\\Application->getNamespace()
#1 /var/www/vendor/laravel/framework/src/Illuminate/Foundation/Console/Kernel.php(498): Illuminate\\Foundation\\Console\\Kernel->load(Array)
#2 /var/www/vendor/laravel/framework/src/Illuminate/Foundation/Console/Kernel.php(483): Illuminate\\Foundation\\Console\\Kernel->discoverCommands()
#3 /var/www/vendor/laravel/framework/src/Illuminate/Foundation/Console/Kernel.php(196): Illuminate\\Foundation\\Console\\Kernel->bootstrap()
#4 /var/www/vendor/laravel/framework/src/Illuminate/Foundation/Application.php(1235): Illuminate\\Foundation\\Console\\Kernel->handle(Object(Symfony\\Component\\Console\\Input\\ArgvInput), Object(Symfony\\Component\\Console\\Output\\ConsoleOutput))
#5 /var/www/artisan(13): Illuminate\\Foundation\\Application->handleCommand(Object(Symfony\\Component\\Console\\Input\\ArgvInput))
#6 {main}
"} 
[2026-06-06 09:01:43] local.ERROR: Unable to detect application namespace. {"exception":"[object] (RuntimeException(code: 0): Unable to detect application namespace. at /var/www/vendor/laravel/framework/src/Illuminate/Foundation/Application.php:1717)
[stacktrace]
#0 /var/www/vendor/laravel/framework/src/Illuminate/Foundation/Console/Kernel.php(368): Illuminate\\Foundation\\Application->getNamespace()
#1 /var/www/vendor/laravel/framework/src/Illuminate/Foundation/Console/Kernel.php(498): Illuminate\\Foundation\\Console\\Kernel->load(Array)
#2 /var/www/vendor/laravel/framework/src/Illuminate/Foundation/Console/Kernel.php(483): Illuminate\\Foundation\\Console\\Kernel->discoverCommands()
#3 /var/www/vendor/laravel/framework/src/Illuminate/Foundation/Console/Kernel.php(196): Illuminate\\Foundation\\Console\\Kernel->bootstrap()
#4 /var/www/vendor/laravel/framework/src/Illuminate/Foundation/Application.php(1235): Illuminate\\Foundation\\Console\\Kernel->handle(Object(Symfony\\Component\\Console\\Input\\ArgvInput), Object(Symfony\\Component\\Console\\Output\\ConsoleOutput))
#5 /var/www/artisan(13): Illuminate\\Foundation\\Application->handleCommand(Object(Symfony\\Component\\Console\\Input\\ArgvInput))
#6 {main}
"} 
[2026-06-06 09:02:47] local.ERROR: Unable to detect application namespace. {"exception":"[object] (RuntimeException(code: 0): Unable to detect application namespace. at /var/www/vendor/laravel/framework/src/Illuminate/Foundation/Application.php:1717)
[stacktrace]
#0 /var/www/vendor/laravel/framework/src/Illuminate/Foundation/Console/Kernel.php(368): Illuminate\\Foundation\\Application->getNamespace()
#1 /var/www/vendor/laravel/framework/src/Illuminate/Foundation/Console/Kernel.php(498): Illuminate\\Foundation\\Console\\Kernel->load(Array)
#2 /var/www/vendor/laravel/framework/src/Illuminate/Foundation/Console/Kernel.php(483): Illuminate\\Foundation\\Console\\Kernel->discoverCommands()
#3 /var/www/vendor/laravel/framework/src/Illuminate/Foundation/Console/Kernel.php(196): Illuminate\\Foundation\\Console\\Kernel->bootstrap()
#4 /var/www/vendor/laravel/framework/src/Illuminate/Foundation/Application.php(1235): Illuminate\\Foundation\\Console\\Kernel->handle(Object(Symfony\\Component\\Console\\Input\\ArgvInput), Object(Symfony\\Component\\Console\\Output\\ConsoleOutput))
#5 /var/www/artisan(13): Illuminate\\Foundation\\Application->handleCommand(Object(Symfony\\Component\\Console\\Input\\ArgvInput))
#6 {main}
"} 
[2026-06-06 09:03:50] local.ERROR: Unable to detect application namespace. {"exception":"[object] (RuntimeException(code: 0): Unable to detect application namespace. at /var/www/vendor/laravel/framework/src/Illuminate/Foundation/Application.php:1717)
[stacktrace]
#0 /var/www/vendor/laravel/framework/src/Illuminate/Foundation/Console/Kernel.php(368): Illuminate\\Foundation\\Application->getNamespace()
#1 /var/www/vendor/laravel/framework/src/Illuminate/Foundation/Console/Kernel.php(498): Illuminate\\Foundation\\Console\\Kernel->load(Array)
#2 /var/www/vendor/laravel/framework/src/Illuminate/Foundation/Console/Kernel.php(483): Illuminate\\Foundation\\Console\\Kernel->discoverCommands()
#3 /var/www/vendor/laravel/framework/src/Illuminate/Foundation/Console/Kernel.php(196): Illuminate\\Foundation\\Console\\Kernel->bootstrap()
#4 /var/www/vendor/laravel/framework/src/Illuminate/Foundation/Application.php(1235): Illuminate\\Foundation\\Console\\Kernel->handle(Object(Symfony\\Component\\Console\\Input\\ArgvInput), Object(Symfony\\Component\\Console\\Output\\ConsoleOutput))
#5 /var/www/artisan(13): Illuminate\\Foundation\\Application->handleCommand(Object(Symfony\\Component\\Console\\Input\\ArgvInput))
#6 {main}
"} 
[2026-06-06 09:04:54] local.ERROR: Unable to detect application namespace. {"exception":"[object] (RuntimeException(code: 0): Unable to detect application namespace. at /var/www/vendor/laravel/framework/src/Illuminate/Foundation/Application.php:1717)
[stacktrace]
#0 /var/www/vendor/laravel/framework/src/Illuminate/Foundation/Console/Kernel.php(368): Illuminate\\Foundation\\Application->getNamespace()
#1 /var/www/vendor/laravel/framework/src/Illuminate/Foundation/Console/Kernel.php(498): Illuminate\\Foundation\\Console\\Kernel->load(Array)
#2 /var/www/vendor/laravel/framework/src/Illuminate/Foundation/Console/Kernel.php(483): Illuminate\\Foundation\\Console\\Kernel->discoverCommands()
#3 /var/www/vendor/laravel/framework/src/Illuminate/Foundation/Console/Kernel.php(196): Illuminate\\Foundation\\Console\\Kernel->bootstrap()
#4 /var/www/vendor/laravel/framework/src/Illuminate/Foundation/Application.php(1235): Illuminate\\Foundation\\Console\\Kernel->handle(Object(Symfony\\Component\\Console\\Input\\ArgvInput), Object(Symfony\\Component\\Console\\Output\\ConsoleOutput))
#5 /var/www/artisan(13): Illuminate\\Foundation\\Application->handleCommand(Object(Symfony\\Component\\Console\\Input\\ArgvInput))
#6 {main}
"} 
[2026-06-06 09:06:01] local.ERROR: Unable to detect application namespace. {"exception":"[object] (RuntimeException(code: 0): Unable to detect application namespace. at /var/www/vendor/laravel/framework/src/Illuminate/Foundation/Application.php:1717)
[stacktrace]
#0 /var/www/vendor/laravel/framework/src/Illuminate/Foundation/Console/Kernel.php(368): Illuminate\\Foundation\\Application->getNamespace()
#1 /var/www/vendor/laravel/framework/src/Illuminate/Foundation/Console/Kernel.php(498): Illuminate\\Foundation\\Console\\Kernel->load(Array)
#2 /var/www/vendor/laravel/framework/src/Illuminate/Foundation/Console/Kernel.php(483): Illuminate\\Foundation\\Console\\Kernel->discoverCommands()
#3 /var/www/vendor/laravel/framework/src/Illuminate/Foundation/Console/Kernel.php(196): Illuminate\\Foundation\\Console\\Kernel->bootstrap()
#4 /var/www/vendor/laravel/framework/src/Illuminate/Foundation/Application.php(1235): Illuminate\\Foundation\\Console\\Kernel->handle(Object(Symfony\\Component\\Console\\Input\\ArgvInput), Object(Symfony\\Component\\Console\\Output\\ConsoleOutput))
#5 /var/www/artisan(13): Illuminate\\Foundation\\Application->handleCommand(Object(Symfony\\Component\\Console\\Input\\ArgvInput))
#6 {main}
"} 
[2026-06-06 09:07:06] local.ERROR: Unable to detect application namespace. {"exception":"[object] (RuntimeException(code: 0): Unable to detect application namespace. at /var/www/vendor/laravel/framework/src/Illuminate/Foundation/Application.php:1717)
[stacktrace]
#0 /var/www/vendor/laravel/framework/src/Illuminate/Foundation/Console/Kernel.php(368): Illuminate\\Foundation\\Application->getNamespace()
#1 /var/www/vendor/laravel/framework/src/Illuminate/Foundation/Console/Kernel.php(498): Illuminate\\Foundation\\Console\\Kernel->load(Array)
#2 /var/www/vendor/laravel/framework/src/Illuminate/Foundation/Console/Kernel.php(483): Illuminate\\Foundation\\Console\\Kernel->discoverCommands()
#3 /var/www/vendor/laravel/framework/src/Illuminate/Foundation/Console/Kernel.php(196): Illuminate\\Foundation\\Console\\Kernel->bootstrap()
#4 /var/www/vendor/laravel/framework/src/Illuminate/Foundation/Application.php(1235): Illuminate\\Foundation\\Console\\Kernel->handle(Object(Symfony\\Component\\Console\\Input\\ArgvInput), Object(Symfony\\Component\\Console\\Output\\ConsoleOutput))
#5 /var/www/artisan(13): Illuminate\\Foundation\\Application->handleCommand(Object(Symfony\\Component\\Console\\Input\\ArgvInput))
#6 {main}
"} 
[2026-06-06 09:08:10] local.ERROR: Unable to detect application namespace. {"exception":"[object] (RuntimeException(code: 0): Unable to detect application namespace. at /var/www/vendor/laravel/framework/src/Illuminate/Foundation/Application.php:1717)
[stacktrace]
#0 /var/www/vendor/laravel/framework/src/Illuminate/Foundation/Console/Kernel.php(368): Illuminate\\Foundation\\Application->getNamespace()
#1 /var/www/vendor/laravel/framework/src/Illuminate/Foundation/Console/Kernel.php(498): Illuminate\\Foundation\\Console\\Kernel->load(Array)
#2 /var/www/vendor/laravel/framework/src/Illuminate/Foundation/Console/Kernel.php(483): Illuminate\\Foundation\\Console\\Kernel->discoverCommands()
#3 /var/www/vendor/laravel/framework/src/Illuminate/Foundation/Console/Kernel.php(196): Illuminate\\Foundation\\Console\\Kernel->bootstrap()
#4 /var/www/vendor/laravel/framework/src/Illuminate/Foundation/Application.php(1235): Illuminate\\Foundation\\Console\\Kernel->handle(Object(Symfony\\Component\\Console\\Input\\ArgvInput), Object(Symfony\\Component\\Console\\Output\\ConsoleOutput))
#5 /var/www/artisan(13): Illuminate\\Foundation\\Application->handleCommand(Object(Symfony\\Component\\Console\\Input\\ArgvInput))
#6 {main}
"} 
[2026-06-06 09:09:14] local.ERROR: Unable to detect application namespace. {"exception":"[object] (RuntimeException(code: 0): Unable to detect application namespace. at /var/www/vendor/laravel/framework/src/Illuminate/Foundation/Application.php:1717)
[stacktrace]
#0 /var/www/vendor/laravel/framework/src/Illuminate/Foundation/Console/Kernel.php(368): Illuminate\\Foundation\\Application->getNamespace()
#1 /var/www/vendor/laravel/framework/src/Illuminate/Foundation/Console/Kernel.php(498): Illuminate\\Foundation\\Console\\Kernel->load(Array)
#2 /var/www/vendor/laravel/framework/src/Illuminate/Foundation/Console/Kernel.php(483): Illuminate\\Foundation\\Console\\Kernel->discoverCommands()
#3 /var/www/vendor/laravel/framework/src/Illuminate/Foundation/Console/Kernel.php(196): Illuminate\\Foundation\\Console\\Kernel->bootstrap()
#4 /var/www/vendor/laravel/framework/src/Illuminate/Foundation/Application.php(1235): Illuminate\\Foundation\\Console\\Kernel->handle(Object(Symfony\\Component\\Console\\Input\\ArgvInput), Object(Symfony\\Component\\Console\\Output\\ConsoleOutput))
#5 /var/www/artisan(13): Illuminate\\Foundation\\Application->handleCommand(Object(Symfony\\Component\\Console\\Input\\ArgvInput))
#6 {main}
"} 
[2026-06-06 09:10:18] local.ERROR: Unable to detect application namespace. {"exception":"[object] (RuntimeException(code: 0): Unable to detect application namespace. at /var/www/vendor/laravel/framework/src/Illuminate/Foundation/Application.php:1717)
[stacktrace]
#0 /var/www/vendor/laravel/framework/src/Illuminate/Foundation/Console/Kernel.php(368): Illuminate\\Foundation\\Application->getNamespace()
#1 /var/www/vendor/laravel/framework/src/Illuminate/Foundation/Console/Kernel.php(498): Illuminate\\Foundation\\Console\\Kernel->load(Array)
#2 /var/www/vendor/laravel/framework/src/Illuminate/Foundation/Console/Kernel.php(483): Illuminate\\Foundation\\Console\\Kernel->discoverCommands()
#3 /var/www/vendor/laravel/framework/src/Illuminate/Foundation/Console/Kernel.php(196): Illuminate\\Foundation\\Console\\Kernel->bootstrap()
#4 /var/www/vendor/laravel/framework/src/Illuminate/Foundation/Application.php(1235): Illuminate\\Foundation\\Console\\Kernel->handle(Object(Symfony\\Component\\Console\\Input\\ArgvInput), Object(Symfony\\Component\\Console\\Output\\ConsoleOutput))
#5 /var/www/artisan(13): Illuminate\\Foundation\\Application->handleCommand(Object(Symfony\\Component\\Console\\Input\\ArgvInput))
#6 {main}
"} 
[2026-06-06 09:11:22] local.ERROR: Unable to detect application namespace. {"exception":"[object] (RuntimeException(code: 0): Unable to detect application namespace. at /var/www/vendor/laravel/framework/src/Illuminate/Foundation/Application.php:1717)
[stacktrace]
#0 /var/www/vendor/laravel/framework/src/Illuminate/Foundation/Console/Kernel.php(368): Illuminate\\Foundation\\Application->getNamespace()
#1 /var/www/vendor/laravel/framework/src/Illuminate/Foundation/Console/Kernel.php(498): Illuminate\\Foundation\\Console\\Kernel->load(Array)
#2 /var/www/vendor/laravel/framework/src/Illuminate/Foundation/Console/Kernel.php(483): Illuminate\\Foundation\\Console\\Kernel->discoverCommands()
#3 /var/www/vendor/laravel/framework/src/Illuminate/Foundation/Console/Kernel.php(196): Illuminate\\Foundation\\Console\\Kernel->bootstrap()
#4 /var/www/vendor/laravel/framework/src/Illuminate/Foundation/Application.php(1235): Illuminate\\Foundation\\Console\\Kernel->handle(Object(Symfony\\Component\\Console\\Input\\ArgvInput), Object(Symfony\\Component\\Console\\Output\\ConsoleOutput))
#5 /var/www/artisan(13): Illuminate\\Foundation\\Application->handleCommand(Object(Symfony\\Component\\Console\\Input\\ArgvInput))
#6 {main}
"} 
[2026-06-06 09:12:27] local.ERROR: Unable to detect application namespace. {"exception":"[object] (RuntimeException(code: 0): Unable to detect application namespace. at /var/www/vendor/laravel/framework/src/Illuminate/Foundation/Application.php:1717)
[stacktrace]
#0 /var/www/vendor/laravel/framework/src/Illuminate/Foundation/Console/Kernel.php(368): Illuminate\\Foundation\\Application->getNamespace()
#1 /var/www/vendor/laravel/framework/src/Illuminate/Foundation/Console/Kernel.php(498): Illuminate\\Foundation\\Console\\Kernel->load(Array)
#2 /var/www/vendor/laravel/framework/src/Illuminate/Foundation/Console/Kernel.php(483): Illuminate\\Foundation\\Console\\Kernel->discoverCommands()
#3 /var/www/vendor/laravel/framework/src/Illuminate/Foundation/Console/Kernel.php(196): Illuminate\\Foundation\\Console\\Kernel->bootstrap()
#4 /var/www/vendor/laravel/framework/src/Illuminate/Foundation/Application.php(1235): Illuminate\\Foundation\\Console\\Kernel->handle(Object(Symfony\\Component\\Console\\Input\\ArgvInput), Object(Symfony\\Component\\Console\\Output\\ConsoleOutput))
#5 /var/www/artisan(13): Illuminate\\Foundation\\Application->handleCommand(Object(Symfony\\Component\\Console\\Input\\ArgvInput))
#6 {main}
"} 
[2026-06-06 09:13:33] local.ERROR: Unable to detect application namespace. {"exception":"[object] (RuntimeException(code: 0): Unable to detect application namespace. at /var/www/vendor/laravel/framework/src/Illuminate/Foundation/Application.php:1717)
[stacktrace]
#0 /var/www/vendor/laravel/framework/src/Illuminate/Foundation/Console/Kernel.php(368): Illuminate\\Foundation\\Application->getNamespace()
#1 /var/www/vendor/laravel/framework/src/Illuminate/Foundation/Console/Kernel.php(498): Illuminate\\Foundation\\Console\\Kernel->load(Array)
#2 /var/www/vendor/laravel/framework/src/Illuminate/Foundation/Console/Kernel.php(483): Illuminate\\Foundation\\Console\\Kernel->discoverCommands()
#3 /var/www/vendor/laravel/framework/src/Illuminate/Foundation/Console/Kernel.php(196): Illuminate\\Foundation\\Console\\Kernel->bootstrap()
#4 /var/www/vendor/laravel/framework/src/Illuminate/Foundation/Application.php(1235): Illuminate\\Foundation\\Console\\Kernel->handle(Object(Symfony\\Component\\Console\\Input\\ArgvInput), Object(Symfony\\Component\\Console\\Output\\ConsoleOutput))
#5 /var/www/artisan(13): Illuminate\\Foundation\\Application->handleCommand(Object(Symfony\\Component\\Console\\Input\\ArgvInput))
#6 {main}
"} 
[2026-06-06 09:14:39] local.ERROR: Unable to detect application namespace. {"exception":"[object] (RuntimeException(code: 0): Unable to detect application namespace. at /var/www/vendor/laravel/framework/src/Illuminate/Foundation/Application.php:1717)
[stacktrace]
#0 /var/www/vendor/laravel/framework/src/Illuminate/Foundation/Console/Kernel.php(368): Illuminate\\Foundation\\Application->getNamespace()
#1 /var/www/vendor/laravel/framework/src/Illuminate/Foundation/Console/Kernel.php(498): Illuminate\\Foundation\\Console\\Kernel->load(Array)
#2 /var/www/vendor/laravel/framework/src/Illuminate/Foundation/Console/Kernel.php(483): Illuminate\\Foundation\\Console\\Kernel->discoverCommands()
#3 /var/www/vendor/laravel/framework/src/Illuminate/Foundation/Console/Kernel.php(196): Illuminate\\Foundation\\Console\\Kernel->bootstrap()
#4 /var/www/vendor/laravel/framework/src/Illuminate/Foundation/Application.php(1235): Illuminate\\Foundation\\Console\\Kernel->handle(Object(Symfony\\Component\\Console\\Input\\ArgvInput), Object(Symfony\\Component\\Console\\Output\\ConsoleOutput))
#5 /var/www/artisan(13): Illuminate\\Foundation\\Application->handleCommand(Object(Symfony\\Component\\Console\\Input\\ArgvInput))
#6 {main}
"} 
[2026-06-06 09:15:45] local.ERROR: Unable to detect application namespace. {"exception":"[object] (RuntimeException(code: 0): Unable to detect application namespace. at /var/www/vendor/laravel/framework/src/Illuminate/Foundation/Application.php:1717)
[stacktrace]
#0 /var/www/vendor/laravel/framework/src/Illuminate/Foundation/Console/Kernel.php(368): Illuminate\\Foundation\\Application->getNamespace()
#1 /var/www/vendor/laravel/framework/src/Illuminate/Foundation/Console/Kernel.php(498): Illuminate\\Foundation\\Console\\Kernel->load(Array)
#2 /var/www/vendor/laravel/framework/src/Illuminate/Foundation/Console/Kernel.php(483): Illuminate\\Foundation\\Console\\Kernel->discoverCommands()
#3 /var/www/vendor/laravel/framework/src/Illuminate/Foundation/Console/Kernel.php(196): Illuminate\\Foundation\\Console\\Kernel->bootstrap()
#4 /var/www/vendor/laravel/framework/src/Illuminate/Foundation/Application.php(1235): Illuminate\\Foundation\\Console\\Kernel->handle(Object(Symfony\\Component\\Console\\Input\\ArgvInput), Object(Symfony\\Component\\Console\\Output\\ConsoleOutput))
#5 /var/www/artisan(13): Illuminate\\Foundation\\Application->handleCommand(Object(Symfony\\Component\\Console\\Input\\ArgvInput))
#6 {main}
"} 
[2026-06-06 09:16:50] local.ERROR: Unable to detect application namespace. {"exception":"[object] (RuntimeException(code: 0): Unable to detect application namespace. at /var/www/vendor/laravel/framework/src/Illuminate/Foundation/Application.php:1717)
[stacktrace]
#0 /var/www/vendor/laravel/framework/src/Illuminate/Foundation/Console/Kernel.php(368): Illuminate\\Foundation\\Application->getNamespace()
#1 /var/www/vendor/laravel/framework/src/Illuminate/Foundation/Console/Kernel.php(498): Illuminate\\Foundation\\Console\\Kernel->load(Array)
#2 /var/www/vendor/laravel/framework/src/Illuminate/Foundation/Console/Kernel.php(483): Illuminate\\Foundation\\Console\\Kernel->discoverCommands()
#3 /var/www/vendor/laravel/framework/src/Illuminate/Foundation/Console/Kernel.php(196): Illuminate\\Foundation\\Console\\Kernel->bootstrap()
#4 /var/www/vendor/laravel/framework/src/Illuminate/Foundation/Application.php(1235): Illuminate\\Foundation\\Console\\Kernel->handle(Object(Symfony\\Component\\Console\\Input\\ArgvInput), Object(Symfony\\Component\\Console\\Output\\ConsoleOutput))
#5 /var/www/artisan(13): Illuminate\\Foundation\\Application->handleCommand(Object(Symfony\\Component\\Console\\Input\\ArgvInput))
#6 {main}
"} 
[2026-06-06 09:17:56] local.ERROR: Unable to detect application namespace. {"exception":"[object] (RuntimeException(code: 0): Unable to detect application namespace. at /var/www/vendor/laravel/framework/src/Illuminate/Foundation/Application.php:1717)
[stacktrace]
#0 /var/www/vendor/laravel/framework/src/Illuminate/Foundation/Console/Kernel.php(368): Illuminate\\Foundation\\Application->getNamespace()
#1 /var/www/vendor/laravel/framework/src/Illuminate/Foundation/Console/Kernel.php(498): Illuminate\\Foundation\\Console\\Kernel->load(Array)
#2 /var/www/vendor/laravel/framework/src/Illuminate/Foundation/Console/Kernel.php(483): Illuminate\\Foundation\\Console\\Kernel->discoverCommands()
#3 /var/www/vendor/laravel/framework/src/Illuminate/Foundation/Console/Kernel.php(196): Illuminate\\Foundation\\Console\\Kernel->bootstrap()
#4 /var/www/vendor/laravel/framework/src/Illuminate/Foundation/Application.php(1235): Illuminate\\Foundation\\Console\\Kernel->handle(Object(Symfony\\Component\\Console\\Input\\ArgvInput), Object(Symfony\\Component\\Console\\Output\\ConsoleOutput))
#5 /var/www/artisan(13): Illuminate\\Foundation\\Application->handleCommand(Object(Symfony\\Component\\Console\\Input\\ArgvInput))
#6 {main}
"} 
[2026-06-06 09:19:01] local.ERROR: Unable to detect application namespace. {"exception":"[object] (RuntimeException(code: 0): Unable to detect application namespace. at /var/www/vendor/laravel/framework/src/Illuminate/Foundation/Application.php:1717)
[stacktrace]
#0 /var/www/vendor/laravel/framework/src/Illuminate/Foundation/Console/Kernel.php(368): Illuminate\\Foundation\\Application->getNamespace()
#1 /var/www/vendor/laravel/framework/src/Illuminate/Foundation/Console/Kernel.php(498): Illuminate\\Foundation\\Console\\Kernel->load(Array)
#2 /var/www/vendor/laravel/framework/src/Illuminate/Foundation/Console/Kernel.php(483): Illuminate\\Foundation\\Console\\Kernel->discoverCommands()
#3 /var/www/vendor/laravel/framework/src/Illuminate/Foundation/Console/Kernel.php(196): Illuminate\\Foundation\\Console\\Kernel->bootstrap()
#4 /var/www/vendor/laravel/framework/src/Illuminate/Foundation/Application.php(1235): Illuminate\\Foundation\\Console\\Kernel->handle(Object(Symfony\\Component\\Console\\Input\\ArgvInput), Object(Symfony\\Component\\Console\\Output\\ConsoleOutput))
#5 /var/www/artisan(13): Illuminate\\Foundation\\Application->handleCommand(Object(Symfony\\Component\\Console\\Input\\ArgvInput))
#6 {main}
"} 
[2026-06-06 09:20:06] local.ERROR: Unable to detect application namespace. {"exception":"[object] (RuntimeException(code: 0): Unable to detect application namespace. at /var/www/vendor/laravel/framework/src/Illuminate/Foundation/Application.php:1717)
[stacktrace]
#0 /var/www/vendor/laravel/framework/src/Illuminate/Foundation/Console/Kernel.php(368): Illuminate\\Foundation\\Application->getNamespace()
#1 /var/www/vendor/laravel/framework/src/Illuminate/Foundation/Console/Kernel.php(498): Illuminate\\Foundation\\Console\\Kernel->load(Array)
#2 /var/www/vendor/laravel/framework/src/Illuminate/Foundation/Console/Kernel.php(483): Illuminate\\Foundation\\Console\\Kernel->discoverCommands()
#3 /var/www/vendor/laravel/framework/src/Illuminate/Foundation/Console/Kernel.php(196): Illuminate\\Foundation\\Console\\Kernel->bootstrap()
#4 /var/www/vendor/laravel/framework/src/Illuminate/Foundation/Application.php(1235): Illuminate\\Foundation\\Console\\Kernel->handle(Object(Symfony\\Component\\Console\\Input\\ArgvInput), Object(Symfony\\Component\\Console\\Output\\ConsoleOutput))
#5 /var/www/artisan(13): Illuminate\\Foundation\\Application->handleCommand(Object(Symfony\\Component\\Console\\Input\\ArgvInput))
#6 {main}
"} 
[2026-06-06 09:21:12] local.ERROR: Unable to detect application namespace. {"exception":"[object] (RuntimeException(code: 0): Unable to detect application namespace. at /var/www/vendor/laravel/framework/src/Illuminate/Foundation/Application.php:1717)
[stacktrace]
#0 /var/www/vendor/laravel/framework/src/Illuminate/Foundation/Console/Kernel.php(368): Illuminate\\Foundation\\Application->getNamespace()
#1 /var/www/vendor/laravel/framework/src/Illuminate/Foundation/Console/Kernel.php(498): Illuminate\\Foundation\\Console\\Kernel->load(Array)
#2 /var/www/vendor/laravel/framework/src/Illuminate/Foundation/Console/Kernel.php(483): Illuminate\\Foundation\\Console\\Kernel->discoverCommands()
#3 /var/www/vendor/laravel/framework/src/Illuminate/Foundation/Console/Kernel.php(196): Illuminate\\Foundation\\Console\\Kernel->bootstrap()
#4 /var/www/vendor/laravel/framework/src/Illuminate/Foundation/Application.php(1235): Illuminate\\Foundation\\Console\\Kernel->handle(Object(Symfony\\Component\\Console\\Input\\ArgvInput), Object(Symfony\\Component\\Console\\Output\\ConsoleOutput))
#5 /var/www/artisan(13): Illuminate\\Foundation\\Application->handleCommand(Object(Symfony\\Component\\Console\\Input\\ArgvInput))
#6 {main}
"} 
[2026-06-06 09:22:17] local.ERROR: Unable to detect application namespace. {"exception":"[object] (RuntimeException(code: 0): Unable to detect application namespace. at /var/www/vendor/laravel/framework/src/Illuminate/Foundation/Application.php:1717)
[stacktrace]
#0 /var/www/vendor/laravel/framework/src/Illuminate/Foundation/Console/Kernel.php(368): Illuminate\\Foundation\\Application->getNamespace()
#1 /var/www/vendor/laravel/framework/src/Illuminate/Foundation/Console/Kernel.php(498): Illuminate\\Foundation\\Console\\Kernel->load(Array)
#2 /var/www/vendor/laravel/framework/src/Illuminate/Foundation/Console/Kernel.php(483): Illuminate\\Foundation\\Console\\Kernel->discoverCommands()
#3 /var/www/vendor/laravel/framework/src/Illuminate/Foundation/Console/Kernel.php(196): Illuminate\\Foundation\\Console\\Kernel->bootstrap()
#4 /var/www/vendor/laravel/framework/src/Illuminate/Foundation/Application.php(1235): Illuminate\\Foundation\\Console\\Kernel->handle(Object(Symfony\\Component\\Console\\Input\\ArgvInput), Object(Symfony\\Component\\Console\\Output\\ConsoleOutput))
#5 /var/www/artisan(13): Illuminate\\Foundation\\Application->handleCommand(Object(Symfony\\Component\\Console\\Input\\ArgvInput))
#6 {main}
"} 
[2026-06-06 09:23:22] local.ERROR: Unable to detect application namespace. {"exception":"[object] (RuntimeException(code: 0): Unable to detect application namespace. at /var/www/vendor/laravel/framework/src/Illuminate/Foundation/Application.php:1717)
[stacktrace]
#0 /var/www/vendor/laravel/framework/src/Illuminate/Foundation/Console/Kernel.php(368): Illuminate\\Foundation\\Application->getNamespace()
#1 /var/www/vendor/laravel/framework/src/Illuminate/Foundation/Console/Kernel.php(498): Illuminate\\Foundation\\Console\\Kernel->load(Array)
#2 /var/www/vendor/laravel/framework/src/Illuminate/Foundation/Console/Kernel.php(483): Illuminate\\Foundation\\Console\\Kernel->discoverCommands()
#3 /var/www/vendor/laravel/framework/src/Illuminate/Foundation/Console/Kernel.php(196): Illuminate\\Foundation\\Console\\Kernel->bootstrap()
#4 /var/www/vendor/laravel/framework/src/Illuminate/Foundation/Application.php(1235): Illuminate\\Foundation\\Console\\Kernel->handle(Object(Symfony\\Component\\Console\\Input\\ArgvInput), Object(Symfony\\Component\\Console\\Output\\ConsoleOutput))
#5 /var/www/artisan(13): Illuminate\\Foundation\\Application->handleCommand(Object(Symfony\\Component\\Console\\Input\\ArgvInput))
#6 {main}
"} 
[2026-06-06 09:24:30] local.ERROR: Unable to detect application namespace. {"exception":"[object] (RuntimeException(code: 0): Unable to detect application namespace. at /var/www/vendor/laravel/framework/src/Illuminate/Foundation/Application.php:1717)
[stacktrace]
#0 /var/www/vendor/laravel/framework/src/Illuminate/Foundation/Console/Kernel.php(368): Illuminate\\Foundation\\Application->getNamespace()
#1 /var/www/vendor/laravel/framework/src/Illuminate/Foundation/Console/Kernel.php(498): Illuminate\\Foundation\\Console\\Kernel->load(Array)
#2 /var/www/vendor/laravel/framework/src/Illuminate/Foundation/Console/Kernel.php(483): Illuminate\\Foundation\\Console\\Kernel->discoverCommands()
#3 /var/www/vendor/laravel/framework/src/Illuminate/Foundation/Console/Kernel.php(196): Illuminate\\Foundation\\Console\\Kernel->bootstrap()
#4 /var/www/vendor/laravel/framework/src/Illuminate/Foundation/Application.php(1235): Illuminate\\Foundation\\Console\\Kernel->handle(Object(Symfony\\Component\\Console\\Input\\ArgvInput), Object(Symfony\\Component\\Console\\Output\\ConsoleOutput))
#5 /var/www/artisan(13): Illuminate\\Foundation\\Application->handleCommand(Object(Symfony\\Component\\Console\\Input\\ArgvInput))
#6 {main}
"} 
[2026-06-06 09:25:36] local.ERROR: Unable to detect application namespace. {"exception":"[object] (RuntimeException(code: 0): Unable to detect application namespace. at /var/www/vendor/laravel/framework/src/Illuminate/Foundation/Application.php:1717)
[stacktrace]
#0 /var/www/vendor/laravel/framework/src/Illuminate/Foundation/Console/Kernel.php(368): Illuminate\\Foundation\\Application->getNamespace()
#1 /var/www/vendor/laravel/framework/src/Illuminate/Foundation/Console/Kernel.php(498): Illuminate\\Foundation\\Console\\Kernel->load(Array)
#2 /var/www/vendor/laravel/framework/src/Illuminate/Foundation/Console/Kernel.php(483): Illuminate\\Foundation\\Console\\Kernel->discoverCommands()
#3 /var/www/vendor/laravel/framework/src/Illuminate/Foundation/Console/Kernel.php(196): Illuminate\\Foundation\\Console\\Kernel->bootstrap()
#4 /var/www/vendor/laravel/framework/src/Illuminate/Foundation/Application.php(1235): Illuminate\\Foundation\\Console\\Kernel->handle(Object(Symfony\\Component\\Console\\Input\\ArgvInput), Object(Symfony\\Component\\Console\\Output\\ConsoleOutput))
#5 /var/www/artisan(13): Illuminate\\Foundation\\Application->handleCommand(Object(Symfony\\Component\\Console\\Input\\ArgvInput))
#6 {main}
"} 
[2026-06-06 09:26:40] local.ERROR: Unable to detect application namespace. {"exception":"[object] (RuntimeException(code: 0): Unable to detect application namespace. at /var/www/vendor/laravel/framework/src/Illuminate/Foundation/Application.php:1717)
[stacktrace]
#0 /var/www/vendor/laravel/framework/src/Illuminate/Foundation/Console/Kernel.php(368): Illuminate\\Foundation\\Application->getNamespace()
#1 /var/www/vendor/laravel/framework/src/Illuminate/Foundation/Console/Kernel.php(498): Illuminate\\Foundation\\Console\\Kernel->load(Array)
#2 /var/www/vendor/laravel/framework/src/Illuminate/Foundation/Console/Kernel.php(483): Illuminate\\Foundation\\Console\\Kernel->discoverCommands()
#3 /var/www/vendor/laravel/framework/src/Illuminate/Foundation/Console/Kernel.php(196): Illuminate\\Foundation\\Console\\Kernel->bootstrap()
#4 /var/www/vendor/laravel/framework/src/Illuminate/Foundation/Application.php(1235): Illuminate\\Foundation\\Console\\Kernel->handle(Object(Symfony\\Component\\Console\\Input\\ArgvInput), Object(Symfony\\Component\\Console\\Output\\ConsoleOutput))
#5 /var/www/artisan(13): Illuminate\\Foundation\\Application->handleCommand(Object(Symfony\\Component\\Console\\Input\\ArgvInput))
#6 {main}
"} 
[2026-06-06 09:27:46] local.ERROR: Unable to detect application namespace. {"exception":"[object] (RuntimeException(code: 0): Unable to detect application namespace. at /var/www/vendor/laravel/framework/src/Illuminate/Foundation/Application.php:1717)
[stacktrace]
#0 /var/www/vendor/laravel/framework/src/Illuminate/Foundation/Console/Kernel.php(368): Illuminate\\Foundation\\Application->getNamespace()
#1 /var/www/vendor/laravel/framework/src/Illuminate/Foundation/Console/Kernel.php(498): Illuminate\\Foundation\\Console\\Kernel->load(Array)
#2 /var/www/vendor/laravel/framework/src/Illuminate/Foundation/Console/Kernel.php(483): Illuminate\\Foundation\\Console\\Kernel->discoverCommands()
#3 /var/www/vendor/laravel/framework/src/Illuminate/Foundation/Console/Kernel.php(196): Illuminate\\Foundation\\Console\\Kernel->bootstrap()
#4 /var/www/vendor/laravel/framework/src/Illuminate/Foundation/Application.php(1235): Illuminate\\Foundation\\Console\\Kernel->handle(Object(Symfony\\Component\\Console\\Input\\ArgvInput), Object(Symfony\\Component\\Console\\Output\\ConsoleOutput))
#5 /var/www/artisan(13): Illuminate\\Foundation\\Application->handleCommand(Object(Symfony\\Component\\Console\\Input\\ArgvInput))
#6 {main}
"} 
[2026-06-06 09:28:52] local.ERROR: Unable to detect application namespace. {"exception":"[object] (RuntimeException(code: 0): Unable to detect application namespace. at /var/www/vendor/laravel/framework/src/Illuminate/Foundation/Application.php:1717)
[stacktrace]
#0 /var/www/vendor/laravel/framework/src/Illuminate/Foundation/Console/Kernel.php(368): Illuminate\\Foundation\\Application->getNamespace()
#1 /var/www/vendor/laravel/framework/src/Illuminate/Foundation/Console/Kernel.php(498): Illuminate\\Foundation\\Console\\Kernel->load(Array)
#2 /var/www/vendor/laravel/framework/src/Illuminate/Foundation/Console/Kernel.php(483): Illuminate\\Foundation\\Console\\Kernel->discoverCommands()
#3 /var/www/vendor/laravel/framework/src/Illuminate/Foundation/Console/Kernel.php(196): Illuminate\\Foundation\\Console\\Kernel->bootstrap()
#4 /var/www/vendor/laravel/framework/src/Illuminate/Foundation/Application.php(1235): Illuminate\\Foundation\\Console\\Kernel->handle(Object(Symfony\\Component\\Console\\Input\\ArgvInput), Object(Symfony\\Component\\Console\\Output\\ConsoleOutput))
#5 /var/www/artisan(13): Illuminate\\Foundation\\Application->handleCommand(Object(Symfony\\Component\\Console\\Input\\ArgvInput))
#6 {main}
"} 
[2026-06-06 09:29:57] local.ERROR: Unable to detect application namespace. {"exception":"[object] (RuntimeException(code: 0): Unable to detect application namespace. at /var/www/vendor/laravel/framework/src/Illuminate/Foundation/Application.php:1717)
[stacktrace]
#0 /var/www/vendor/laravel/framework/src/Illuminate/Foundation/Console/Kernel.php(368): Illuminate\\Foundation\\Application->getNamespace()
#1 /var/www/vendor/laravel/framework/src/Illuminate/Foundation/Console/Kernel.php(498): Illuminate\\Foundation\\Console\\Kernel->load(Array)
#2 /var/www/vendor/laravel/framework/src/Illuminate/Foundation/Console/Kernel.php(483): Illuminate\\Foundation\\Console\\Kernel->discoverCommands()
#3 /var/www/vendor/laravel/framework/src/Illuminate/Foundation/Console/Kernel.php(196): Illuminate\\Foundation\\Console\\Kernel->bootstrap()
#4 /var/www/vendor/laravel/framework/src/Illuminate/Foundation/Application.php(1235): Illuminate\\Foundation\\Console\\Kernel->handle(Object(Symfony\\Component\\Console\\Input\\ArgvInput), Object(Symfony\\Component\\Console\\Output\\ConsoleOutput))
#5 /var/www/artisan(13): Illuminate\\Foundation\\Application->handleCommand(Object(Symfony\\Component\\Console\\Input\\ArgvInput))
#6 {main}
"} 
[2026-06-06 09:31:01] local.ERROR: Unable to detect application namespace. {"exception":"[object] (RuntimeException(code: 0): Unable to detect application namespace. at /var/www/vendor/laravel/framework/src/Illuminate/Foundation/Application.php:1717)
[stacktrace]
#0 /var/www/vendor/laravel/framework/src/Illuminate/Foundation/Console/Kernel.php(368): Illuminate\\Foundation\\Application->getNamespace()
#1 /var/www/vendor/laravel/framework/src/Illuminate/Foundation/Console/Kernel.php(498): Illuminate\\Foundation\\Console\\Kernel->load(Array)
#2 /var/www/vendor/laravel/framework/src/Illuminate/Foundation/Console/Kernel.php(483): Illuminate\\Foundation\\Console\\Kernel->discoverCommands()
#3 /var/www/vendor/laravel/framework/src/Illuminate/Foundation/Console/Kernel.php(196): Illuminate\\Foundation\\Console\\Kernel->bootstrap()
#4 /var/www/vendor/laravel/framework/src/Illuminate/Foundation/Application.php(1235): Illuminate\\Foundation\\Console\\Kernel->handle(Object(Symfony\\Component\\Console\\Input\\ArgvInput), Object(Symfony\\Component\\Console\\Output\\ConsoleOutput))
#5 /var/www/artisan(13): Illuminate\\Foundation\\Application->handleCommand(Object(Symfony\\Component\\Console\\Input\\ArgvInput))
#6 {main}
"} 
[2026-06-06 09:32:06] local.ERROR: Unable to detect application namespace. {"exception":"[object] (RuntimeException(code: 0): Unable to detect application namespace. at /var/www/vendor/laravel/framework/src/Illuminate/Foundation/Application.php:1717)
[stacktrace]
#0 /var/www/vendor/laravel/framework/src/Illuminate/Foundation/Console/Kernel.php(368): Illuminate\\Foundation\\Application->getNamespace()
#1 /var/www/vendor/laravel/framework/src/Illuminate/Foundation/Console/Kernel.php(498): Illuminate\\Foundation\\Console\\Kernel->load(Array)
#2 /var/www/vendor/laravel/framework/src/Illuminate/Foundation/Console/Kernel.php(483): Illuminate\\Foundation\\Console\\Kernel->discoverCommands()
#3 /var/www/vendor/laravel/framework/src/Illuminate/Foundation/Console/Kernel.php(196): Illuminate\\Foundation\\Console\\Kernel->bootstrap()
#4 /var/www/vendor/laravel/framework/src/Illuminate/Foundation/Application.php(1235): Illuminate\\Foundation\\Console\\Kernel->handle(Object(Symfony\\Component\\Console\\Input\\ArgvInput), Object(Symfony\\Component\\Console\\Output\\ConsoleOutput))
#5 /var/www/artisan(13): Illuminate\\Foundation\\Application->handleCommand(Object(Symfony\\Component\\Console\\Input\\ArgvInput))
#6 {main}
"} 
[2026-06-06 09:33:10] local.ERROR: Unable to detect application namespace. {"exception":"[object] (RuntimeException(code: 0): Unable to detect application namespace. at /var/www/vendor/laravel/framework/src/Illuminate/Foundation/Application.php:1717)
[stacktrace]
#0 /var/www/vendor/laravel/framework/src/Illuminate/Foundation/Console/Kernel.php(368): Illuminate\\Foundation\\Application->getNamespace()
#1 /var/www/vendor/laravel/framework/src/Illuminate/Foundation/Console/Kernel.php(498): Illuminate\\Foundation\\Console\\Kernel->load(Array)
#2 /var/www/vendor/laravel/framework/src/Illuminate/Foundation/Console/Kernel.php(483): Illuminate\\Foundation\\Console\\Kernel->discoverCommands()
#3 /var/www/vendor/laravel/framework/src/Illuminate/Foundation/Console/Kernel.php(196): Illuminate\\Foundation\\Console\\Kernel->bootstrap()
#4 /var/www/vendor/laravel/framework/src/Illuminate/Foundation/Application.php(1235): Illuminate\\Foundation\\Console\\Kernel->handle(Object(Symfony\\Component\\Console\\Input\\ArgvInput), Object(Symfony\\Component\\Console\\Output\\ConsoleOutput))
#5 /var/www/artisan(13): Illuminate\\Foundation\\Application->handleCommand(Object(Symfony\\Component\\Console\\Input\\ArgvInput))
#6 {main}
"} 
[2026-06-06 09:34:15] local.ERROR: Unable to detect application namespace. {"exception":"[object] (RuntimeException(code: 0): Unable to detect application namespace. at /var/www/vendor/laravel/framework/src/Illuminate/Foundation/Application.php:1717)
[stacktrace]
#0 /var/www/vendor/laravel/framework/src/Illuminate/Foundation/Console/Kernel.php(368): Illuminate\\Foundation\\Application->getNamespace()
#1 /var/www/vendor/laravel/framework/src/Illuminate/Foundation/Console/Kernel.php(498): Illuminate\\Foundation\\Console\\Kernel->load(Array)
#2 /var/www/vendor/laravel/framework/src/Illuminate/Foundation/Console/Kernel.php(483): Illuminate\\Foundation\\Console\\Kernel->discoverCommands()
#3 /var/www/vendor/laravel/framework/src/Illuminate/Foundation/Console/Kernel.php(196): Illuminate\\Foundation\\Console\\Kernel->bootstrap()
#4 /var/www/vendor/laravel/framework/src/Illuminate/Foundation/Application.php(1235): Illuminate\\Foundation\\Console\\Kernel->handle(Object(Symfony\\Component\\Console\\Input\\ArgvInput), Object(Symfony\\Component\\Console\\Output\\ConsoleOutput))
#5 /var/www/artisan(13): Illuminate\\Foundation\\Application->handleCommand(Object(Symfony\\Component\\Console\\Input\\ArgvInput))
#6 {main}
"} 
[2026-06-06 09:35:19] local.ERROR: Unable to detect application namespace. {"exception":"[object] (RuntimeException(code: 0): Unable to detect application namespace. at /var/www/vendor/laravel/framework/src/Illuminate/Foundation/Application.php:1717)
[stacktrace]
#0 /var/www/vendor/laravel/framework/src/Illuminate/Foundation/Console/Kernel.php(368): Illuminate\\Foundation\\Application->getNamespace()
#1 /var/www/vendor/laravel/framework/src/Illuminate/Foundation/Console/Kernel.php(498): Illuminate\\Foundation\\Console\\Kernel->load(Array)
#2 /var/www/vendor/laravel/framework/src/Illuminate/Foundation/Console/Kernel.php(483): Illuminate\\Foundation\\Console\\Kernel->discoverCommands()
#3 /var/www/vendor/laravel/framework/src/Illuminate/Foundation/Console/Kernel.php(196): Illuminate\\Foundation\\Console\\Kernel->bootstrap()
#4 /var/www/vendor/laravel/framework/src/Illuminate/Foundation/Application.php(1235): Illuminate\\Foundation\\Console\\Kernel->handle(Object(Symfony\\Component\\Console\\Input\\ArgvInput), Object(Symfony\\Component\\Console\\Output\\ConsoleOutput))
#5 /var/www/artisan(13): Illuminate\\Foundation\\Application->handleCommand(Object(Symfony\\Component\\Console\\Input\\ArgvInput))
#6 {main}
"} 
[2026-06-06 09:36:23] local.ERROR: Unable to detect application namespace. {"exception":"[object] (RuntimeException(code: 0): Unable to detect application namespace. at /var/www/vendor/laravel/framework/src/Illuminate/Foundation/Application.php:1717)
[stacktrace]
#0 /var/www/vendor/laravel/framework/src/Illuminate/Foundation/Console/Kernel.php(368): Illuminate\\Foundation\\Application->getNamespace()
#1 /var/www/vendor/laravel/framework/src/Illuminate/Foundation/Console/Kernel.php(498): Illuminate\\Foundation\\Console\\Kernel->load(Array)
#2 /var/www/vendor/laravel/framework/src/Illuminate/Foundation/Console/Kernel.php(483): Illuminate\\Foundation\\Console\\Kernel->discoverCommands()
#3 /var/www/vendor/laravel/framework/src/Illuminate/Foundation/Console/Kernel.php(196): Illuminate\\Foundation\\Console\\Kernel->bootstrap()
#4 /var/www/vendor/laravel/framework/src/Illuminate/Foundation/Application.php(1235): Illuminate\\Foundation\\Console\\Kernel->handle(Object(Symfony\\Component\\Console\\Input\\ArgvInput), Object(Symfony\\Component\\Console\\Output\\ConsoleOutput))
#5 /var/www/artisan(13): Illuminate\\Foundation\\Application->handleCommand(Object(Symfony\\Component\\Console\\Input\\ArgvInput))
#6 {main}
"} 
[2026-06-06 09:37:29] local.ERROR: Unable to detect application namespace. {"exception":"[object] (RuntimeException(code: 0): Unable to detect application namespace. at /var/www/vendor/laravel/framework/src/Illuminate/Foundation/Application.php:1717)
[stacktrace]
#0 /var/www/vendor/laravel/framework/src/Illuminate/Foundation/Console/Kernel.php(368): Illuminate\\Foundation\\Application->getNamespace()
#1 /var/www/vendor/laravel/framework/src/Illuminate/Foundation/Console/Kernel.php(498): Illuminate\\Foundation\\Console\\Kernel->load(Array)
#2 /var/www/vendor/laravel/framework/src/Illuminate/Foundation/Console/Kernel.php(483): Illuminate\\Foundation\\Console\\Kernel->discoverCommands()
#3 /var/www/vendor/laravel/framework/src/Illuminate/Foundation/Console/Kernel.php(196): Illuminate\\Foundation\\Console\\Kernel->bootstrap()
#4 /var/www/vendor/laravel/framework/src/Illuminate/Foundation/Application.php(1235): Illuminate\\Foundation\\Console\\Kernel->handle(Object(Symfony\\Component\\Console\\Input\\ArgvInput), Object(Symfony\\Component\\Console\\Output\\ConsoleOutput))
#5 /var/www/artisan(13): Illuminate\\Foundation\\Application->handleCommand(Object(Symfony\\Component\\Console\\Input\\ArgvInput))
#6 {main}
"} 
[2026-06-06 09:38:36] local.ERROR: Unable to detect application namespace. {"exception":"[object] (RuntimeException(code: 0): Unable to detect application namespace. at /var/www/vendor/laravel/framework/src/Illuminate/Foundation/Application.php:1717)
[stacktrace]
#0 /var/www/vendor/laravel/framework/src/Illuminate/Foundation/Console/Kernel.php(368): Illuminate\\Foundation\\Application->getNamespace()
#1 /var/www/vendor/laravel/framework/src/Illuminate/Foundation/Console/Kernel.php(498): Illuminate\\Foundation\\Console\\Kernel->load(Array)
#2 /var/www/vendor/laravel/framework/src/Illuminate/Foundation/Console/Kernel.php(483): Illuminate\\Foundation\\Console\\Kernel->discoverCommands()
#3 /var/www/vendor/laravel/framework/src/Illuminate/Foundation/Console/Kernel.php(196): Illuminate\\Foundation\\Console\\Kernel->bootstrap()
#4 /var/www/vendor/laravel/framework/src/Illuminate/Foundation/Application.php(1235): Illuminate\\Foundation\\Console\\Kernel->handle(Object(Symfony\\Component\\Console\\Input\\ArgvInput), Object(Symfony\\Component\\Console\\Output\\ConsoleOutput))
#5 /var/www/artisan(13): Illuminate\\Foundation\\Application->handleCommand(Object(Symfony\\Component\\Console\\Input\\ArgvInput))
#6 {main}
"} 
[2026-06-06 09:39:40] local.ERROR: Unable to detect application namespace. {"exception":"[object] (RuntimeException(code: 0): Unable to detect application namespace. at /var/www/vendor/laravel/framework/src/Illuminate/Foundation/Application.php:1717)
[stacktrace]
#0 /var/www/vendor/laravel/framework/src/Illuminate/Foundation/Console/Kernel.php(368): Illuminate\\Foundation\\Application->getNamespace()
#1 /var/www/vendor/laravel/framework/src/Illuminate/Foundation/Console/Kernel.php(498): Illuminate\\Foundation\\Console\\Kernel->load(Array)
#2 /var/www/vendor/laravel/framework/src/Illuminate/Foundation/Console/Kernel.php(483): Illuminate\\Foundation\\Console\\Kernel->discoverCommands()
#3 /var/www/vendor/laravel/framework/src/Illuminate/Foundation/Console/Kernel.php(196): Illuminate\\Foundation\\Console\\Kernel->bootstrap()
#4 /var/www/vendor/laravel/framework/src/Illuminate/Foundation/Application.php(1235): Illuminate\\Foundation\\Console\\Kernel->handle(Object(Symfony\\Component\\Console\\Input\\ArgvInput), Object(Symfony\\Component\\Console\\Output\\ConsoleOutput))
#5 /var/www/artisan(13): Illuminate\\Foundation\\Application->handleCommand(Object(Symfony\\Component\\Console\\Input\\ArgvInput))
#6 {main}
"} 
[2026-06-06 09:40:44] local.ERROR: Unable to detect application namespace. {"exception":"[object] (RuntimeException(code: 0): Unable to detect application namespace. at /var/www/vendor/laravel/framework/src/Illuminate/Foundation/Application.php:1717)
[stacktrace]
#0 /var/www/vendor/laravel/framework/src/Illuminate/Foundation/Console/Kernel.php(368): Illuminate\\Foundation\\Application->getNamespace()
#1 /var/www/vendor/laravel/framework/src/Illuminate/Foundation/Console/Kernel.php(498): Illuminate\\Foundation\\Console\\Kernel->load(Array)
#2 /var/www/vendor/laravel/framework/src/Illuminate/Foundation/Console/Kernel.php(483): Illuminate\\Foundation\\Console\\Kernel->discoverCommands()
#3 /var/www/vendor/laravel/framework/src/Illuminate/Foundation/Console/Kernel.php(196): Illuminate\\Foundation\\Console\\Kernel->bootstrap()
#4 /var/www/vendor/laravel/framework/src/Illuminate/Foundation/Application.php(1235): Illuminate\\Foundation\\Console\\Kernel->handle(Object(Symfony\\Component\\Console\\Input\\ArgvInput), Object(Symfony\\Component\\Console\\Output\\ConsoleOutput))
#5 /var/www/artisan(13): Illuminate\\Foundation\\Application->handleCommand(Object(Symfony\\Component\\Console\\Input\\ArgvInput))
#6 {main}
"} 
[2026-06-06 09:41:48] local.ERROR: Unable to detect application namespace. {"exception":"[object] (RuntimeException(code: 0): Unable to detect application namespace. at /var/www/vendor/laravel/framework/src/Illuminate/Foundation/Application.php:1717)
[stacktrace]
#0 /var/www/vendor/laravel/framework/src/Illuminate/Foundation/Console/Kernel.php(368): Illuminate\\Foundation\\Application->getNamespace()
#1 /var/www/vendor/laravel/framework/src/Illuminate/Foundation/Console/Kernel.php(498): Illuminate\\Foundation\\Console\\Kernel->load(Array)
#2 /var/www/vendor/laravel/framework/src/Illuminate/Foundation/Console/Kernel.php(483): Illuminate\\Foundation\\Console\\Kernel->discoverCommands()
#3 /var/www/vendor/laravel/framework/src/Illuminate/Foundation/Console/Kernel.php(196): Illuminate\\Foundation\\Console\\Kernel->bootstrap()
#4 /var/www/vendor/laravel/framework/src/Illuminate/Foundation/Application.php(1235): Illuminate\\Foundation\\Console\\Kernel->handle(Object(Symfony\\Component\\Console\\Input\\ArgvInput), Object(Symfony\\Component\\Console\\Output\\ConsoleOutput))
#5 /var/www/artisan(13): Illuminate\\Foundation\\Application->handleCommand(Object(Symfony\\Component\\Console\\Input\\ArgvInput))
#6 {main}
"} 
[2026-06-06 09:42:54] local.ERROR: Unable to detect application namespace. {"exception":"[object] (RuntimeException(code: 0): Unable to detect application namespace. at /var/www/vendor/laravel/framework/src/Illuminate/Foundation/Application.php:1717)
[stacktrace]
#0 /var/www/vendor/laravel/framework/src/Illuminate/Foundation/Console/Kernel.php(368): Illuminate\\Foundation\\Application->getNamespace()
#1 /var/www/vendor/laravel/framework/src/Illuminate/Foundation/Console/Kernel.php(498): Illuminate\\Foundation\\Console\\Kernel->load(Array)
#2 /var/www/vendor/laravel/framework/src/Illuminate/Foundation/Console/Kernel.php(483): Illuminate\\Foundation\\Console\\Kernel->discoverCommands()
#3 /var/www/vendor/laravel/framework/src/Illuminate/Foundation/Console/Kernel.php(196): Illuminate\\Foundation\\Console\\Kernel->bootstrap()
#4 /var/www/vendor/laravel/framework/src/Illuminate/Foundation/Application.php(1235): Illuminate\\Foundation\\Console\\Kernel->handle(Object(Symfony\\Component\\Console\\Input\\ArgvInput), Object(Symfony\\Component\\Console\\Output\\ConsoleOutput))
#5 /var/www/artisan(13): Illuminate\\Foundation\\Application->handleCommand(Object(Symfony\\Component\\Console\\Input\\ArgvInput))
#6 {main}
"} 
[2026-06-06 09:43:58] local.ERROR: Unable to detect application namespace. {"exception":"[object] (RuntimeException(code: 0): Unable to detect application namespace. at /var/www/vendor/laravel/framework/src/Illuminate/Foundation/Application.php:1717)
[stacktrace]
#0 /var/www/vendor/laravel/framework/src/Illuminate/Foundation/Console/Kernel.php(368): Illuminate\\Foundation\\Application->getNamespace()
#1 /var/www/vendor/laravel/framework/src/Illuminate/Foundation/Console/Kernel.php(498): Illuminate\\Foundation\\Console\\Kernel->load(Array)
#2 /var/www/vendor/laravel/framework/src/Illuminate/Foundation/Console/Kernel.php(483): Illuminate\\Foundation\\Console\\Kernel->discoverCommands()
#3 /var/www/vendor/laravel/framework/src/Illuminate/Foundation/Console/Kernel.php(196): Illuminate\\Foundation\\Console\\Kernel->bootstrap()
#4 /var/www/vendor/laravel/framework/src/Illuminate/Foundation/Application.php(1235): Illuminate\\Foundation\\Console\\Kernel->handle(Object(Symfony\\Component\\Console\\Input\\ArgvInput), Object(Symfony\\Component\\Console\\Output\\ConsoleOutput))
#5 /var/www/artisan(13): Illuminate\\Foundation\\Application->handleCommand(Object(Symfony\\Component\\Console\\Input\\ArgvInput))
#6 {main}
"} 
[2026-06-06 09:45:02] local.ERROR: Unable to detect application namespace. {"exception":"[object] (RuntimeException(code: 0): Unable to detect application namespace. at /var/www/vendor/laravel/framework/src/Illuminate/Foundation/Application.php:1717)
[stacktrace]
#0 /var/www/vendor/laravel/framework/src/Illuminate/Foundation/Console/Kernel.php(368): Illuminate\\Foundation\\Application->getNamespace()
#1 /var/www/vendor/laravel/framework/src/Illuminate/Foundation/Console/Kernel.php(498): Illuminate\\Foundation\\Console\\Kernel->load(Array)
#2 /var/www/vendor/laravel/framework/src/Illuminate/Foundation/Console/Kernel.php(483): Illuminate\\Foundation\\Console\\Kernel->discoverCommands()
#3 /var/www/vendor/laravel/framework/src/Illuminate/Foundation/Console/Kernel.php(196): Illuminate\\Foundation\\Console\\Kernel->bootstrap()
#4 /var/www/vendor/laravel/framework/src/Illuminate/Foundation/Application.php(1235): Illuminate\\Foundation\\Console\\Kernel->handle(Object(Symfony\\Component\\Console\\Input\\ArgvInput), Object(Symfony\\Component\\Console\\Output\\ConsoleOutput))
#5 /var/www/artisan(13): Illuminate\\Foundation\\Application->handleCommand(Object(Symfony\\Component\\Console\\Input\\ArgvInput))
#6 {main}
"} 
